topic,category,method,file,agent,item,raw_score,score
abortion,Health_Medicine,free_debate,01_free_debate_20260916_022003_908610.json,AG1,1,5.0,5.0
abortion,Health_Medicine,free_debate,01_free_debate_20260916_022003_908610.json,AG1,2,3.0,3.0
abortion,Health_Medicine,free_debate,01_free_debate_20260916_022003_908610.json,AG1,3,2.0,2.0
abortion,Health_Medicine,free_debate,01_free_debate_20260916_022003_908610.json,AG1,4,5.0,5.0
abortion,Health_Medicine,free_debate,01_free_debate_20260916_022003_908610.json,AG1,5,2.0,2.0
abortion,Health_Medicine,free_debate,01_free_debate_20260916_022003_908610.json,AG1,6,4.0,4.0
abortion,Health_Medicine,free_debate,01_free_debate_20260916_022003_908610.json,AG1,7,5.0,5.0
abortion,Health_Medicine,free_debate,01_free_debate_20260916_022003_908610.json,AG1,8,4.0,4.0
abortion,Health_Medicine,free_debate,01_free_debate_20260916_022003_908610.json,AG1,9,2.0,2.0
abortion,Health_Medicine,free_debate,01_free_debate_20260916_022003_908610.json,AG1,10,3.0,3.0
abortion,Health_Medicine,free_debate,01_free_debate_20260916_022003_908610.json,AG1,11,3.0,3.0
abortion,Health_Medicine,free_debate,01_free_debate_20260916_022003_908610.json,AG1,12,2.0,2.0
abortion,Health_Medicine,free_debate,01_free_debate_20260916_022003_908610.json,AG1,13,2.0,2.0
abortion,Health_Medicine,free_debate,01_free_debate_20260916_022003_908610.json,AG1,14,2.0,2.0
abortion,Health_Medicine,free_debate,01_free_debate_20260916_022003_908610.json,AG1,15,2.0,2.0
abortion,Health_Medicine,free_debate,01_free_debate_20260916_022003_908610.json,AG1,16,2.0,2.0
abortion,Health_Medicine,free_debate,01_free_debate_20260916_022003_908610.json,AG2,1,3.0,3.0
abortion,Health_Medicine,free_debate,01_free_debate_20260916_022003_908610.json,AG2,2,2.0,2.0
abortion,Health_Medicine,free_debate,01_free_debate_20260916_022003_908610.json,AG2,3,4.0,4.0
abortion,Health_Medicine,free_debate,01_free_debate_20260916_022003_908610.json,AG2,4,3.0,3.0
abortion,Health_Medicine,free_debate,01_free_debate_20260916_022003_908610.json,AG2,5,3.0,3.0
abortion,Health_Medicine,free_debate,01_free_debate_20260916_022003_908610.json,AG2,6,3.0,3.0
abortion,Health_Medicine,free_debate,01_free_debate_20260916_022003_908610.json,AG2,7,5.0,5.0
abortion,Health_Medicine,free_debate,01_free_debate_20260916_022003_908610.json,AG2,8,3.0,3.0
abortion,Health_Medicine,free_debate,01_free_debate_20260916_022003_908610.json,AG2,9,2.0,2.0
abortion,Health_Medicine,free_debate,01_free_debate_20260916_022003_908610.json,AG2,10,2.0,2.0
abortion,Health_Medicine,free_debate,01_free_debate_20260916_022003_908610.json,AG2,11,2.0,2.0
abortion,Health_Medicine,free_debate,01_free_debate_20260916_022003_908610.json,AG2,12,2.0,2.0
abortion,Health_Medicine,free_debate,01_free_debate_20260916_022003_908610.json,AG2,13,3.0,3.0
abortion,Health_Medicine,free_debate,01_free_debate_20260916_022003_908610.json,AG2,14,2.0,2.0
abortion,Health_Medicine,free_debate,01_free_debate_20260916_022003_908610.json,AG2,15,2.0,2.0
abortion,Health_Medicine,free_debate,01_free_debate_20260916_022003_908610.json,AG2,16,2.0,2.0
abortion,Health_Medicine,mad,01_mad_20260916_021955_875113.json,AG1,1,2.0,2.0
abortion,Health_Medicine,mad,01_mad_20260916_021955_875113.json,AG1,2,6.0,6.0
abortion,Health_Medicine,mad,01_mad_20260916_021955_875113.json,AG1,3,2.0,2.0
abortion,Health_Medicine,mad,01_mad_20260916_021955_875113.json,AG1,4,5.0,5.0
abortion,Health_Medicine,mad,01_mad_20260916_021955_875113.json,AG1,5,2.0,2.0
abortion,Health_Medicine,mad,01_mad_20260916_021955_875113.json,AG1,6,4.0,4.0
abortion,Health_Medicine,mad,01_mad_20260916_021955_875113.json,AG1,7,6.0,6.0
abortion,Health_Medicine,mad,01_mad_20260916_021955_875113.json,AG1,8,5.0,5.0
abortion,Health_Medicine,mad,01_mad_20260916_021955_875113.json,AG1,9,3.0,3.0
abortion,Health_Medicine,mad,01_mad_20260916_021955_875113.json,AG1,10,3.0,3.0
abortion,Health_Medicine,mad,01_mad_20260916_021955_875113.json,AG1,11,4.0,4.0
abortion,Health_Medicine,mad,01_mad_20260916_021955_875113.json,AG1,12,3.0,3.0
abortion,Health_Medicine,mad,01_mad_20260916_021955_875113.json,AG1,13,2.0,2.0
abortion,Health_Medicine,mad,01_mad_20260916_021955_875113.json,AG1,14,2.0,2.0
abortion,Health_Medicine,mad,01_mad_20260916_021955_875113.json,AG1,15,2.0,2.0
abortion,Health_Medicine,mad,01_mad_20260916_021955_875113.json,AG1,16,2.0,2.0
abortion,Health_Medicine,mad,01_mad_20260916_021955_875113.json,AG2,1,2.0,2.0
abortion,Health_Medicine,mad,01_mad_20260916_021955_875113.json,AG2,2,2.0,2.0
abortion,Health_Medicine,mad,01_mad_20260916_021955_875113.json,AG2,3,4.0,4.0
abortion,Health_Medicine,mad,01_mad_20260916_021955_875113.json,AG2,4,1.0,1.0
abortion,Health_Medicine,mad,01_mad_20260916_021955_875113.json,AG2,5,4.0,4.0
abortion,Health_Medicine,mad,01_mad_20260916_021955_875113.json,AG2,6,3.0,3.0
abortion,Health_Medicine,mad,01_mad_20260916_021955_875113.json,AG2,7,6.0,6.0
abortion,Health_Medicine,mad,01_mad_20260916_021955_875113.json,AG2,8,2.0,2.0
abortion,Health_Medicine,mad,01_mad_20260916_021955_875113.json,AG2,9,2.0,2.0
abortion,Health_Medicine,mad,01_mad_20260916_021955_875113.json,AG2,10,2.0,2.0
abortion,Health_Medicine,mad,01_mad_20260916_021955_875113.json,AG2,11,2.0,2.0
abortion,Health_Medicine,mad,01_mad_20260916_021955_875113.json,AG2,12,2.0,2.0
abortion,Health_Medicine,mad,01_mad_20260916_021955_875113.json,AG2,13,2.0,2.0
abortion,Health_Medicine,mad,01_mad_20260916_021955_875113.json,AG2,14,2.0,2.0
abortion,Health_Medicine,mad,01_mad_20260916_021955_875113.json,AG2,15,2.0,2.0
abortion,Health_Medicine,mad,01_mad_20260916_021955_875113.json,AG2,16,1.0,1.0
abortion,Health_Medicine,no_schema,01_no_schema_20260916_022030_385021.json,AG1,1,4.0,4.0
abortion,Health_Medicine,no_schema,01_no_schema_20260916_022030_385021.json,AG1,2,3.0,3.0
abortion,Health_Medicine,no_schema,01_no_schema_20260916_022030_385021.json,AG1,3,2.0,2.0
abortion,Health_Medicine,no_schema,01_no_schema_20260916_022030_385021.json,AG1,4,4.0,4.0
abortion,Health_Medicine,no_schema,01_no_schema_20260916_022030_385021.json,AG1,5,2.0,2.0
abortion,Health_Medicine,no_schema,01_no_schema_20260916_022030_385021.json,AG1,6,4.0,4.0
abortion,Health_Medicine,no_schema,01_no_schema_20260916_022030_385021.json,AG1,7,5.0,5.0
abortion,Health_Medicine,no_schema,01_no_schema_20260916_022030_385021.json,AG1,8,4.0,4.0
abortion,Health_Medicine,no_schema,01_no_schema_20260916_022030_385021.json,AG1,9,2.0,2.0
abortion,Health_Medicine,no_schema,01_no_schema_20260916_022030_385021.json,AG1,10,3.0,3.0
abortion,Health_Medicine,no_schema,01_no_schema_20260916_022030_385021.json,AG1,11,3.0,3.0
abortion,Health_Medicine,no_schema,01_no_schema_20260916_022030_385021.json,AG1,12,3.0,3.0
abortion,Health_Medicine,no_schema,01_no_schema_20260916_022030_385021.json,AG1,13,3.0,3.0
abortion,Health_Medicine,no_schema,01_no_schema_20260916_022030_385021.json,AG1,14,2.0,2.0
abortion,Health_Medicine,no_schema,01_no_schema_20260916_022030_385021.json,AG1,15,2.0,2.0
abortion,Health_Medicine,no_schema,01_no_schema_20260916_022030_385021.json,AG1,16,3.0,3.0
abortion,Health_Medicine,no_schema,01_no_schema_20260916_022030_385021.json,AG2,1,2.0,2.0
abortion,Health_Medicine,no_schema,01_no_schema_20260916_022030_385021.json,AG2,2,2.0,2.0
abortion,Health_Medicine,no_schema,01_no_schema_20260916_022030_385021.json,AG2,3,3.0,3.0
abortion,Health_Medicine,no_schema,01_no_schema_20260916_022030_385021.json,AG2,4,2.0,2.0
abortion,Health_Medicine,no_schema,01_no_schema_20260916_022030_385021.json,AG2,5,3.0,3.0
abortion,Health_Medicine,no_schema,01_no_schema_20260916_022030_385021.json,AG2,6,3.0,3.0
abortion,Health_Medicine,no_schema,01_no_schema_20260916_022030_385021.json,AG2,7,4.0,4.0
abortion,Health_Medicine,no_schema,01_no_schema_20260916_022030_385021.json,AG2,8,2.0,2.0
abortion,Health_Medicine,no_schema,01_no_schema_20260916_022030_385021.json,AG2,9,2.0,2.0
abortion,Health_Medicine,no_schema,01_no_schema_20260916_022030_385021.json,AG2,10,2.0,2.0
abortion,Health_Medicine,no_schema,01_no_schema_20260916_022030_385021.json,AG2,11,2.0,2.0
abortion,Health_Medicine,no_schema,01_no_schema_20260916_022030_385021.json,AG2,12,2.0,2.0
abortion,Health_Medicine,no_schema,01_no_schema_20260916_022030_385021.json,AG2,13,3.0,3.0
abortion,Health_Medicine,no_schema,01_no_schema_20260916_022030_385021.json,AG2,14,2.0,2.0
abortion,Health_Medicine,no_schema,01_no_schema_20260916_022030_385021.json,AG2,15,2.0,2.0
abortion,Health_Medicine,no_schema,01_no_schema_20260916_022030_385021.json,AG2,16,2.0,2.0
abortion,Health_Medicine,schema,01_schema_20260916_022244_710263.json,AG1,1,4.0,4.0
abortion,Health_Medicine,schema,01_schema_20260916_022244_710263.json,AG1,2,3.0,3.0
abortion,Health_Medicine,schema,01_schema_20260916_022244_710263.json,AG1,3,3.0,3.0
abortion,Health_Medicine,schema,01_schema_20260916_022244_710263.json,AG1,4,3.0,3.0
abortion,Health_Medicine,schema,01_schema_20260916_022244_710263.json,AG1,5,2.0,2.0
abortion,Health_Medicine,schema,01_schema_20260916_022244_710263.json,AG1,6,4.0,4.0
abortion,Health_Medicine,schema,01_schema_20260916_022244_710263.json,AG1,7,3.0,3.0
abortion,Health_Medicine,schema,01_schema_20260916_022244_710263.json,AG1,8,3.0,3.0
abortion,Health_Medicine,schema,01_schema_20260916_022244_710263.json,AG1,9,3.0,3.0
abortion,Health_Medicine,schema,01_schema_20260916_022244_710263.json,AG1,10,3.0,3.0
abortion,Health_Medicine,schema,01_schema_20260916_022244_710263.json,AG1,11,3.0,3.0
abortion,Health_Medicine,schema,01_schema_20260916_022244_710263.json,AG1,12,2.0,2.0
abortion,Health_Medicine,schema,01_schema_20260916_022244_710263.json,AG1,13,3.0,3.0
abortion,Health_Medicine,schema,01_schema_20260916_022244_710263.json,AG1,14,3.0,3.0
abortion,Health_Medicine,schema,01_schema_20260916_022244_710263.json,AG1,15,2.0,2.0
abortion,Health_Medicine,schema,01_schema_20260916_022244_710263.json,AG1,16,2.0,2.0
abortion,Health_Medicine,schema,01_schema_20260916_022244_710263.json,AG2,1,2.0,2.0
abortion,Health_Medicine,schema,01_schema_20260916_022244_710263.json,AG2,2,3.0,3.0
abortion,Health_Medicine,schema,01_schema_20260916_022244_710263.json,AG2,3,3.0,3.0
abortion,Health_Medicine,schema,01_schema_20260916_022244_710263.json,AG2,4,3.0,3.0
abortion,Health_Medicine,schema,01_schema_20260916_022244_710263.json,AG2,5,3.0,3.0
abortion,Health_Medicine,schema,01_schema_20260916_022244_710263.json,AG2,6,4.0,4.0
abortion,Health_Medicine,schema,01_schema_20260916_022244_710263.json,AG2,7,5.0,5.0
abortion,Health_Medicine,schema,01_schema_20260916_022244_710263.json,AG2,8,3.0,3.0
abortion,Health_Medicine,schema,01_schema_20260916_022244_710263.json,AG2,9,2.0,2.0
abortion,Health_Medicine,schema,01_schema_20260916_022244_710263.json,AG2,10,2.0,2.0
abortion,Health_Medicine,schema,01_schema_20260916_022244_710263.json,AG2,11,2.0,2.0
abortion,Health_Medicine,schema,01_schema_20260916_022244_710263.json,AG2,12,2.0,2.0
abortion,Health_Medicine,schema,01_schema_20260916_022244_710263.json,AG2,13,2.0,2.0
abortion,Health_Medicine,schema,01_schema_20260916_022244_710263.json,AG2,14,3.0,3.0
abortion,Health_Medicine,schema,01_schema_20260916_022244_710263.json,AG2,15,2.0,2.0
abortion,Health_Medicine,schema,01_schema_20260916_022244_710263.json,AG2,16,2.0,2.0
abortion,Health_Medicine,free_debate,02_free_debate_20260916_022107_558953.json,AG1,1,6.0,6.0
abortion,Health_Medicine,free_debate,02_free_debate_20260916_022107_558953.json,AG1,2,2.0,2.0
abortion,Health_Medicine,free_debate,02_free_debate_20260916_022107_558953.json,AG1,3,2.0,2.0
abortion,Health_Medicine,free_debate,02_free_debate_20260916_022107_558953.json,AG1,4,4.0,4.0
abortion,Health_Medicine,free_debate,02_free_debate_20260916_022107_558953.json,AG1,5,2.0,2.0
abortion,Health_Medicine,free_debate,02_free_debate_20260916_022107_558953.json,AG1,6,5.0,5.0
abortion,Health_Medicine,free_debate,02_free_debate_20260916_022107_558953.json,AG1,7,6.0,6.0
abortion,Health_Medicine,free_debate,02_free_debate_20260916_022107_558953.json,AG1,8,4.0,4.0
abortion,Health_Medicine,free_debate,02_free_debate_20260916_022107_558953.json,AG1,9,2.0,2.0
abortion,Health_Medicine,free_debate,02_free_debate_20260916_022107_558953.json,AG1,10,3.0,3.0
abortion,Health_Medicine,free_debate,02_free_debate_20260916_022107_558953.json,AG1,11,2.0,2.0
abortion,Health_Medicine,free_debate,02_free_debate_20260916_022107_558953.json,AG1,12,3.0,3.0
abortion,Health_Medicine,free_debate,02_free_debate_20260916_022107_558953.json,AG1,13,2.0,2.0
abortion,Health_Medicine,free_debate,02_free_debate_20260916_022107_558953.json,AG1,14,2.0,2.0
abortion,Health_Medicine,free_debate,02_free_debate_20260916_022107_558953.json,AG1,15,2.0,2.0
abortion,Health_Medicine,free_debate,02_free_debate_20260916_022107_558953.json,AG1,16,2.0,2.0
abortion,Health_Medicine,free_debate,02_free_debate_20260916_022107_558953.json,AG2,1,2.0,2.0
abortion,Health_Medicine,free_debate,02_free_debate_20260916_022107_558953.json,AG2,2,1.0,1.0
abortion,Health_Medicine,free_debate,02_free_debate_20260916_022107_558953.json,AG2,3,4.0,4.0
abortion,Health_Medicine,free_debate,02_free_debate_20260916_022107_558953.json,AG2,4,2.0,2.0
abortion,Health_Medicine,free_debate,02_free_debate_20260916_022107_558953.json,AG2,5,3.0,3.0
abortion,Health_Medicine,free_debate,02_free_debate_20260916_022107_558953.json,AG2,6,4.0,4.0
abortion,Health_Medicine,free_debate,02_free_debate_20260916_022107_558953.json,AG2,7,6.0,6.0
abortion,Health_Medicine,free_debate,02_free_debate_20260916_022107_558953.json,AG2,8,2.0,2.0
abortion,Health_Medicine,free_debate,02_free_debate_20260916_022107_558953.json,AG2,9,2.0,2.0
abortion,Health_Medicine,free_debate,02_free_debate_20260916_022107_558953.json,AG2,10,3.0,3.0
abortion,Health_Medicine,free_debate,02_free_debate_20260916_022107_558953.json,AG2,11,2.0,2.0
abortion,Health_Medicine,free_debate,02_free_debate_20260916_022107_558953.json,AG2,12,2.0,2.0
abortion,Health_Medicine,free_debate,02_free_debate_20260916_022107_558953.json,AG2,13,3.0,3.0
abortion,Health_Medicine,free_debate,02_free_debate_20260916_022107_558953.json,AG2,14,2.0,2.0
abortion,Health_Medicine,free_debate,02_free_debate_20260916_022107_558953.json,AG2,15,3.0,3.0
abortion,Health_Medicine,free_debate,02_free_debate_20260916_022107_558953.json,AG2,16,2.0,2.0
abortion,Health_Medicine,mad,02_mad_20260916_022054_509453.json,AG1,1,5.0,5.0
abortion,Health_Medicine,mad,02_mad_20260916_022054_509453.json,AG1,2,3.0,3.0
abortion,Health_Medicine,mad,02_mad_20260916_022054_509453.json,AG1,3,2.0,2.0
abortion,Health_Medicine,mad,02_mad_20260916_022054_509453.json,AG1,4,4.0,4.0
abortion,Health_Medicine,mad,02_mad_20260916_022054_509453.json,AG1,5,2.0,2.0
abortion,Health_Medicine,mad,02_mad_20260916_022054_509453.json,AG1,6,5.0,5.0
abortion,Health_Medicine,mad,02_mad_20260916_022054_509453.json,AG1,7,6.0,6.0
abortion,Health_Medicine,mad,02_mad_20260916_022054_509453.json,AG1,8,4.0,4.0
abortion,Health_Medicine,mad,02_mad_20260916_022054_509453.json,AG1,9,2.0,2.0
abortion,Health_Medicine,mad,02_mad_20260916_022054_509453.json,AG1,10,3.0,3.0
abortion,Health_Medicine,mad,02_mad_20260916_022054_509453.json,AG1,11,4.0,4.0
abortion,Health_Medicine,mad,02_mad_20260916_022054_509453.json,AG1,12,2.0,2.0
abortion,Health_Medicine,mad,02_mad_20260916_022054_509453.json,AG1,13,2.0,2.0
abortion,Health_Medicine,mad,02_mad_20260916_022054_509453.json,AG1,14,3.0,3.0
abortion,Health_Medicine,mad,02_mad_20260916_022054_509453.json,AG1,15,2.0,2.0
abortion,Health_Medicine,mad,02_mad_20260916_022054_509453.json,AG1,16,3.0,3.0
abortion,Health_Medicine,mad,02_mad_20260916_022054_509453.json,AG2,1,2.0,2.0
abortion,Health_Medicine,mad,02_mad_20260916_022054_509453.json,AG2,2,1.0,1.0
abortion,Health_Medicine,mad,02_mad_20260916_022054_509453.json,AG2,3,4.0,4.0
abortion,Health_Medicine,mad,02_mad_20260916_022054_509453.json,AG2,4,2.0,2.0
abortion,Health_Medicine,mad,02_mad_20260916_022054_509453.json,AG2,5,2.0,2.0
abortion,Health_Medicine,mad,02_mad_20260916_022054_509453.json,AG2,6,3.0,3.0
abortion,Health_Medicine,mad,02_mad_20260916_022054_509453.json,AG2,7,5.0,5.0
abortion,Health_Medicine,mad,02_mad_20260916_022054_509453.json,AG2,8,2.0,2.0
abortion,Health_Medicine,mad,02_mad_20260916_022054_509453.json,AG2,9,2.0,2.0
abortion,Health_Medicine,mad,02_mad_20260916_022054_509453.json,AG2,10,3.0,3.0
abortion,Health_Medicine,mad,02_mad_20260916_022054_509453.json,AG2,11,2.0,2.0
abortion,Health_Medicine,mad,02_mad_20260916_022054_509453.json,AG2,12,2.0,2.0
abortion,Health_Medicine,mad,02_mad_20260916_022054_509453.json,AG2,13,2.0,2.0
abortion,Health_Medicine,mad,02_mad_20260916_022054_509453.json,AG2,14,2.0,2.0
abortion,Health_Medicine,mad,02_mad_20260916_022054_509453.json,AG2,15,2.0,2.0
abortion,Health_Medicine,mad,02_mad_20260916_022054_509453.json,AG2,16,3.0,3.0
abortion,Health_Medicine,no_schema,02_no_schema_20260916_022111_043342.json,AG1,1,5.0,5.0
abortion,Health_Medicine,no_schema,02_no_schema_20260916_022111_043342.json,AG1,2,4.0,4.0
abortion,Health_Medicine,no_schema,02_no_schema_20260916_022111_043342.json,AG1,3,2.0,2.0
abortion,Health_Medicine,no_schema,02_no_schema_20260916_022111_043342.json,AG1,4,4.0,4.0
abortion,Health_Medicine,no_schema,02_no_schema_20260916_022111_043342.json,AG1,5,2.0,2.0
abortion,Health_Medicine,no_schema,02_no_schema_20260916_022111_043342.json,AG1,6,6.0,6.0
abortion,Health_Medicine,no_schema,02_no_schema_20260916_022111_043342.json,AG1,7,5.0,5.0
abortion,Health_Medicine,no_schema,02_no_schema_20260916_022111_043342.json,AG1,8,4.0,4.0
abortion,Health_Medicine,no_schema,02_no_schema_20260916_022111_043342.json,AG1,9,2.0,2.0
abortion,Health_Medicine,no_schema,02_no_schema_20260916_022111_043342.json,AG1,10,3.0,3.0
abortion,Health_Medicine,no_schema,02_no_schema_20260916_022111_043342.json,AG1,11,3.0,3.0
abortion,Health_Medicine,no_schema,02_no_schema_20260916_022111_043342.json,AG1,12,2.0,2.0
abortion,Health_Medicine,no_schema,02_no_schema_20260916_022111_043342.json,AG1,13,3.0,3.0
abortion,Health_Medicine,no_schema,02_no_schema_20260916_022111_043342.json,AG1,14,3.0,3.0
abortion,Health_Medicine,no_schema,02_no_schema_20260916_022111_043342.json,AG1,15,2.0,2.0
abortion,Health_Medicine,no_schema,02_no_schema_20260916_022111_043342.json,AG1,16,3.0,3.0
abortion,Health_Medicine,no_schema,02_no_schema_20260916_022111_043342.json,AG2,1,2.0,2.0
abortion,Health_Medicine,no_schema,02_no_schema_20260916_022111_043342.json,AG2,2,2.0,2.0
abortion,Health_Medicine,no_schema,02_no_schema_20260916_022111_043342.json,AG2,3,3.0,3.0
abortion,Health_Medicine,no_schema,02_no_schema_20260916_022111_043342.json,AG2,4,2.0,2.0
abortion,Health_Medicine,no_schema,02_no_schema_20260916_022111_043342.json,AG2,5,3.0,3.0
abortion,Health_Medicine,no_schema,02_no_schema_20260916_022111_043342.json,AG2,6,4.0,4.0
abortion,Health_Medicine,no_schema,02_no_schema_20260916_022111_043342.json,AG2,7,3.0,3.0
abortion,Health_Medicine,no_schema,02_no_schema_20260916_022111_043342.json,AG2,8,2.0,2.0
abortion,Health_Medicine,no_schema,02_no_schema_20260916_022111_043342.json,AG2,9,2.0,2.0
abortion,Health_Medicine,no_schema,02_no_schema_20260916_022111_043342.json,AG2,10,2.0,2.0
abortion,Health_Medicine,no_schema,02_no_schema_20260916_022111_043342.json,AG2,11,2.0,2.0
abortion,Health_Medicine,no_schema,02_no_schema_20260916_022111_043342.json,AG2,12,2.0,2.0
abortion,Health_Medicine,no_schema,02_no_schema_20260916_022111_043342.json,AG2,13,2.0,2.0
abortion,Health_Medicine,no_schema,02_no_schema_20260916_022111_043342.json,AG2,14,2.0,2.0
abortion,Health_Medicine,no_schema,02_no_schema_20260916_022111_043342.json,AG2,15,2.0,2.0
abortion,Health_Medicine,no_schema,02_no_schema_20260916_022111_043342.json,AG2,16,2.0,2.0
abortion,Health_Medicine,schema,02_schema_20260916_022311_283410.json,AG1,1,5.0,5.0
abortion,Health_Medicine,schema,02_schema_20260916_022311_283410.json,AG1,2,3.0,3.0
abortion,Health_Medicine,schema,02_schema_20260916_022311_283410.json,AG1,3,1.0,1.0
abortion,Health_Medicine,schema,02_schema_20260916_022311_283410.json,AG1,4,4.0,4.0
abortion,Health_Medicine,schema,02_schema_20260916_022311_283410.json,AG1,5,1.0,1.0
abortion,Health_Medicine,schema,02_schema_20260916_022311_283410.json,AG1,6,6.0,6.0
abortion,Health_Medicine,schema,02_schema_20260916_022311_283410.json,AG1,7,6.0,6.0
abortion,Health_Medicine,schema,02_schema_20260916_022311_283410.json,AG1,8,5.0,5.0
abortion,Health_Medicine,schema,02_schema_20260916_022311_283410.json,AG1,9,3.0,3.0
abortion,Health_Medicine,schema,02_schema_20260916_022311_283410.json,AG1,10,3.0,3.0
abortion,Health_Medicine,schema,02_schema_20260916_022311_283410.json,AG1,11,3.0,3.0
abortion,Health_Medicine,schema,02_schema_20260916_022311_283410.json,AG1,12,2.0,2.0
abortion,Health_Medicine,schema,02_schema_20260916_022311_283410.json,AG1,13,3.0,3.0
abortion,Health_Medicine,schema,02_schema_20260916_022311_283410.json,AG1,14,2.0,2.0
abortion,Health_Medicine,schema,02_schema_20260916_022311_283410.json,AG1,15,2.0,2.0
abortion,Health_Medicine,schema,02_schema_20260916_022311_283410.json,AG1,16,2.0,2.0
abortion,Health_Medicine,schema,02_schema_20260916_022311_283410.json,AG2,1,3.0,3.0
abortion,Health_Medicine,schema,02_schema_20260916_022311_283410.json,AG2,2,2.0,2.0
abortion,Health_Medicine,schema,02_schema_20260916_022311_283410.json,AG2,3,3.0,3.0
abortion,Health_Medicine,schema,02_schema_20260916_022311_283410.json,AG2,4,2.0,2.0
abortion,Health_Medicine,schema,02_schema_20260916_022311_283410.json,AG2,5,2.0,2.0
abortion,Health_Medicine,schema,02_schema_20260916_022311_283410.json,AG2,6,4.0,4.0
abortion,Health_Medicine,schema,02_schema_20260916_022311_283410.json,AG2,7,6.0,6.0
abortion,Health_Medicine,schema,02_schema_20260916_022311_283410.json,AG2,8,3.0,3.0
abortion,Health_Medicine,schema,02_schema_20260916_022311_283410.json,AG2,9,2.0,2.0
abortion,Health_Medicine,schema,02_schema_20260916_022311_283410.json,AG2,10,3.0,3.0
abortion,Health_Medicine,schema,02_schema_20260916_022311_283410.json,AG2,11,2.0,2.0
abortion,Health_Medicine,schema,02_schema_20260916_022311_283410.json,AG2,12,2.0,2.0
abortion,Health_Medicine,schema,02_schema_20260916_022311_283410.json,AG2,13,3.0,3.0
abortion,Health_Medicine,schema,02_schema_20260916_022311_283410.json,AG2,14,2.0,2.0
abortion,Health_Medicine,schema,02_schema_20260916_022311_283410.json,AG2,15,2.0,2.0
abortion,Health_Medicine,schema,02_schema_20260916_022311_283410.json,AG2,16,3.0,3.0
abortion,Health_Medicine,free_debate,03_free_debate_20260916_022213_399996.json,AG1,1,5.0,5.0
abortion,Health_Medicine,free_debate,03_free_debate_20260916_022213_399996.json,AG1,2,3.0,3.0
abortion,Health_Medicine,free_debate,03_free_debate_20260916_022213_399996.json,AG1,3,2.0,2.0
abortion,Health_Medicine,free_debate,03_free_debate_20260916_022213_399996.json,AG1,4,4.0,4.0
abortion,Health_Medicine,free_debate,03_free_debate_20260916_022213_399996.json,AG1,5,2.0,2.0
abortion,Health_Medicine,free_debate,03_free_debate_20260916_022213_399996.json,AG1,6,4.0,4.0
abortion,Health_Medicine,free_debate,03_free_debate_20260916_022213_399996.json,AG1,7,6.0,6.0
abortion,Health_Medicine,free_debate,03_free_debate_20260916_022213_399996.json,AG1,8,5.0,5.0
abortion,Health_Medicine,free_debate,03_free_debate_20260916_022213_399996.json,AG1,9,2.0,2.0
abortion,Health_Medicine,free_debate,03_free_debate_20260916_022213_399996.json,AG1,10,3.0,3.0
abortion,Health_Medicine,free_debate,03_free_debate_20260916_022213_399996.json,AG1,11,3.0,3.0
abortion,Health_Medicine,free_debate,03_free_debate_20260916_022213_399996.json,AG1,12,2.0,2.0
abortion,Health_Medicine,free_debate,03_free_debate_20260916_022213_399996.json,AG1,13,3.0,3.0
abortion,Health_Medicine,free_debate,03_free_debate_20260916_022213_399996.json,AG1,14,2.0,2.0
abortion,Health_Medicine,free_debate,03_free_debate_20260916_022213_399996.json,AG1,15,2.0,2.0
abortion,Health_Medicine,free_debate,03_free_debate_20260916_022213_399996.json,AG1,16,2.0,2.0
abortion,Health_Medicine,free_debate,03_free_debate_20260916_022213_399996.json,AG2,1,2.0,2.0
abortion,Health_Medicine,free_debate,03_free_debate_20260916_022213_399996.json,AG2,2,1.0,1.0
abortion,Health_Medicine,free_debate,03_free_debate_20260916_022213_399996.json,AG2,3,5.0,5.0
abortion,Health_Medicine,free_debate,03_free_debate_20260916_022213_399996.json,AG2,4,2.0,2.0
abortion,Health_Medicine,free_debate,03_free_debate_20260916_022213_399996.json,AG2,5,4.0,4.0
abortion,Health_Medicine,free_debate,03_free_debate_20260916_022213_399996.json,AG2,6,4.0,4.0
abortion,Health_Medicine,free_debate,03_free_debate_20260916_022213_399996.json,AG2,7,6.0,6.0
abortion,Health_Medicine,free_debate,03_free_debate_20260916_022213_399996.json,AG2,8,2.0,2.0
abortion,Health_Medicine,free_debate,03_free_debate_20260916_022213_399996.json,AG2,9,2.0,2.0
abortion,Health_Medicine,free_debate,03_free_debate_20260916_022213_399996.json,AG2,10,2.0,2.0
abortion,Health_Medicine,free_debate,03_free_debate_20260916_022213_399996.json,AG2,11,1.0,1.0
abortion,Health_Medicine,free_debate,03_free_debate_20260916_022213_399996.json,AG2,12,2.0,2.0
abortion,Health_Medicine,free_debate,03_free_debate_20260916_022213_399996.json,AG2,13,2.0,2.0
abortion,Health_Medicine,free_debate,03_free_debate_20260916_022213_399996.json,AG2,14,2.0,2.0
abortion,Health_Medicine,free_debate,03_free_debate_20260916_022213_399996.json,AG2,15,2.0,2.0
abortion,Health_Medicine,free_debate,03_free_debate_20260916_022213_399996.json,AG2,16,2.0,2.0
abortion,Health_Medicine,mad,03_mad_20260916_022129_356135.json,AG1,1,7.0,7.0
abortion,Health_Medicine,mad,03_mad_20260916_022129_356135.json,AG1,2,4.0,4.0
abortion,Health_Medicine,mad,03_mad_20260916_022129_356135.json,AG1,3,1.0,1.0
abortion,Health_Medicine,mad,03_mad_20260916_022129_356135.json,AG1,4,4.0,4.0
abortion,Health_Medicine,mad,03_mad_20260916_022129_356135.json,AG1,5,1.0,1.0
abortion,Health_Medicine,mad,03_mad_20260916_022129_356135.json,AG1,6,7.0,7.0
abortion,Health_Medicine,mad,03_mad_20260916_022129_356135.json,AG1,7,6.0,6.0
abortion,Health_Medicine,mad,03_mad_20260916_022129_356135.json,AG1,8,7.0,7.0
abortion,Health_Medicine,mad,03_mad_20260916_022129_356135.json,AG1,9,3.0,3.0
abortion,Health_Medicine,mad,03_mad_20260916_022129_356135.json,AG1,10,3.0,3.0
abortion,Health_Medicine,mad,03_mad_20260916_022129_356135.json,AG1,11,5.0,5.0
abortion,Health_Medicine,mad,03_mad_20260916_022129_356135.json,AG1,12,3.0,3.0
abortion,Health_Medicine,mad,03_mad_20260916_022129_356135.json,AG1,13,2.0,2.0
abortion,Health_Medicine,mad,03_mad_20260916_022129_356135.json,AG1,14,2.0,2.0
abortion,Health_Medicine,mad,03_mad_20260916_022129_356135.json,AG1,15,2.0,2.0
abortion,Health_Medicine,mad,03_mad_20260916_022129_356135.json,AG1,16,2.0,2.0
abortion,Health_Medicine,mad,03_mad_20260916_022129_356135.json,AG2,1,7.0,7.0
abortion,Health_Medicine,mad,03_mad_20260916_022129_356135.json,AG2,2,2.0,2.0
abortion,Health_Medicine,mad,03_mad_20260916_022129_356135.json,AG2,3,4.0,4.0
abortion,Health_Medicine,mad,03_mad_20260916_022129_356135.json,AG2,4,2.0,2.0
abortion,Health_Medicine,mad,03_mad_20260916_022129_356135.json,AG2,5,2.0,2.0
abortion,Health_Medicine,mad,03_mad_20260916_022129_356135.json,AG2,6,4.0,4.0
abortion,Health_Medicine,mad,03_mad_20260916_022129_356135.json,AG2,7,7.0,7.0
abortion,Health_Medicine,mad,03_mad_20260916_022129_356135.json,AG2,8,1.0,1.0
abortion,Health_Medicine,mad,03_mad_20260916_022129_356135.json,AG2,9,2.0,2.0
abortion,Health_Medicine,mad,03_mad_20260916_022129_356135.json,AG2,10,2.0,2.0
abortion,Health_Medicine,mad,03_mad_20260916_022129_356135.json,AG2,11,1.0,1.0
abortion,Health_Medicine,mad,03_mad_20260916_022129_356135.json,AG2,12,2.0,2.0
abortion,Health_Medicine,mad,03_mad_20260916_022129_356135.json,AG2,13,3.0,3.0
abortion,Health_Medicine,mad,03_mad_20260916_022129_356135.json,AG2,14,2.0,2.0
abortion,Health_Medicine,mad,03_mad_20260916_022129_356135.json,AG2,15,2.0,2.0
abortion,Health_Medicine,mad,03_mad_20260916_022129_356135.json,AG2,16,2.0,2.0
abortion,Health_Medicine,no_schema,03_no_schema_20260916_022148_110863.json,AG1,1,5.0,5.0
abortion,Health_Medicine,no_schema,03_no_schema_20260916_022148_110863.json,AG1,2,4.0,4.0
abortion,Health_Medicine,no_schema,03_no_schema_20260916_022148_110863.json,AG1,3,2.0,2.0
abortion,Health_Medicine,no_schema,03_no_schema_20260916_022148_110863.json,AG1,4,4.0,4.0
abortion,Health_Medicine,no_schema,03_no_schema_20260916_022148_110863.json,AG1,5,2.0,2.0
abortion,Health_Medicine,no_schema,03_no_schema_20260916_022148_110863.json,AG1,6,6.0,6.0
abortion,Health_Medicine,no_schema,03_no_schema_20260916_022148_110863.json,AG1,7,6.0,6.0
abortion,Health_Medicine,no_schema,03_no_schema_20260916_022148_110863.json,AG1,8,4.0,4.0
abortion,Health_Medicine,no_schema,03_no_schema_20260916_022148_110863.json,AG1,9,2.0,2.0
abortion,Health_Medicine,no_schema,03_no_schema_20260916_022148_110863.json,AG1,10,3.0,3.0
abortion,Health_Medicine,no_schema,03_no_schema_20260916_022148_110863.json,AG1,11,3.0,3.0
abortion,Health_Medicine,no_schema,03_no_schema_20260916_022148_110863.json,AG1,12,2.0,2.0
abortion,Health_Medicine,no_schema,03_no_schema_20260916_022148_110863.json,AG1,13,3.0,3.0
abortion,Health_Medicine,no_schema,03_no_schema_20260916_022148_110863.json,AG1,14,3.0,3.0
abortion,Health_Medicine,no_schema,03_no_schema_20260916_022148_110863.json,AG1,15,2.0,2.0
abortion,Health_Medicine,no_schema,03_no_schema_20260916_022148_110863.json,AG1,16,2.0,2.0
abortion,Health_Medicine,no_schema,03_no_schema_20260916_022148_110863.json,AG2,1,3.0,3.0
abortion,Health_Medicine,no_schema,03_no_schema_20260916_022148_110863.json,AG2,2,2.0,2.0
abortion,Health_Medicine,no_schema,03_no_schema_20260916_022148_110863.json,AG2,3,3.0,3.0
abortion,Health_Medicine,no_schema,03_no_schema_20260916_022148_110863.json,AG2,4,3.0,3.0
abortion,Health_Medicine,no_schema,03_no_schema_20260916_022148_110863.json,AG2,5,2.0,2.0
abortion,Health_Medicine,no_schema,03_no_schema_20260916_022148_110863.json,AG2,6,4.0,4.0
abortion,Health_Medicine,no_schema,03_no_schema_20260916_022148_110863.json,AG2,7,6.0,6.0
abortion,Health_Medicine,no_schema,03_no_schema_20260916_022148_110863.json,AG2,8,2.0,2.0
abortion,Health_Medicine,no_schema,03_no_schema_20260916_022148_110863.json,AG2,9,3.0,3.0
abortion,Health_Medicine,no_schema,03_no_schema_20260916_022148_110863.json,AG2,10,2.0,2.0
abortion,Health_Medicine,no_schema,03_no_schema_20260916_022148_110863.json,AG2,11,2.0,2.0
abortion,Health_Medicine,no_schema,03_no_schema_20260916_022148_110863.json,AG2,12,3.0,3.0
abortion,Health_Medicine,no_schema,03_no_schema_20260916_022148_110863.json,AG2,13,2.0,2.0
abortion,Health_Medicine,no_schema,03_no_schema_20260916_022148_110863.json,AG2,14,2.0,2.0
abortion,Health_Medicine,no_schema,03_no_schema_20260916_022148_110863.json,AG2,15,2.0,2.0
abortion,Health_Medicine,no_schema,03_no_schema_20260916_022148_110863.json,AG2,16,3.0,3.0
abortion,Health_Medicine,schema,03_schema_20260916_022215_258598.json,AG1,1,3.0,3.0
abortion,Health_Medicine,schema,03_schema_20260916_022215_258598.json,AG1,2,2.0,2.0
abortion,Health_Medicine,schema,03_schema_20260916_022215_258598.json,AG1,3,4.0,4.0
abortion,Health_Medicine,schema,03_schema_20260916_022215_258598.json,AG1,4,4.0,4.0
abortion,Health_Medicine,schema,03_schema_20260916_022215_258598.json,AG1,5,2.0,2.0
abortion,Health_Medicine,schema,03_schema_20260916_022215_258598.json,AG1,6,4.0,4.0
abortion,Health_Medicine,schema,03_schema_20260916_022215_258598.json,AG1,7,6.0,6.0
abortion,Health_Medicine,schema,03_schema_20260916_022215_258598.json,AG1,8,3.0,3.0
abortion,Health_Medicine,schema,03_schema_20260916_022215_258598.json,AG1,9,2.0,2.0
abortion,Health_Medicine,schema,03_schema_20260916_022215_258598.json,AG1,10,2.0,2.0
abortion,Health_Medicine,schema,03_schema_20260916_022215_258598.json,AG1,11,2.0,2.0
abortion,Health_Medicine,schema,03_schema_20260916_022215_258598.json,AG1,12,2.0,2.0
abortion,Health_Medicine,schema,03_schema_20260916_022215_258598.json,AG1,13,2.0,2.0
abortion,Health_Medicine,schema,03_schema_20260916_022215_258598.json,AG1,14,2.0,2.0
abortion,Health_Medicine,schema,03_schema_20260916_022215_258598.json,AG1,15,2.0,2.0
abortion,Health_Medicine,schema,03_schema_20260916_022215_258598.json,AG1,16,2.0,2.0
abortion,Health_Medicine,schema,03_schema_20260916_022215_258598.json,AG2,1,1.0,1.0
abortion,Health_Medicine,schema,03_schema_20260916_022215_258598.json,AG2,2,2.0,2.0
abortion,Health_Medicine,schema,03_schema_20260916_022215_258598.json,AG2,3,4.0,4.0
abortion,Health_Medicine,schema,03_schema_20260916_022215_258598.json,AG2,4,3.0,3.0
abortion,Health_Medicine,schema,03_schema_20260916_022215_258598.json,AG2,5,2.0,2.0
abortion,Health_Medicine,schema,03_schema_20260916_022215_258598.json,AG2,6,4.0,4.0
abortion,Health_Medicine,schema,03_schema_20260916_022215_258598.json,AG2,7,6.0,6.0
abortion,Health_Medicine,schema,03_schema_20260916_022215_258598.json,AG2,8,4.0,4.0
abortion,Health_Medicine,schema,03_schema_20260916_022215_258598.json,AG2,9,2.0,2.0
abortion,Health_Medicine,schema,03_schema_20260916_022215_258598.json,AG2,10,2.0,2.0
abortion,Health_Medicine,schema,03_schema_20260916_022215_258598.json,AG2,11,2.0,2.0
abortion,Health_Medicine,schema,03_schema_20260916_022215_258598.json,AG2,12,2.0,2.0
abortion,Health_Medicine,schema,03_schema_20260916_022215_258598.json,AG2,13,2.0,2.0
abortion,Health_Medicine,schema,03_schema_20260916_022215_258598.json,AG2,14,2.0,2.0
abortion,Health_Medicine,schema,03_schema_20260916_022215_258598.json,AG2,15,2.0,2.0
abortion,Health_Medicine,schema,03_schema_20260916_022215_258598.json,AG2,16,2.0,2.0
abortion,Health_Medicine,free_debate,04_free_debate_20260916_022233_639845.json,AG1,1,4.0,4.0
abortion,Health_Medicine,free_debate,04_free_debate_20260916_022233_639845.json,AG1,2,3.0,3.0
abortion,Health_Medicine,free_debate,04_free_debate_20260916_022233_639845.json,AG1,3,2.0,2.0
abortion,Health_Medicine,free_debate,04_free_debate_20260916_022233_639845.json,AG1,4,5.0,5.0
abortion,Health_Medicine,free_debate,04_free_debate_20260916_022233_639845.json,AG1,5,2.0,2.0
abortion,Health_Medicine,free_debate,04_free_debate_20260916_022233_639845.json,AG1,6,5.0,5.0
abortion,Health_Medicine,free_debate,04_free_debate_20260916_022233_639845.json,AG1,7,6.0,6.0
abortion,Health_Medicine,free_debate,04_free_debate_20260916_022233_639845.json,AG1,8,4.0,4.0
abortion,Health_Medicine,free_debate,04_free_debate_20260916_022233_639845.json,AG1,9,3.0,3.0
abortion,Health_Medicine,free_debate,04_free_debate_20260916_022233_639845.json,AG1,10,3.0,3.0
abortion,Health_Medicine,free_debate,04_free_debate_20260916_022233_639845.json,AG1,11,3.0,3.0
abortion,Health_Medicine,free_debate,04_free_debate_20260916_022233_639845.json,AG1,12,2.0,2.0
abortion,Health_Medicine,free_debate,04_free_debate_20260916_022233_639845.json,AG1,13,3.0,3.0
abortion,Health_Medicine,free_debate,04_free_debate_20260916_022233_639845.json,AG1,14,2.0,2.0
abortion,Health_Medicine,free_debate,04_free_debate_20260916_022233_639845.json,AG1,15,2.0,2.0
abortion,Health_Medicine,free_debate,04_free_debate_20260916_022233_639845.json,AG1,16,2.0,2.0
abortion,Health_Medicine,free_debate,04_free_debate_20260916_022233_639845.json,AG2,1,2.0,2.0
abortion,Health_Medicine,free_debate,04_free_debate_20260916_022233_639845.json,AG2,2,1.0,1.0
abortion,Health_Medicine,free_debate,04_free_debate_20260916_022233_639845.json,AG2,3,4.0,4.0
abortion,Health_Medicine,free_debate,04_free_debate_20260916_022233_639845.json,AG2,4,2.0,2.0
abortion,Health_Medicine,free_debate,04_free_debate_20260916_022233_639845.json,AG2,5,2.0,2.0
abortion,Health_Medicine,free_debate,04_free_debate_20260916_022233_639845.json,AG2,6,4.0,4.0
abortion,Health_Medicine,free_debate,04_free_debate_20260916_022233_639845.json,AG2,7,6.0,6.0
abortion,Health_Medicine,free_debate,04_free_debate_20260916_022233_639845.json,AG2,8,2.0,2.0
abortion,Health_Medicine,free_debate,04_free_debate_20260916_022233_639845.json,AG2,9,3.0,3.0
abortion,Health_Medicine,free_debate,04_free_debate_20260916_022233_639845.json,AG2,10,3.0,3.0
abortion,Health_Medicine,free_debate,04_free_debate_20260916_022233_639845.json,AG2,11,2.0,2.0
abortion,Health_Medicine,free_debate,04_free_debate_20260916_022233_639845.json,AG2,12,3.0,3.0
abortion,Health_Medicine,free_debate,04_free_debate_20260916_022233_639845.json,AG2,13,3.0,3.0
abortion,Health_Medicine,free_debate,04_free_debate_20260916_022233_639845.json,AG2,14,2.0,2.0
abortion,Health_Medicine,free_debate,04_free_debate_20260916_022233_639845.json,AG2,15,2.0,2.0
abortion,Health_Medicine,free_debate,04_free_debate_20260916_022233_639845.json,AG2,16,2.0,2.0
abortion,Health_Medicine,mad,04_mad_20260916_022209_424191.json,AG1,1,3.0,3.0
abortion,Health_Medicine,mad,04_mad_20260916_022209_424191.json,AG1,2,5.0,5.0
abortion,Health_Medicine,mad,04_mad_20260916_022209_424191.json,AG1,3,1.0,1.0
abortion,Health_Medicine,mad,04_mad_20260916_022209_424191.json,AG1,4,3.0,3.0
abortion,Health_Medicine,mad,04_mad_20260916_022209_424191.json,AG1,5,2.0,2.0
abortion,Health_Medicine,mad,04_mad_20260916_022209_424191.json,AG1,6,4.0,4.0
abortion,Health_Medicine,mad,04_mad_20260916_022209_424191.json,AG1,7,6.0,6.0
abortion,Health_Medicine,mad,04_mad_20260916_022209_424191.json,AG1,8,4.0,4.0
abortion,Health_Medicine,mad,04_mad_20260916_022209_424191.json,AG1,9,2.0,2.0
abortion,Health_Medicine,mad,04_mad_20260916_022209_424191.json,AG1,10,3.0,3.0
abortion,Health_Medicine,mad,04_mad_20260916_022209_424191.json,AG1,11,5.0,5.0
abortion,Health_Medicine,mad,04_mad_20260916_022209_424191.json,AG1,12,2.0,2.0
abortion,Health_Medicine,mad,04_mad_20260916_022209_424191.json,AG1,13,2.0,2.0
abortion,Health_Medicine,mad,04_mad_20260916_022209_424191.json,AG1,14,2.0,2.0
abortion,Health_Medicine,mad,04_mad_20260916_022209_424191.json,AG1,15,2.0,2.0
abortion,Health_Medicine,mad,04_mad_20260916_022209_424191.json,AG1,16,2.0,2.0
abortion,Health_Medicine,mad,04_mad_20260916_022209_424191.json,AG2,1,2.0,2.0
abortion,Health_Medicine,mad,04_mad_20260916_022209_424191.json,AG2,2,1.0,1.0
abortion,Health_Medicine,mad,04_mad_20260916_022209_424191.json,AG2,3,3.0,3.0
abortion,Health_Medicine,mad,04_mad_20260916_022209_424191.json,AG2,4,2.0,2.0
abortion,Health_Medicine,mad,04_mad_20260916_022209_424191.json,AG2,5,2.0,2.0
abortion,Health_Medicine,mad,04_mad_20260916_022209_424191.json,AG2,6,4.0,4.0
abortion,Health_Medicine,mad,04_mad_20260916_022209_424191.json,AG2,7,6.0,6.0
abortion,Health_Medicine,mad,04_mad_20260916_022209_424191.json,AG2,8,1.0,1.0
abortion,Health_Medicine,mad,04_mad_20260916_022209_424191.json,AG2,9,2.0,2.0
abortion,Health_Medicine,mad,04_mad_20260916_022209_424191.json,AG2,10,3.0,3.0
abortion,Health_Medicine,mad,04_mad_20260916_022209_424191.json,AG2,11,2.0,2.0
abortion,Health_Medicine,mad,04_mad_20260916_022209_424191.json,AG2,12,2.0,2.0
abortion,Health_Medicine,mad,04_mad_20260916_022209_424191.json,AG2,13,2.0,2.0
abortion,Health_Medicine,mad,04_mad_20260916_022209_424191.json,AG2,14,2.0,2.0
abortion,Health_Medicine,mad,04_mad_20260916_022209_424191.json,AG2,15,2.0,2.0
abortion,Health_Medicine,mad,04_mad_20260916_022209_424191.json,AG2,16,2.0,2.0
abortion,Health_Medicine,no_schema,04_no_schema_20260916_022257_534793.json,AG1,1,5.0,5.0
abortion,Health_Medicine,no_schema,04_no_schema_20260916_022257_534793.json,AG1,2,3.0,3.0
abortion,Health_Medicine,no_schema,04_no_schema_20260916_022257_534793.json,AG1,3,2.0,2.0
abortion,Health_Medicine,no_schema,04_no_schema_20260916_022257_534793.json,AG1,4,4.0,4.0
abortion,Health_Medicine,no_schema,04_no_schema_20260916_022257_534793.json,AG1,5,2.0,2.0
abortion,Health_Medicine,no_schema,04_no_schema_20260916_022257_534793.json,AG1,6,6.0,6.0
abortion,Health_Medicine,no_schema,04_no_schema_20260916_022257_534793.json,AG1,7,6.0,6.0
abortion,Health_Medicine,no_schema,04_no_schema_20260916_022257_534793.json,AG1,8,4.0,4.0
abortion,Health_Medicine,no_schema,04_no_schema_20260916_022257_534793.json,AG1,9,2.0,2.0
abortion,Health_Medicine,no_schema,04_no_schema_20260916_022257_534793.json,AG1,10,3.0,3.0
abortion,Health_Medicine,no_schema,04_no_schema_20260916_022257_534793.json,AG1,11,4.0,4.0
abortion,Health_Medicine,no_schema,04_no_schema_20260916_022257_534793.json,AG1,12,2.0,2.0
abortion,Health_Medicine,no_schema,04_no_schema_20260916_022257_534793.json,AG1,13,2.0,2.0
abortion,Health_Medicine,no_schema,04_no_schema_20260916_022257_534793.json,AG1,14,3.0,3.0
abortion,Health_Medicine,no_schema,04_no_schema_20260916_022257_534793.json,AG1,15,2.0,2.0
abortion,Health_Medicine,no_schema,04_no_schema_20260916_022257_534793.json,AG1,16,3.0,3.0
abortion,Health_Medicine,no_schema,04_no_schema_20260916_022257_534793.json,AG2,1,1.0,1.0
abortion,Health_Medicine,no_schema,04_no_schema_20260916_022257_534793.json,AG2,2,1.0,1.0
abortion,Health_Medicine,no_schema,04_no_schema_20260916_022257_534793.json,AG2,3,4.0,4.0
abortion,Health_Medicine,no_schema,04_no_schema_20260916_022257_534793.json,AG2,4,1.0,1.0
abortion,Health_Medicine,no_schema,04_no_schema_20260916_022257_534793.json,AG2,5,3.0,3.0
abortion,Health_Medicine,no_schema,04_no_schema_20260916_022257_534793.json,AG2,6,3.0,3.0
abortion,Health_Medicine,no_schema,04_no_schema_20260916_022257_534793.json,AG2,7,5.0,5.0
abortion,Health_Medicine,no_schema,04_no_schema_20260916_022257_534793.json,AG2,8,2.0,2.0
abortion,Health_Medicine,no_schema,04_no_schema_20260916_022257_534793.json,AG2,9,2.0,2.0
abortion,Health_Medicine,no_schema,04_no_schema_20260916_022257_534793.json,AG2,10,2.0,2.0
abortion,Health_Medicine,no_schema,04_no_schema_20260916_022257_534793.json,AG2,11,1.0,1.0
abortion,Health_Medicine,no_schema,04_no_schema_20260916_022257_534793.json,AG2,12,2.0,2.0
abortion,Health_Medicine,no_schema,04_no_schema_20260916_022257_534793.json,AG2,13,2.0,2.0
abortion,Health_Medicine,no_schema,04_no_schema_20260916_022257_534793.json,AG2,14,2.0,2.0
abortion,Health_Medicine,no_schema,04_no_schema_20260916_022257_534793.json,AG2,15,2.0,2.0
abortion,Health_Medicine,no_schema,04_no_schema_20260916_022257_534793.json,AG2,16,2.0,2.0
abortion,Health_Medicine,schema,04_schema_20260916_022533_654367.json,AG1,1,6.0,6.0
abortion,Health_Medicine,schema,04_schema_20260916_022533_654367.json,AG1,2,5.0,5.0
abortion,Health_Medicine,schema,04_schema_20260916_022533_654367.json,AG1,3,2.0,2.0
abortion,Health_Medicine,schema,04_schema_20260916_022533_654367.json,AG1,4,4.0,4.0
abortion,Health_Medicine,schema,04_schema_20260916_022533_654367.json,AG1,5,2.0,2.0
abortion,Health_Medicine,schema,04_schema_20260916_022533_654367.json,AG1,6,4.0,4.0
abortion,Health_Medicine,schema,04_schema_20260916_022533_654367.json,AG1,7,6.0,6.0
abortion,Health_Medicine,schema,04_schema_20260916_022533_654367.json,AG1,8,4.0,4.0
abortion,Health_Medicine,schema,04_schema_20260916_022533_654367.json,AG1,9,2.0,2.0
abortion,Health_Medicine,schema,04_schema_20260916_022533_654367.json,AG1,10,3.0,3.0
abortion,Health_Medicine,schema,04_schema_20260916_022533_654367.json,AG1,11,4.0,4.0
abortion,Health_Medicine,schema,04_schema_20260916_022533_654367.json,AG1,12,2.0,2.0
abortion,Health_Medicine,schema,04_schema_20260916_022533_654367.json,AG1,13,2.0,2.0
abortion,Health_Medicine,schema,04_schema_20260916_022533_654367.json,AG1,14,2.0,2.0
abortion,Health_Medicine,schema,04_schema_20260916_022533_654367.json,AG1,15,2.0,2.0
abortion,Health_Medicine,schema,04_schema_20260916_022533_654367.json,AG1,16,2.0,2.0
abortion,Health_Medicine,schema,04_schema_20260916_022533_654367.json,AG2,1,3.0,3.0
abortion,Health_Medicine,schema,04_schema_20260916_022533_654367.json,AG2,2,2.0,2.0
abortion,Health_Medicine,schema,04_schema_20260916_022533_654367.json,AG2,3,4.0,4.0
abortion,Health_Medicine,schema,04_schema_20260916_022533_654367.json,AG2,4,2.0,2.0
abortion,Health_Medicine,schema,04_schema_20260916_022533_654367.json,AG2,5,2.0,2.0
abortion,Health_Medicine,schema,04_schema_20260916_022533_654367.json,AG2,6,4.0,4.0
abortion,Health_Medicine,schema,04_schema_20260916_022533_654367.json,AG2,7,5.0,5.0
abortion,Health_Medicine,schema,04_schema_20260916_022533_654367.json,AG2,8,3.0,3.0
abortion,Health_Medicine,schema,04_schema_20260916_022533_654367.json,AG2,9,2.0,2.0
abortion,Health_Medicine,schema,04_schema_20260916_022533_654367.json,AG2,10,2.0,2.0
abortion,Health_Medicine,schema,04_schema_20260916_022533_654367.json,AG2,11,2.0,2.0
abortion,Health_Medicine,schema,04_schema_20260916_022533_654367.json,AG2,12,2.0,2.0
abortion,Health_Medicine,schema,04_schema_20260916_022533_654367.json,AG2,13,3.0,3.0
abortion,Health_Medicine,schema,04_schema_20260916_022533_654367.json,AG2,14,2.0,2.0
abortion,Health_Medicine,schema,04_schema_20260916_022533_654367.json,AG2,15,2.0,2.0
abortion,Health_Medicine,schema,04_schema_20260916_022533_654367.json,AG2,16,2.0,2.0
abortion,Health_Medicine,free_debate,05_free_debate_20260916_022332_414992.json,AG1,1,6.0,6.0
abortion,Health_Medicine,free_debate,05_free_debate_20260916_022332_414992.json,AG1,2,3.0,3.0
abortion,Health_Medicine,free_debate,05_free_debate_20260916_022332_414992.json,AG1,3,2.0,2.0
abortion,Health_Medicine,free_debate,05_free_debate_20260916_022332_414992.json,AG1,4,5.0,5.0
abortion,Health_Medicine,free_debate,05_free_debate_20260916_022332_414992.json,AG1,5,2.0,2.0
abortion,Health_Medicine,free_debate,05_free_debate_20260916_022332_414992.json,AG1,6,4.0,4.0
abortion,Health_Medicine,free_debate,05_free_debate_20260916_022332_414992.json,AG1,7,6.0,6.0
abortion,Health_Medicine,free_debate,05_free_debate_20260916_022332_414992.json,AG1,8,5.0,5.0
abortion,Health_Medicine,free_debate,05_free_debate_20260916_022332_414992.json,AG1,9,2.0,2.0
abortion,Health_Medicine,free_debate,05_free_debate_20260916_022332_414992.json,AG1,10,3.0,3.0
abortion,Health_Medicine,free_debate,05_free_debate_20260916_022332_414992.json,AG1,11,3.0,3.0
abortion,Health_Medicine,free_debate,05_free_debate_20260916_022332_414992.json,AG1,12,2.0,2.0
abortion,Health_Medicine,free_debate,05_free_debate_20260916_022332_414992.json,AG1,13,2.0,2.0
abortion,Health_Medicine,free_debate,05_free_debate_20260916_022332_414992.json,AG1,14,2.0,2.0
abortion,Health_Medicine,free_debate,05_free_debate_20260916_022332_414992.json,AG1,15,2.0,2.0
abortion,Health_Medicine,free_debate,05_free_debate_20260916_022332_414992.json,AG1,16,2.0,2.0
abortion,Health_Medicine,free_debate,05_free_debate_20260916_022332_414992.json,AG2,1,1.0,1.0
abortion,Health_Medicine,free_debate,05_free_debate_20260916_022332_414992.json,AG2,2,1.0,1.0
abortion,Health_Medicine,free_debate,05_free_debate_20260916_022332_414992.json,AG2,3,4.0,4.0
abortion,Health_Medicine,free_debate,05_free_debate_20260916_022332_414992.json,AG2,4,1.0,1.0
abortion,Health_Medicine,free_debate,05_free_debate_20260916_022332_414992.json,AG2,5,3.0,3.0
abortion,Health_Medicine,free_debate,05_free_debate_20260916_022332_414992.json,AG2,6,3.0,3.0
abortion,Health_Medicine,free_debate,05_free_debate_20260916_022332_414992.json,AG2,7,6.0,6.0
abortion,Health_Medicine,free_debate,05_free_debate_20260916_022332_414992.json,AG2,8,2.0,2.0
abortion,Health_Medicine,free_debate,05_free_debate_20260916_022332_414992.json,AG2,9,2.0,2.0
abortion,Health_Medicine,free_debate,05_free_debate_20260916_022332_414992.json,AG2,10,2.0,2.0
abortion,Health_Medicine,free_debate,05_free_debate_20260916_022332_414992.json,AG2,11,1.0,1.0
abortion,Health_Medicine,free_debate,05_free_debate_20260916_022332_414992.json,AG2,12,2.0,2.0
abortion,Health_Medicine,free_debate,05_free_debate_20260916_022332_414992.json,AG2,13,2.0,2.0
abortion,Health_Medicine,free_debate,05_free_debate_20260916_022332_414992.json,AG2,14,2.0,2.0
abortion,Health_Medicine,free_debate,05_free_debate_20260916_022332_414992.json,AG2,15,2.0,2.0
abortion,Health_Medicine,free_debate,05_free_debate_20260916_022332_414992.json,AG2,16,2.0,2.0
abortion,Health_Medicine,mad,05_mad_20260916_022318_623035.json,AG1,1,3.0,3.0
abortion,Health_Medicine,mad,05_mad_20260916_022318_623035.json,AG1,2,3.0,3.0
abortion,Health_Medicine,mad,05_mad_20260916_022318_623035.json,AG1,3,4.0,4.0
abortion,Health_Medicine,mad,05_mad_20260916_022318_623035.json,AG1,4,2.0,2.0
abortion,Health_Medicine,mad,05_mad_20260916_022318_623035.json,AG1,5,3.0,3.0
abortion,Health_Medicine,mad,05_mad_20260916_022318_623035.json,AG1,6,4.0,4.0
abortion,Health_Medicine,mad,05_mad_20260916_022318_623035.json,AG1,7,5.0,5.0
abortion,Health_Medicine,mad,05_mad_20260916_022318_623035.json,AG1,8,3.0,3.0
abortion,Health_Medicine,mad,05_mad_20260916_022318_623035.json,AG1,9,2.0,2.0
abortion,Health_Medicine,mad,05_mad_20260916_022318_623035.json,AG1,10,2.0,2.0
abortion,Health_Medicine,mad,05_mad_20260916_022318_623035.json,AG1,11,2.0,2.0
abortion,Health_Medicine,mad,05_mad_20260916_022318_623035.json,AG1,12,2.0,2.0
abortion,Health_Medicine,mad,05_mad_20260916_022318_623035.json,AG1,13,2.0,2.0
abortion,Health_Medicine,mad,05_mad_20260916_022318_623035.json,AG1,14,2.0,2.0
abortion,Health_Medicine,mad,05_mad_20260916_022318_623035.json,AG1,15,3.0,3.0
abortion,Health_Medicine,mad,05_mad_20260916_022318_623035.json,AG1,16,2.0,2.0
abortion,Health_Medicine,mad,05_mad_20260916_022318_623035.json,AG2,1,1.0,1.0
abortion,Health_Medicine,mad,05_mad_20260916_022318_623035.json,AG2,2,1.0,1.0
abortion,Health_Medicine,mad,05_mad_20260916_022318_623035.json,AG2,3,4.0,4.0
abortion,Health_Medicine,mad,05_mad_20260916_022318_623035.json,AG2,4,2.0,2.0
abortion,Health_Medicine,mad,05_mad_20260916_022318_623035.json,AG2,5,2.0,2.0
abortion,Health_Medicine,mad,05_mad_20260916_022318_623035.json,AG2,6,3.0,3.0
abortion,Health_Medicine,mad,05_mad_20260916_022318_623035.json,AG2,7,6.0,6.0
abortion,Health_Medicine,mad,05_mad_20260916_022318_623035.json,AG2,8,2.0,2.0
abortion,Health_Medicine,mad,05_mad_20260916_022318_623035.json,AG2,9,2.0,2.0
abortion,Health_Medicine,mad,05_mad_20260916_022318_623035.json,AG2,10,2.0,2.0
abortion,Health_Medicine,mad,05_mad_20260916_022318_623035.json,AG2,11,2.0,2.0
abortion,Health_Medicine,mad,05_mad_20260916_022318_623035.json,AG2,12,2.0,2.0
abortion,Health_Medicine,mad,05_mad_20260916_022318_623035.json,AG2,13,2.0,2.0
abortion,Health_Medicine,mad,05_mad_20260916_022318_623035.json,AG2,14,2.0,2.0
abortion,Health_Medicine,mad,05_mad_20260916_022318_623035.json,AG2,15,2.0,2.0
abortion,Health_Medicine,mad,05_mad_20260916_022318_623035.json,AG2,16,2.0,2.0
abortion,Health_Medicine,no_schema,05_no_schema_20260916_022327_698452.json,AG1,1,3.0,3.0
abortion,Health_Medicine,no_schema,05_no_schema_20260916_022327_698452.json,AG1,2,2.0,2.0
abortion,Health_Medicine,no_schema,05_no_schema_20260916_022327_698452.json,AG1,3,3.0,3.0
abortion,Health_Medicine,no_schema,05_no_schema_20260916_022327_698452.json,AG1,4,3.0,3.0
abortion,Health_Medicine,no_schema,05_no_schema_20260916_022327_698452.json,AG1,5,2.0,2.0
abortion,Health_Medicine,no_schema,05_no_schema_20260916_022327_698452.json,AG1,6,4.0,4.0
abortion,Health_Medicine,no_schema,05_no_schema_20260916_022327_698452.json,AG1,7,5.0,5.0
abortion,Health_Medicine,no_schema,05_no_schema_20260916_022327_698452.json,AG1,8,4.0,4.0
abortion,Health_Medicine,no_schema,05_no_schema_20260916_022327_698452.json,AG1,9,2.0,2.0
abortion,Health_Medicine,no_schema,05_no_schema_20260916_022327_698452.json,AG1,10,3.0,3.0
abortion,Health_Medicine,no_schema,05_no_schema_20260916_022327_698452.json,AG1,11,2.0,2.0
abortion,Health_Medicine,no_schema,05_no_schema_20260916_022327_698452.json,AG1,12,2.0,2.0
abortion,Health_Medicine,no_schema,05_no_schema_20260916_022327_698452.json,AG1,13,3.0,3.0
abortion,Health_Medicine,no_schema,05_no_schema_20260916_022327_698452.json,AG1,14,2.0,2.0
abortion,Health_Medicine,no_schema,05_no_schema_20260916_022327_698452.json,AG1,15,2.0,2.0
abortion,Health_Medicine,no_schema,05_no_schema_20260916_022327_698452.json,AG1,16,2.0,2.0
abortion,Health_Medicine,no_schema,05_no_schema_20260916_022327_698452.json,AG2,1,5.0,5.0
abortion,Health_Medicine,no_schema,05_no_schema_20260916_022327_698452.json,AG2,2,3.0,3.0
abortion,Health_Medicine,no_schema,05_no_schema_20260916_022327_698452.json,AG2,3,2.0,2.0
abortion,Health_Medicine,no_schema,05_no_schema_20260916_022327_698452.json,AG2,4,2.0,2.0
abortion,Health_Medicine,no_schema,05_no_schema_20260916_022327_698452.json,AG2,5,2.0,2.0
abortion,Health_Medicine,no_schema,05_no_schema_20260916_022327_698452.json,AG2,6,4.0,4.0
abortion,Health_Medicine,no_schema,05_no_schema_20260916_022327_698452.json,AG2,7,6.0,6.0
abortion,Health_Medicine,no_schema,05_no_schema_20260916_022327_698452.json,AG2,8,3.0,3.0
abortion,Health_Medicine,no_schema,05_no_schema_20260916_022327_698452.json,AG2,9,2.0,2.0
abortion,Health_Medicine,no_schema,05_no_schema_20260916_022327_698452.json,AG2,10,3.0,3.0
abortion,Health_Medicine,no_schema,05_no_schema_20260916_022327_698452.json,AG2,11,3.0,3.0
abortion,Health_Medicine,no_schema,05_no_schema_20260916_022327_698452.json,AG2,12,2.0,2.0
abortion,Health_Medicine,no_schema,05_no_schema_20260916_022327_698452.json,AG2,13,3.0,3.0
abortion,Health_Medicine,no_schema,05_no_schema_20260916_022327_698452.json,AG2,14,4.0,4.0
abortion,Health_Medicine,no_schema,05_no_schema_20260916_022327_698452.json,AG2,15,3.0,3.0
abortion,Health_Medicine,no_schema,05_no_schema_20260916_022327_698452.json,AG2,16,4.0,4.0
abortion,Health_Medicine,schema,05_schema_20260916_022507_405229.json,AG1,1,1.0,1.0
abortion,Health_Medicine,schema,05_schema_20260916_022507_405229.json,AG1,2,1.0,1.0
abortion,Health_Medicine,schema,05_schema_20260916_022507_405229.json,AG1,3,5.0,5.0
abortion,Health_Medicine,schema,05_schema_20260916_022507_405229.json,AG1,4,2.0,2.0
abortion,Health_Medicine,schema,05_schema_20260916_022507_405229.json,AG1,5,3.0,3.0
abortion,Health_Medicine,schema,05_schema_20260916_022507_405229.json,AG1,6,3.0,3.0
abortion,Health_Medicine,schema,05_schema_20260916_022507_405229.json,AG1,7,2.0,2.0
abortion,Health_Medicine,schema,05_schema_20260916_022507_405229.json,AG1,8,2.0,2.0
abortion,Health_Medicine,schema,05_schema_20260916_022507_405229.json,AG1,9,2.0,2.0
abortion,Health_Medicine,schema,05_schema_20260916_022507_405229.json,AG1,10,2.0,2.0
abortion,Health_Medicine,schema,05_schema_20260916_022507_405229.json,AG1,11,1.0,1.0
abortion,Health_Medicine,schema,05_schema_20260916_022507_405229.json,AG1,12,2.0,2.0
abortion,Health_Medicine,schema,05_schema_20260916_022507_405229.json,AG1,13,2.0,2.0
abortion,Health_Medicine,schema,05_schema_20260916_022507_405229.json,AG1,14,2.0,2.0
abortion,Health_Medicine,schema,05_schema_20260916_022507_405229.json,AG1,15,2.0,2.0
abortion,Health_Medicine,schema,05_schema_20260916_022507_405229.json,AG1,16,2.0,2.0
abortion,Health_Medicine,schema,05_schema_20260916_022507_405229.json,AG2,1,5.0,5.0
abortion,Health_Medicine,schema,05_schema_20260916_022507_405229.json,AG2,2,2.0,2.0
abortion,Health_Medicine,schema,05_schema_20260916_022507_405229.json,AG2,3,1.0,1.0
abortion,Health_Medicine,schema,05_schema_20260916_022507_405229.json,AG2,4,4.0,4.0
abortion,Health_Medicine,schema,05_schema_20260916_022507_405229.json,AG2,5,1.0,1.0
abortion,Health_Medicine,schema,05_schema_20260916_022507_405229.json,AG2,6,4.0,4.0
abortion,Health_Medicine,schema,05_schema_20260916_022507_405229.json,AG2,7,6.0,6.0
abortion,Health_Medicine,schema,05_schema_20260916_022507_405229.json,AG2,8,4.0,4.0
abortion,Health_Medicine,schema,05_schema_20260916_022507_405229.json,AG2,9,2.0,2.0
abortion,Health_Medicine,schema,05_schema_20260916_022507_405229.json,AG2,10,2.0,2.0
abortion,Health_Medicine,schema,05_schema_20260916_022507_405229.json,AG2,11,4.0,4.0
abortion,Health_Medicine,schema,05_schema_20260916_022507_405229.json,AG2,12,2.0,2.0
abortion,Health_Medicine,schema,05_schema_20260916_022507_405229.json,AG2,13,2.0,2.0
abortion,Health_Medicine,schema,05_schema_20260916_022507_405229.json,AG2,14,2.0,2.0
abortion,Health_Medicine,schema,05_schema_20260916_022507_405229.json,AG2,15,2.0,2.0
abortion,Health_Medicine,schema,05_schema_20260916_022507_405229.json,AG2,16,1.0,1.0
alternative_energy,Environment_Animal_Rights,free_debate,01_free_debate_20260916_021259_082746.json,AG1,1,6.0,6.0
alternative_energy,Environment_Animal_Rights,free_debate,01_free_debate_20260916_021259_082746.json,AG1,2,2.0,2.0
alternative_energy,Environment_Animal_Rights,free_debate,01_free_debate_20260916_021259_082746.json,AG1,3,3.0,3.0
alternative_energy,Environment_Animal_Rights,free_debate,01_free_debate_20260916_021259_082746.json,AG1,4,4.0,4.0
alternative_energy,Environment_Animal_Rights,free_debate,01_free_debate_20260916_021259_082746.json,AG1,5,2.0,2.0
alternative_energy,Environment_Animal_Rights,free_debate,01_free_debate_20260916_021259_082746.json,AG1,6,4.0,4.0
alternative_energy,Environment_Animal_Rights,free_debate,01_free_debate_20260916_021259_082746.json,AG1,7,6.0,6.0
alternative_energy,Environment_Animal_Rights,free_debate,01_free_debate_20260916_021259_082746.json,AG1,8,3.0,3.0
alternative_energy,Environment_Animal_Rights,free_debate,01_free_debate_20260916_021259_082746.json,AG1,9,3.0,3.0
alternative_energy,Environment_Animal_Rights,free_debate,01_free_debate_20260916_021259_082746.json,AG1,10,4.0,4.0
alternative_energy,Environment_Animal_Rights,free_debate,01_free_debate_20260916_021259_082746.json,AG1,11,2.0,2.0
alternative_energy,Environment_Animal_Rights,free_debate,01_free_debate_20260916_021259_082746.json,AG1,12,2.0,2.0
alternative_energy,Environment_Animal_Rights,free_debate,01_free_debate_20260916_021259_082746.json,AG1,13,2.0,2.0
alternative_energy,Environment_Animal_Rights,free_debate,01_free_debate_20260916_021259_082746.json,AG1,14,3.0,3.0
alternative_energy,Environment_Animal_Rights,free_debate,01_free_debate_20260916_021259_082746.json,AG1,15,2.0,2.0
alternative_energy,Environment_Animal_Rights,free_debate,01_free_debate_20260916_021259_082746.json,AG1,16,3.0,3.0
alternative_energy,Environment_Animal_Rights,free_debate,01_free_debate_20260916_021259_082746.json,AG2,1,5.0,5.0
alternative_energy,Environment_Animal_Rights,free_debate,01_free_debate_20260916_021259_082746.json,AG2,2,4.0,4.0
alternative_energy,Environment_Animal_Rights,free_debate,01_free_debate_20260916_021259_082746.json,AG2,3,2.0,2.0
alternative_energy,Environment_Animal_Rights,free_debate,01_free_debate_20260916_021259_082746.json,AG2,4,4.0,4.0
alternative_energy,Environment_Animal_Rights,free_debate,01_free_debate_20260916_021259_082746.json,AG2,5,2.0,2.0
alternative_energy,Environment_Animal_Rights,free_debate,01_free_debate_20260916_021259_082746.json,AG2,6,4.0,4.0
alternative_energy,Environment_Animal_Rights,free_debate,01_free_debate_20260916_021259_082746.json,AG2,7,6.0,6.0
alternative_energy,Environment_Animal_Rights,free_debate,01_free_debate_20260916_021259_082746.json,AG2,8,4.0,4.0
alternative_energy,Environment_Animal_Rights,free_debate,01_free_debate_20260916_021259_082746.json,AG2,9,3.0,3.0
alternative_energy,Environment_Animal_Rights,free_debate,01_free_debate_20260916_021259_082746.json,AG2,10,4.0,4.0
alternative_energy,Environment_Animal_Rights,free_debate,01_free_debate_20260916_021259_082746.json,AG2,11,3.0,3.0
alternative_energy,Environment_Animal_Rights,free_debate,01_free_debate_20260916_021259_082746.json,AG2,12,3.0,3.0
alternative_energy,Environment_Animal_Rights,free_debate,01_free_debate_20260916_021259_082746.json,AG2,13,3.0,3.0
alternative_energy,Environment_Animal_Rights,free_debate,01_free_debate_20260916_021259_082746.json,AG2,14,3.0,3.0
alternative_energy,Environment_Animal_Rights,free_debate,01_free_debate_20260916_021259_082746.json,AG2,15,3.0,3.0
alternative_energy,Environment_Animal_Rights,free_debate,01_free_debate_20260916_021259_082746.json,AG2,16,3.0,3.0
alternative_energy,Environment_Animal_Rights,mad,01_mad_20260916_021246_915620.json,AG1,1,3.0,3.0
alternative_energy,Environment_Animal_Rights,mad,01_mad_20260916_021246_915620.json,AG1,2,2.0,2.0
alternative_energy,Environment_Animal_Rights,mad,01_mad_20260916_021246_915620.json,AG1,3,2.0,2.0
alternative_energy,Environment_Animal_Rights,mad,01_mad_20260916_021246_915620.json,AG1,4,3.0,3.0
alternative_energy,Environment_Animal_Rights,mad,01_mad_20260916_021246_915620.json,AG1,5,2.0,2.0
alternative_energy,Environment_Animal_Rights,mad,01_mad_20260916_021246_915620.json,AG1,6,4.0,4.0
alternative_energy,Environment_Animal_Rights,mad,01_mad_20260916_021246_915620.json,AG1,7,4.0,4.0
alternative_energy,Environment_Animal_Rights,mad,01_mad_20260916_021246_915620.json,AG1,8,4.0,4.0
alternative_energy,Environment_Animal_Rights,mad,01_mad_20260916_021246_915620.json,AG1,9,2.0,2.0
alternative_energy,Environment_Animal_Rights,mad,01_mad_20260916_021246_915620.json,AG1,10,3.0,3.0
alternative_energy,Environment_Animal_Rights,mad,01_mad_20260916_021246_915620.json,AG1,11,3.0,3.0
alternative_energy,Environment_Animal_Rights,mad,01_mad_20260916_021246_915620.json,AG1,12,2.0,2.0
alternative_energy,Environment_Animal_Rights,mad,01_mad_20260916_021246_915620.json,AG1,13,2.0,2.0
alternative_energy,Environment_Animal_Rights,mad,01_mad_20260916_021246_915620.json,AG1,14,3.0,3.0
alternative_energy,Environment_Animal_Rights,mad,01_mad_20260916_021246_915620.json,AG1,15,3.0,3.0
alternative_energy,Environment_Animal_Rights,mad,01_mad_20260916_021246_915620.json,AG1,16,3.0,3.0
alternative_energy,Environment_Animal_Rights,mad,01_mad_20260916_021246_915620.json,AG2,1,5.0,5.0
alternative_energy,Environment_Animal_Rights,mad,01_mad_20260916_021246_915620.json,AG2,2,3.0,3.0
alternative_energy,Environment_Animal_Rights,mad,01_mad_20260916_021246_915620.json,AG2,3,2.0,2.0
alternative_energy,Environment_Animal_Rights,mad,01_mad_20260916_021246_915620.json,AG2,4,4.0,4.0
alternative_energy,Environment_Animal_Rights,mad,01_mad_20260916_021246_915620.json,AG2,5,2.0,2.0
alternative_energy,Environment_Animal_Rights,mad,01_mad_20260916_021246_915620.json,AG2,6,4.0,4.0
alternative_energy,Environment_Animal_Rights,mad,01_mad_20260916_021246_915620.json,AG2,7,5.0,5.0
alternative_energy,Environment_Animal_Rights,mad,01_mad_20260916_021246_915620.json,AG2,8,4.0,4.0
alternative_energy,Environment_Animal_Rights,mad,01_mad_20260916_021246_915620.json,AG2,9,2.0,2.0
alternative_energy,Environment_Animal_Rights,mad,01_mad_20260916_021246_915620.json,AG2,10,3.0,3.0
alternative_energy,Environment_Animal_Rights,mad,01_mad_20260916_021246_915620.json,AG2,11,2.0,2.0
alternative_energy,Environment_Animal_Rights,mad,01_mad_20260916_021246_915620.json,AG2,12,2.0,2.0
alternative_energy,Environment_Animal_Rights,mad,01_mad_20260916_021246_915620.json,AG2,13,3.0,3.0
alternative_energy,Environment_Animal_Rights,mad,01_mad_20260916_021246_915620.json,AG2,14,2.0,2.0
alternative_energy,Environment_Animal_Rights,mad,01_mad_20260916_021246_915620.json,AG2,15,2.0,2.0
alternative_energy,Environment_Animal_Rights,mad,01_mad_20260916_021246_915620.json,AG2,16,3.0,3.0
alternative_energy,Environment_Animal_Rights,no_schema,01_no_schema_20260916_021312_974419.json,AG1,1,5.0,5.0
alternative_energy,Environment_Animal_Rights,no_schema,01_no_schema_20260916_021312_974419.json,AG1,2,4.0,4.0
alternative_energy,Environment_Animal_Rights,no_schema,01_no_schema_20260916_021312_974419.json,AG1,3,2.0,2.0
alternative_energy,Environment_Animal_Rights,no_schema,01_no_schema_20260916_021312_974419.json,AG1,4,6.0,6.0
alternative_energy,Environment_Animal_Rights,no_schema,01_no_schema_20260916_021312_974419.json,AG1,5,2.0,2.0
alternative_energy,Environment_Animal_Rights,no_schema,01_no_schema_20260916_021312_974419.json,AG1,6,4.0,4.0
alternative_energy,Environment_Animal_Rights,no_schema,01_no_schema_20260916_021312_974419.json,AG1,7,5.0,5.0
alternative_energy,Environment_Animal_Rights,no_schema,01_no_schema_20260916_021312_974419.json,AG1,8,4.0,4.0
alternative_energy,Environment_Animal_Rights,no_schema,01_no_schema_20260916_021312_974419.json,AG1,9,3.0,3.0
alternative_energy,Environment_Animal_Rights,no_schema,01_no_schema_20260916_021312_974419.json,AG1,10,4.0,4.0
alternative_energy,Environment_Animal_Rights,no_schema,01_no_schema_20260916_021312_974419.json,AG1,11,4.0,4.0
alternative_energy,Environment_Animal_Rights,no_schema,01_no_schema_20260916_021312_974419.json,AG1,12,4.0,4.0
alternative_energy,Environment_Animal_Rights,no_schema,01_no_schema_20260916_021312_974419.json,AG1,13,4.0,4.0
alternative_energy,Environment_Animal_Rights,no_schema,01_no_schema_20260916_021312_974419.json,AG1,14,4.0,4.0
alternative_energy,Environment_Animal_Rights,no_schema,01_no_schema_20260916_021312_974419.json,AG1,15,4.0,4.0
alternative_energy,Environment_Animal_Rights,no_schema,01_no_schema_20260916_021312_974419.json,AG1,16,4.0,4.0
alternative_energy,Environment_Animal_Rights,no_schema,01_no_schema_20260916_021312_974419.json,AG2,1,2.0,2.0
alternative_energy,Environment_Animal_Rights,no_schema,01_no_schema_20260916_021312_974419.json,AG2,2,2.0,2.0
alternative_energy,Environment_Animal_Rights,no_schema,01_no_schema_20260916_021312_974419.json,AG2,3,2.0,2.0
alternative_energy,Environment_Animal_Rights,no_schema,01_no_schema_20260916_021312_974419.json,AG2,4,3.0,3.0
alternative_energy,Environment_Animal_Rights,no_schema,01_no_schema_20260916_021312_974419.json,AG2,5,2.0,2.0
alternative_energy,Environment_Animal_Rights,no_schema,01_no_schema_20260916_021312_974419.json,AG2,6,4.0,4.0
alternative_energy,Environment_Animal_Rights,no_schema,01_no_schema_20260916_021312_974419.json,AG2,7,4.0,4.0
alternative_energy,Environment_Animal_Rights,no_schema,01_no_schema_20260916_021312_974419.json,AG2,8,2.0,2.0
alternative_energy,Environment_Animal_Rights,no_schema,01_no_schema_20260916_021312_974419.json,AG2,9,2.0,2.0
alternative_energy,Environment_Animal_Rights,no_schema,01_no_schema_20260916_021312_974419.json,AG2,10,3.0,3.0
alternative_energy,Environment_Animal_Rights,no_schema,01_no_schema_20260916_021312_974419.json,AG2,11,2.0,2.0
alternative_energy,Environment_Animal_Rights,no_schema,01_no_schema_20260916_021312_974419.json,AG2,12,2.0,2.0
alternative_energy,Environment_Animal_Rights,no_schema,01_no_schema_20260916_021312_974419.json,AG2,13,3.0,3.0
alternative_energy,Environment_Animal_Rights,no_schema,01_no_schema_20260916_021312_974419.json,AG2,14,3.0,3.0
alternative_energy,Environment_Animal_Rights,no_schema,01_no_schema_20260916_021312_974419.json,AG2,15,3.0,3.0
alternative_energy,Environment_Animal_Rights,no_schema,01_no_schema_20260916_021312_974419.json,AG2,16,3.0,3.0
alternative_energy,Environment_Animal_Rights,schema,01_schema_20260916_021519_172667.json,AG1,1,2.0,2.0
alternative_energy,Environment_Animal_Rights,schema,01_schema_20260916_021519_172667.json,AG1,2,2.0,2.0
alternative_energy,Environment_Animal_Rights,schema,01_schema_20260916_021519_172667.json,AG1,3,2.0,2.0
alternative_energy,Environment_Animal_Rights,schema,01_schema_20260916_021519_172667.json,AG1,4,3.0,3.0
alternative_energy,Environment_Animal_Rights,schema,01_schema_20260916_021519_172667.json,AG1,5,2.0,2.0
alternative_energy,Environment_Animal_Rights,schema,01_schema_20260916_021519_172667.json,AG1,6,4.0,4.0
alternative_energy,Environment_Animal_Rights,schema,01_schema_20260916_021519_172667.json,AG1,7,5.0,5.0
alternative_energy,Environment_Animal_Rights,schema,01_schema_20260916_021519_172667.json,AG1,8,2.0,2.0
alternative_energy,Environment_Animal_Rights,schema,01_schema_20260916_021519_172667.json,AG1,9,3.0,3.0
alternative_energy,Environment_Animal_Rights,schema,01_schema_20260916_021519_172667.json,AG1,10,3.0,3.0
alternative_energy,Environment_Animal_Rights,schema,01_schema_20260916_021519_172667.json,AG1,11,2.0,2.0
alternative_energy,Environment_Animal_Rights,schema,01_schema_20260916_021519_172667.json,AG1,12,2.0,2.0
alternative_energy,Environment_Animal_Rights,schema,01_schema_20260916_021519_172667.json,AG1,13,3.0,3.0
alternative_energy,Environment_Animal_Rights,schema,01_schema_20260916_021519_172667.json,AG1,14,3.0,3.0
alternative_energy,Environment_Animal_Rights,schema,01_schema_20260916_021519_172667.json,AG1,15,2.0,2.0
alternative_energy,Environment_Animal_Rights,schema,01_schema_20260916_021519_172667.json,AG1,16,3.0,3.0
alternative_energy,Environment_Animal_Rights,schema,01_schema_20260916_021519_172667.json,AG2,1,5.0,5.0
alternative_energy,Environment_Animal_Rights,schema,01_schema_20260916_021519_172667.json,AG2,2,4.0,4.0
alternative_energy,Environment_Animal_Rights,schema,01_schema_20260916_021519_172667.json,AG2,3,2.0,2.0
alternative_energy,Environment_Animal_Rights,schema,01_schema_20260916_021519_172667.json,AG2,4,4.0,4.0
alternative_energy,Environment_Animal_Rights,schema,01_schema_20260916_021519_172667.json,AG2,5,1.0,1.0
alternative_energy,Environment_Animal_Rights,schema,01_schema_20260916_021519_172667.json,AG2,6,4.0,4.0
alternative_energy,Environment_Animal_Rights,schema,01_schema_20260916_021519_172667.json,AG2,7,6.0,6.0
alternative_energy,Environment_Animal_Rights,schema,01_schema_20260916_021519_172667.json,AG2,8,3.0,3.0
alternative_energy,Environment_Animal_Rights,schema,01_schema_20260916_021519_172667.json,AG2,9,3.0,3.0
alternative_energy,Environment_Animal_Rights,schema,01_schema_20260916_021519_172667.json,AG2,10,4.0,4.0
alternative_energy,Environment_Animal_Rights,schema,01_schema_20260916_021519_172667.json,AG2,11,4.0,4.0
alternative_energy,Environment_Animal_Rights,schema,01_schema_20260916_021519_172667.json,AG2,12,2.0,2.0
alternative_energy,Environment_Animal_Rights,schema,01_schema_20260916_021519_172667.json,AG2,13,3.0,3.0
alternative_energy,Environment_Animal_Rights,schema,01_schema_20260916_021519_172667.json,AG2,14,3.0,3.0
alternative_energy,Environment_Animal_Rights,schema,01_schema_20260916_021519_172667.json,AG2,15,2.0,2.0
alternative_energy,Environment_Animal_Rights,schema,01_schema_20260916_021519_172667.json,AG2,16,3.0,3.0
alternative_energy,Environment_Animal_Rights,free_debate,02_free_debate_20260916_021341_054508.json,AG1,1,3.0,3.0
alternative_energy,Environment_Animal_Rights,free_debate,02_free_debate_20260916_021341_054508.json,AG1,2,2.0,2.0
alternative_energy,Environment_Animal_Rights,free_debate,02_free_debate_20260916_021341_054508.json,AG1,3,2.0,2.0
alternative_energy,Environment_Animal_Rights,free_debate,02_free_debate_20260916_021341_054508.json,AG1,4,4.0,4.0
alternative_energy,Environment_Animal_Rights,free_debate,02_free_debate_20260916_021341_054508.json,AG1,5,2.0,2.0
alternative_energy,Environment_Animal_Rights,free_debate,02_free_debate_20260916_021341_054508.json,AG1,6,4.0,4.0
alternative_energy,Environment_Animal_Rights,free_debate,02_free_debate_20260916_021341_054508.json,AG1,7,5.0,5.0
alternative_energy,Environment_Animal_Rights,free_debate,02_free_debate_20260916_021341_054508.json,AG1,8,3.0,3.0
alternative_energy,Environment_Animal_Rights,free_debate,02_free_debate_20260916_021341_054508.json,AG1,9,2.0,2.0
alternative_energy,Environment_Animal_Rights,free_debate,02_free_debate_20260916_021341_054508.json,AG1,10,3.0,3.0
alternative_energy,Environment_Animal_Rights,free_debate,02_free_debate_20260916_021341_054508.json,AG1,11,2.0,2.0
alternative_energy,Environment_Animal_Rights,free_debate,02_free_debate_20260916_021341_054508.json,AG1,12,2.0,2.0
alternative_energy,Environment_Animal_Rights,free_debate,02_free_debate_20260916_021341_054508.json,AG1,13,3.0,3.0
alternative_energy,Environment_Animal_Rights,free_debate,02_free_debate_20260916_021341_054508.json,AG1,14,3.0,3.0
alternative_energy,Environment_Animal_Rights,free_debate,02_free_debate_20260916_021341_054508.json,AG1,15,2.0,2.0
alternative_energy,Environment_Animal_Rights,free_debate,02_free_debate_20260916_021341_054508.json,AG1,16,3.0,3.0
alternative_energy,Environment_Animal_Rights,free_debate,02_free_debate_20260916_021341_054508.json,AG2,1,4.0,4.0
alternative_energy,Environment_Animal_Rights,free_debate,02_free_debate_20260916_021341_054508.json,AG2,2,3.0,3.0
alternative_energy,Environment_Animal_Rights,free_debate,02_free_debate_20260916_021341_054508.json,AG2,3,2.0,2.0
alternative_energy,Environment_Animal_Rights,free_debate,02_free_debate_20260916_021341_054508.json,AG2,4,4.0,4.0
alternative_energy,Environment_Animal_Rights,free_debate,02_free_debate_20260916_021341_054508.json,AG2,5,2.0,2.0
alternative_energy,Environment_Animal_Rights,free_debate,02_free_debate_20260916_021341_054508.json,AG2,6,4.0,4.0
alternative_energy,Environment_Animal_Rights,free_debate,02_free_debate_20260916_021341_054508.json,AG2,7,5.0,5.0
alternative_energy,Environment_Animal_Rights,free_debate,02_free_debate_20260916_021341_054508.json,AG2,8,4.0,4.0
alternative_energy,Environment_Animal_Rights,free_debate,02_free_debate_20260916_021341_054508.json,AG2,9,3.0,3.0
alternative_energy,Environment_Animal_Rights,free_debate,02_free_debate_20260916_021341_054508.json,AG2,10,4.0,4.0
alternative_energy,Environment_Animal_Rights,free_debate,02_free_debate_20260916_021341_054508.json,AG2,11,3.0,3.0
alternative_energy,Environment_Animal_Rights,free_debate,02_free_debate_20260916_021341_054508.json,AG2,12,3.0,3.0
alternative_energy,Environment_Animal_Rights,free_debate,02_free_debate_20260916_021341_054508.json,AG2,13,3.0,3.0
alternative_energy,Environment_Animal_Rights,free_debate,02_free_debate_20260916_021341_054508.json,AG2,14,3.0,3.0
alternative_energy,Environment_Animal_Rights,free_debate,02_free_debate_20260916_021341_054508.json,AG2,15,3.0,3.0
alternative_energy,Environment_Animal_Rights,free_debate,02_free_debate_20260916_021341_054508.json,AG2,16,3.0,3.0
alternative_energy,Environment_Animal_Rights,mad,02_mad_20260916_021336_495887.json,AG1,1,4.0,4.0
alternative_energy,Environment_Animal_Rights,mad,02_mad_20260916_021336_495887.json,AG1,2,3.0,3.0
alternative_energy,Environment_Animal_Rights,mad,02_mad_20260916_021336_495887.json,AG1,3,2.0,2.0
alternative_energy,Environment_Animal_Rights,mad,02_mad_20260916_021336_495887.json,AG1,4,4.0,4.0
alternative_energy,Environment_Animal_Rights,mad,02_mad_20260916_021336_495887.json,AG1,5,2.0,2.0
alternative_energy,Environment_Animal_Rights,mad,02_mad_20260916_021336_495887.json,AG1,6,4.0,4.0
alternative_energy,Environment_Animal_Rights,mad,02_mad_20260916_021336_495887.json,AG1,7,5.0,5.0
alternative_energy,Environment_Animal_Rights,mad,02_mad_20260916_021336_495887.json,AG1,8,4.0,4.0
alternative_energy,Environment_Animal_Rights,mad,02_mad_20260916_021336_495887.json,AG1,9,2.0,2.0
alternative_energy,Environment_Animal_Rights,mad,02_mad_20260916_021336_495887.json,AG1,10,3.0,3.0
alternative_energy,Environment_Animal_Rights,mad,02_mad_20260916_021336_495887.json,AG1,11,3.0,3.0
alternative_energy,Environment_Animal_Rights,mad,02_mad_20260916_021336_495887.json,AG1,12,2.0,2.0
alternative_energy,Environment_Animal_Rights,mad,02_mad_20260916_021336_495887.json,AG1,13,3.0,3.0
alternative_energy,Environment_Animal_Rights,mad,02_mad_20260916_021336_495887.json,AG1,14,3.0,3.0
alternative_energy,Environment_Animal_Rights,mad,02_mad_20260916_021336_495887.json,AG1,15,2.0,2.0
alternative_energy,Environment_Animal_Rights,mad,02_mad_20260916_021336_495887.json,AG1,16,3.0,3.0
alternative_energy,Environment_Animal_Rights,mad,02_mad_20260916_021336_495887.json,AG2,1,4.0,4.0
alternative_energy,Environment_Animal_Rights,mad,02_mad_20260916_021336_495887.json,AG2,2,3.0,3.0
alternative_energy,Environment_Animal_Rights,mad,02_mad_20260916_021336_495887.json,AG2,3,2.0,2.0
alternative_energy,Environment_Animal_Rights,mad,02_mad_20260916_021336_495887.json,AG2,4,4.0,4.0
alternative_energy,Environment_Animal_Rights,mad,02_mad_20260916_021336_495887.json,AG2,5,2.0,2.0
alternative_energy,Environment_Animal_Rights,mad,02_mad_20260916_021336_495887.json,AG2,6,3.0,3.0
alternative_energy,Environment_Animal_Rights,mad,02_mad_20260916_021336_495887.json,AG2,7,5.0,5.0
alternative_energy,Environment_Animal_Rights,mad,02_mad_20260916_021336_495887.json,AG2,8,4.0,4.0
alternative_energy,Environment_Animal_Rights,mad,02_mad_20260916_021336_495887.json,AG2,9,3.0,3.0
alternative_energy,Environment_Animal_Rights,mad,02_mad_20260916_021336_495887.json,AG2,10,3.0,3.0
alternative_energy,Environment_Animal_Rights,mad,02_mad_20260916_021336_495887.json,AG2,11,3.0,3.0
alternative_energy,Environment_Animal_Rights,mad,02_mad_20260916_021336_495887.json,AG2,12,3.0,3.0
alternative_energy,Environment_Animal_Rights,mad,02_mad_20260916_021336_495887.json,AG2,13,4.0,4.0
alternative_energy,Environment_Animal_Rights,mad,02_mad_20260916_021336_495887.json,AG2,14,3.0,3.0
alternative_energy,Environment_Animal_Rights,mad,02_mad_20260916_021336_495887.json,AG2,15,3.0,3.0
alternative_energy,Environment_Animal_Rights,mad,02_mad_20260916_021336_495887.json,AG2,16,3.0,3.0
alternative_energy,Environment_Animal_Rights,no_schema,02_no_schema_20260916_021353_277950.json,AG1,1,5.0,5.0
alternative_energy,Environment_Animal_Rights,no_schema,02_no_schema_20260916_021353_277950.json,AG1,2,4.0,4.0
alternative_energy,Environment_Animal_Rights,no_schema,02_no_schema_20260916_021353_277950.json,AG1,3,2.0,2.0
alternative_energy,Environment_Animal_Rights,no_schema,02_no_schema_20260916_021353_277950.json,AG1,4,5.0,5.0
alternative_energy,Environment_Animal_Rights,no_schema,02_no_schema_20260916_021353_277950.json,AG1,5,2.0,2.0
alternative_energy,Environment_Animal_Rights,no_schema,02_no_schema_20260916_021353_277950.json,AG1,6,6.0,6.0
alternative_energy,Environment_Animal_Rights,no_schema,02_no_schema_20260916_021353_277950.json,AG1,7,5.0,5.0
alternative_energy,Environment_Animal_Rights,no_schema,02_no_schema_20260916_021353_277950.json,AG1,8,4.0,4.0
alternative_energy,Environment_Animal_Rights,no_schema,02_no_schema_20260916_021353_277950.json,AG1,9,4.0,4.0
alternative_energy,Environment_Animal_Rights,no_schema,02_no_schema_20260916_021353_277950.json,AG1,10,4.0,4.0
alternative_energy,Environment_Animal_Rights,no_schema,02_no_schema_20260916_021353_277950.json,AG1,11,4.0,4.0
alternative_energy,Environment_Animal_Rights,no_schema,02_no_schema_20260916_021353_277950.json,AG1,12,4.0,4.0
alternative_energy,Environment_Animal_Rights,no_schema,02_no_schema_20260916_021353_277950.json,AG1,13,4.0,4.0
alternative_energy,Environment_Animal_Rights,no_schema,02_no_schema_20260916_021353_277950.json,AG1,14,4.0,4.0
alternative_energy,Environment_Animal_Rights,no_schema,02_no_schema_20260916_021353_277950.json,AG1,15,4.0,4.0
alternative_energy,Environment_Animal_Rights,no_schema,02_no_schema_20260916_021353_277950.json,AG1,16,4.0,4.0
alternative_energy,Environment_Animal_Rights,no_schema,02_no_schema_20260916_021353_277950.json,AG2,1,3.0,3.0
alternative_energy,Environment_Animal_Rights,no_schema,02_no_schema_20260916_021353_277950.json,AG2,2,3.0,3.0
alternative_energy,Environment_Animal_Rights,no_schema,02_no_schema_20260916_021353_277950.json,AG2,3,3.0,3.0
alternative_energy,Environment_Animal_Rights,no_schema,02_no_schema_20260916_021353_277950.json,AG2,4,3.0,3.0
alternative_energy,Environment_Animal_Rights,no_schema,02_no_schema_20260916_021353_277950.json,AG2,5,2.0,2.0
alternative_energy,Environment_Animal_Rights,no_schema,02_no_schema_20260916_021353_277950.json,AG2,6,4.0,4.0
alternative_energy,Environment_Animal_Rights,no_schema,02_no_schema_20260916_021353_277950.json,AG2,7,5.0,5.0
alternative_energy,Environment_Animal_Rights,no_schema,02_no_schema_20260916_021353_277950.json,AG2,8,2.0,2.0
alternative_energy,Environment_Animal_Rights,no_schema,02_no_schema_20260916_021353_277950.json,AG2,9,3.0,3.0
alternative_energy,Environment_Animal_Rights,no_schema,02_no_schema_20260916_021353_277950.json,AG2,10,3.0,3.0
alternative_energy,Environment_Animal_Rights,no_schema,02_no_schema_20260916_021353_277950.json,AG2,11,3.0,3.0
alternative_energy,Environment_Animal_Rights,no_schema,02_no_schema_20260916_021353_277950.json,AG2,12,3.0,3.0
alternative_energy,Environment_Animal_Rights,no_schema,02_no_schema_20260916_021353_277950.json,AG2,13,4.0,4.0
alternative_energy,Environment_Animal_Rights,no_schema,02_no_schema_20260916_021353_277950.json,AG2,14,3.0,3.0
alternative_energy,Environment_Animal_Rights,no_schema,02_no_schema_20260916_021353_277950.json,AG2,15,2.0,2.0
alternative_energy,Environment_Animal_Rights,no_schema,02_no_schema_20260916_021353_277950.json,AG2,16,3.0,3.0
alternative_energy,Environment_Animal_Rights,schema,02_schema_20260916_021423_381886.json,AG1,1,2.0,2.0
alternative_energy,Environment_Animal_Rights,schema,02_schema_20260916_021423_381886.json,AG1,2,1.0,1.0
alternative_energy,Environment_Animal_Rights,schema,02_schema_20260916_021423_381886.json,AG1,3,3.0,3.0
alternative_energy,Environment_Animal_Rights,schema,02_schema_20260916_021423_381886.json,AG1,4,2.0,2.0
alternative_energy,Environment_Animal_Rights,schema,02_schema_20260916_021423_381886.json,AG1,5,2.0,2.0
alternative_energy,Environment_Animal_Rights,schema,02_schema_20260916_021423_381886.json,AG1,6,4.0,4.0
alternative_energy,Environment_Animal_Rights,schema,02_schema_20260916_021423_381886.json,AG1,7,6.0,6.0
alternative_energy,Environment_Animal_Rights,schema,02_schema_20260916_021423_381886.json,AG1,8,3.0,3.0
alternative_energy,Environment_Animal_Rights,schema,02_schema_20260916_021423_381886.json,AG1,9,2.0,2.0
alternative_energy,Environment_Animal_Rights,schema,02_schema_20260916_021423_381886.json,AG1,10,2.0,2.0
alternative_energy,Environment_Animal_Rights,schema,02_schema_20260916_021423_381886.json,AG1,11,3.0,3.0
alternative_energy,Environment_Animal_Rights,schema,02_schema_20260916_021423_381886.json,AG1,12,2.0,2.0
alternative_energy,Environment_Animal_Rights,schema,02_schema_20260916_021423_381886.json,AG1,13,2.0,2.0
alternative_energy,Environment_Animal_Rights,schema,02_schema_20260916_021423_381886.json,AG1,14,3.0,3.0
alternative_energy,Environment_Animal_Rights,schema,02_schema_20260916_021423_381886.json,AG1,15,2.0,2.0
alternative_energy,Environment_Animal_Rights,schema,02_schema_20260916_021423_381886.json,AG1,16,3.0,3.0
alternative_energy,Environment_Animal_Rights,schema,02_schema_20260916_021423_381886.json,AG2,1,6.0,6.0
alternative_energy,Environment_Animal_Rights,schema,02_schema_20260916_021423_381886.json,AG2,2,5.0,5.0
alternative_energy,Environment_Animal_Rights,schema,02_schema_20260916_021423_381886.json,AG2,3,2.0,2.0
alternative_energy,Environment_Animal_Rights,schema,02_schema_20260916_021423_381886.json,AG2,4,5.0,5.0
alternative_energy,Environment_Animal_Rights,schema,02_schema_20260916_021423_381886.json,AG2,5,2.0,2.0
alternative_energy,Environment_Animal_Rights,schema,02_schema_20260916_021423_381886.json,AG2,6,4.0,4.0
alternative_energy,Environment_Animal_Rights,schema,02_schema_20260916_021423_381886.json,AG2,7,6.0,6.0
alternative_energy,Environment_Animal_Rights,schema,02_schema_20260916_021423_381886.json,AG2,8,4.0,4.0
alternative_energy,Environment_Animal_Rights,schema,02_schema_20260916_021423_381886.json,AG2,9,2.0,2.0
alternative_energy,Environment_Animal_Rights,schema,02_schema_20260916_021423_381886.json,AG2,10,3.0,3.0
alternative_energy,Environment_Animal_Rights,schema,02_schema_20260916_021423_381886.json,AG2,11,4.0,4.0
alternative_energy,Environment_Animal_Rights,schema,02_schema_20260916_021423_381886.json,AG2,12,2.0,2.0
alternative_energy,Environment_Animal_Rights,schema,02_schema_20260916_021423_381886.json,AG2,13,2.0,2.0
alternative_energy,Environment_Animal_Rights,schema,02_schema_20260916_021423_381886.json,AG2,14,3.0,3.0
alternative_energy,Environment_Animal_Rights,schema,02_schema_20260916_021423_381886.json,AG2,15,2.0,2.0
alternative_energy,Environment_Animal_Rights,schema,02_schema_20260916_021423_381886.json,AG2,16,3.0,3.0
alternative_energy,Environment_Animal_Rights,free_debate,03_free_debate_20260916_021404_660787.json,AG1,1,3.0,3.0
alternative_energy,Environment_Animal_Rights,free_debate,03_free_debate_20260916_021404_660787.json,AG1,2,2.0,2.0
alternative_energy,Environment_Animal_Rights,free_debate,03_free_debate_20260916_021404_660787.json,AG1,3,2.0,2.0
alternative_energy,Environment_Animal_Rights,free_debate,03_free_debate_20260916_021404_660787.json,AG1,4,4.0,4.0
alternative_energy,Environment_Animal_Rights,free_debate,03_free_debate_20260916_021404_660787.json,AG1,5,1.0,1.0
alternative_energy,Environment_Animal_Rights,free_debate,03_free_debate_20260916_021404_660787.json,AG1,6,3.0,3.0
alternative_energy,Environment_Animal_Rights,free_debate,03_free_debate_20260916_021404_660787.json,AG1,7,5.0,5.0
alternative_energy,Environment_Animal_Rights,free_debate,03_free_debate_20260916_021404_660787.json,AG1,8,4.0,4.0
alternative_energy,Environment_Animal_Rights,free_debate,03_free_debate_20260916_021404_660787.json,AG1,9,3.0,3.0
alternative_energy,Environment_Animal_Rights,free_debate,03_free_debate_20260916_021404_660787.json,AG1,10,4.0,4.0
alternative_energy,Environment_Animal_Rights,free_debate,03_free_debate_20260916_021404_660787.json,AG1,11,4.0,4.0
alternative_energy,Environment_Animal_Rights,free_debate,03_free_debate_20260916_021404_660787.json,AG1,12,3.0,3.0
alternative_energy,Environment_Animal_Rights,free_debate,03_free_debate_20260916_021404_660787.json,AG1,13,3.0,3.0
alternative_energy,Environment_Animal_Rights,free_debate,03_free_debate_20260916_021404_660787.json,AG1,14,4.0,4.0
alternative_energy,Environment_Animal_Rights,free_debate,03_free_debate_20260916_021404_660787.json,AG1,15,3.0,3.0
alternative_energy,Environment_Animal_Rights,free_debate,03_free_debate_20260916_021404_660787.json,AG1,16,3.0,3.0
alternative_energy,Environment_Animal_Rights,free_debate,03_free_debate_20260916_021404_660787.json,AG2,1,4.0,4.0
alternative_energy,Environment_Animal_Rights,free_debate,03_free_debate_20260916_021404_660787.json,AG2,2,5.0,5.0
alternative_energy,Environment_Animal_Rights,free_debate,03_free_debate_20260916_021404_660787.json,AG2,3,2.0,2.0
alternative_energy,Environment_Animal_Rights,free_debate,03_free_debate_20260916_021404_660787.json,AG2,4,4.0,4.0
alternative_energy,Environment_Animal_Rights,free_debate,03_free_debate_20260916_021404_660787.json,AG2,5,3.0,3.0
alternative_energy,Environment_Animal_Rights,free_debate,03_free_debate_20260916_021404_660787.json,AG2,6,4.0,4.0
alternative_energy,Environment_Animal_Rights,free_debate,03_free_debate_20260916_021404_660787.json,AG2,7,6.0,6.0
alternative_energy,Environment_Animal_Rights,free_debate,03_free_debate_20260916_021404_660787.json,AG2,8,4.0,4.0
alternative_energy,Environment_Animal_Rights,free_debate,03_free_debate_20260916_021404_660787.json,AG2,9,2.0,2.0
alternative_energy,Environment_Animal_Rights,free_debate,03_free_debate_20260916_021404_660787.json,AG2,10,3.0,3.0
alternative_energy,Environment_Animal_Rights,free_debate,03_free_debate_20260916_021404_660787.json,AG2,11,2.0,2.0
alternative_energy,Environment_Animal_Rights,free_debate,03_free_debate_20260916_021404_660787.json,AG2,12,2.0,2.0
alternative_energy,Environment_Animal_Rights,free_debate,03_free_debate_20260916_021404_660787.json,AG2,13,3.0,3.0
alternative_energy,Environment_Animal_Rights,free_debate,03_free_debate_20260916_021404_660787.json,AG2,14,3.0,3.0
alternative_energy,Environment_Animal_Rights,free_debate,03_free_debate_20260916_021404_660787.json,AG2,15,3.0,3.0
alternative_energy,Environment_Animal_Rights,free_debate,03_free_debate_20260916_021404_660787.json,AG2,16,3.0,3.0
alternative_energy,Environment_Animal_Rights,mad,03_mad_20260916_021354_087925.json,AG1,1,5.0,5.0
alternative_energy,Environment_Animal_Rights,mad,03_mad_20260916_021354_087925.json,AG1,2,3.0,3.0
alternative_energy,Environment_Animal_Rights,mad,03_mad_20260916_021354_087925.json,AG1,3,2.0,2.0
alternative_energy,Environment_Animal_Rights,mad,03_mad_20260916_021354_087925.json,AG1,4,4.0,4.0
alternative_energy,Environment_Animal_Rights,mad,03_mad_20260916_021354_087925.json,AG1,5,2.0,2.0
alternative_energy,Environment_Animal_Rights,mad,03_mad_20260916_021354_087925.json,AG1,6,4.0,4.0
alternative_energy,Environment_Animal_Rights,mad,03_mad_20260916_021354_087925.json,AG1,7,6.0,6.0
alternative_energy,Environment_Animal_Rights,mad,03_mad_20260916_021354_087925.json,AG1,8,4.0,4.0
alternative_energy,Environment_Animal_Rights,mad,03_mad_20260916_021354_087925.json,AG1,9,2.0,2.0
alternative_energy,Environment_Animal_Rights,mad,03_mad_20260916_021354_087925.json,AG1,10,3.0,3.0
alternative_energy,Environment_Animal_Rights,mad,03_mad_20260916_021354_087925.json,AG1,11,3.0,3.0
alternative_energy,Environment_Animal_Rights,mad,03_mad_20260916_021354_087925.json,AG1,12,3.0,3.0
alternative_energy,Environment_Animal_Rights,mad,03_mad_20260916_021354_087925.json,AG1,13,3.0,3.0
alternative_energy,Environment_Animal_Rights,mad,03_mad_20260916_021354_087925.json,AG1,14,4.0,4.0
alternative_energy,Environment_Animal_Rights,mad,03_mad_20260916_021354_087925.json,AG1,15,3.0,3.0
alternative_energy,Environment_Animal_Rights,mad,03_mad_20260916_021354_087925.json,AG1,16,4.0,4.0
alternative_energy,Environment_Animal_Rights,mad,03_mad_20260916_021354_087925.json,AG2,1,2.0,2.0
alternative_energy,Environment_Animal_Rights,mad,03_mad_20260916_021354_087925.json,AG2,2,1.0,1.0
alternative_energy,Environment_Animal_Rights,mad,03_mad_20260916_021354_087925.json,AG2,3,3.0,3.0
alternative_energy,Environment_Animal_Rights,mad,03_mad_20260916_021354_087925.json,AG2,4,2.0,2.0
alternative_energy,Environment_Animal_Rights,mad,03_mad_20260916_021354_087925.json,AG2,5,2.0,2.0
alternative_energy,Environment_Animal_Rights,mad,03_mad_20260916_021354_087925.json,AG2,6,3.0,3.0
alternative_energy,Environment_Animal_Rights,mad,03_mad_20260916_021354_087925.json,AG2,7,5.0,5.0
alternative_energy,Environment_Animal_Rights,mad,03_mad_20260916_021354_087925.json,AG2,8,2.0,2.0
alternative_energy,Environment_Animal_Rights,mad,03_mad_20260916_021354_087925.json,AG2,9,2.0,2.0
alternative_energy,Environment_Animal_Rights,mad,03_mad_20260916_021354_087925.json,AG2,10,2.0,2.0
alternative_energy,Environment_Animal_Rights,mad,03_mad_20260916_021354_087925.json,AG2,11,2.0,2.0
alternative_energy,Environment_Animal_Rights,mad,03_mad_20260916_021354_087925.json,AG2,12,2.0,2.0
alternative_energy,Environment_Animal_Rights,mad,03_mad_20260916_021354_087925.json,AG2,13,3.0,3.0
alternative_energy,Environment_Animal_Rights,mad,03_mad_20260916_021354_087925.json,AG2,14,2.0,2.0
alternative_energy,Environment_Animal_Rights,mad,03_mad_20260916_021354_087925.json,AG2,15,2.0,2.0
alternative_energy,Environment_Animal_Rights,mad,03_mad_20260916_021354_087925.json,AG2,16,2.0,2.0
alternative_energy,Environment_Animal_Rights,no_schema,03_no_schema_20260916_021428_892856.json,AG1,1,4.0,4.0
alternative_energy,Environment_Animal_Rights,no_schema,03_no_schema_20260916_021428_892856.json,AG1,2,3.0,3.0
alternative_energy,Environment_Animal_Rights,no_schema,03_no_schema_20260916_021428_892856.json,AG1,3,2.0,2.0
alternative_energy,Environment_Animal_Rights,no_schema,03_no_schema_20260916_021428_892856.json,AG1,4,5.0,5.0
alternative_energy,Environment_Animal_Rights,no_schema,03_no_schema_20260916_021428_892856.json,AG1,5,2.0,2.0
alternative_energy,Environment_Animal_Rights,no_schema,03_no_schema_20260916_021428_892856.json,AG1,6,4.0,4.0
alternative_energy,Environment_Animal_Rights,no_schema,03_no_schema_20260916_021428_892856.json,AG1,7,6.0,6.0
alternative_energy,Environment_Animal_Rights,no_schema,03_no_schema_20260916_021428_892856.json,AG1,8,4.0,4.0
alternative_energy,Environment_Animal_Rights,no_schema,03_no_schema_20260916_021428_892856.json,AG1,9,2.0,2.0
alternative_energy,Environment_Animal_Rights,no_schema,03_no_schema_20260916_021428_892856.json,AG1,10,3.0,3.0
alternative_energy,Environment_Animal_Rights,no_schema,03_no_schema_20260916_021428_892856.json,AG1,11,3.0,3.0
alternative_energy,Environment_Animal_Rights,no_schema,03_no_schema_20260916_021428_892856.json,AG1,12,2.0,2.0
alternative_energy,Environment_Animal_Rights,no_schema,03_no_schema_20260916_021428_892856.json,AG1,13,3.0,3.0
alternative_energy,Environment_Animal_Rights,no_schema,03_no_schema_20260916_021428_892856.json,AG1,14,3.0,3.0
alternative_energy,Environment_Animal_Rights,no_schema,03_no_schema_20260916_021428_892856.json,AG1,15,3.0,3.0
alternative_energy,Environment_Animal_Rights,no_schema,03_no_schema_20260916_021428_892856.json,AG1,16,4.0,4.0
alternative_energy,Environment_Animal_Rights,no_schema,03_no_schema_20260916_021428_892856.json,AG2,1,3.0,3.0
alternative_energy,Environment_Animal_Rights,no_schema,03_no_schema_20260916_021428_892856.json,AG2,2,2.0,2.0
alternative_energy,Environment_Animal_Rights,no_schema,03_no_schema_20260916_021428_892856.json,AG2,3,2.0,2.0
alternative_energy,Environment_Animal_Rights,no_schema,03_no_schema_20260916_021428_892856.json,AG2,4,3.0,3.0
alternative_energy,Environment_Animal_Rights,no_schema,03_no_schema_20260916_021428_892856.json,AG2,5,2.0,2.0
alternative_energy,Environment_Animal_Rights,no_schema,03_no_schema_20260916_021428_892856.json,AG2,6,4.0,4.0
alternative_energy,Environment_Animal_Rights,no_schema,03_no_schema_20260916_021428_892856.json,AG2,7,4.0,4.0
alternative_energy,Environment_Animal_Rights,no_schema,03_no_schema_20260916_021428_892856.json,AG2,8,3.0,3.0
alternative_energy,Environment_Animal_Rights,no_schema,03_no_schema_20260916_021428_892856.json,AG2,9,3.0,3.0
alternative_energy,Environment_Animal_Rights,no_schema,03_no_schema_20260916_021428_892856.json,AG2,10,3.0,3.0
alternative_energy,Environment_Animal_Rights,no_schema,03_no_schema_20260916_021428_892856.json,AG2,11,2.0,2.0
alternative_energy,Environment_Animal_Rights,no_schema,03_no_schema_20260916_021428_892856.json,AG2,12,2.0,2.0
alternative_energy,Environment_Animal_Rights,no_schema,03_no_schema_20260916_021428_892856.json,AG2,13,2.0,2.0
alternative_energy,Environment_Animal_Rights,no_schema,03_no_schema_20260916_021428_892856.json,AG2,14,3.0,3.0
alternative_energy,Environment_Animal_Rights,no_schema,03_no_schema_20260916_021428_892856.json,AG2,15,2.0,2.0
alternative_energy,Environment_Animal_Rights,no_schema,03_no_schema_20260916_021428_892856.json,AG2,16,3.0,3.0
alternative_energy,Environment_Animal_Rights,schema,03_schema_20260916_021618_669392.json,AG1,1,5.0,5.0
alternative_energy,Environment_Animal_Rights,schema,03_schema_20260916_021618_669392.json,AG1,2,4.0,4.0
alternative_energy,Environment_Animal_Rights,schema,03_schema_20260916_021618_669392.json,AG1,3,2.0,2.0
alternative_energy,Environment_Animal_Rights,schema,03_schema_20260916_021618_669392.json,AG1,4,5.0,5.0
alternative_energy,Environment_Animal_Rights,schema,03_schema_20260916_021618_669392.json,AG1,5,1.0,1.0
alternative_energy,Environment_Animal_Rights,schema,03_schema_20260916_021618_669392.json,AG1,6,6.0,6.0
alternative_energy,Environment_Animal_Rights,schema,03_schema_20260916_021618_669392.json,AG1,7,6.0,6.0
alternative_energy,Environment_Animal_Rights,schema,03_schema_20260916_021618_669392.json,AG1,8,4.0,4.0
alternative_energy,Environment_Animal_Rights,schema,03_schema_20260916_021618_669392.json,AG1,9,3.0,3.0
alternative_energy,Environment_Animal_Rights,schema,03_schema_20260916_021618_669392.json,AG1,10,4.0,4.0
alternative_energy,Environment_Animal_Rights,schema,03_schema_20260916_021618_669392.json,AG1,11,3.0,3.0
alternative_energy,Environment_Animal_Rights,schema,03_schema_20260916_021618_669392.json,AG1,12,3.0,3.0
alternative_energy,Environment_Animal_Rights,schema,03_schema_20260916_021618_669392.json,AG1,13,3.0,3.0
alternative_energy,Environment_Animal_Rights,schema,03_schema_20260916_021618_669392.json,AG1,14,4.0,4.0
alternative_energy,Environment_Animal_Rights,schema,03_schema_20260916_021618_669392.json,AG1,15,3.0,3.0
alternative_energy,Environment_Animal_Rights,schema,03_schema_20260916_021618_669392.json,AG1,16,4.0,4.0
alternative_energy,Environment_Animal_Rights,schema,03_schema_20260916_021618_669392.json,AG2,1,3.0,3.0
alternative_energy,Environment_Animal_Rights,schema,03_schema_20260916_021618_669392.json,AG2,2,2.0,2.0
alternative_energy,Environment_Animal_Rights,schema,03_schema_20260916_021618_669392.json,AG2,3,4.0,4.0
alternative_energy,Environment_Animal_Rights,schema,03_schema_20260916_021618_669392.json,AG2,4,4.0,4.0
alternative_energy,Environment_Animal_Rights,schema,03_schema_20260916_021618_669392.json,AG2,5,2.0,2.0
alternative_energy,Environment_Animal_Rights,schema,03_schema_20260916_021618_669392.json,AG2,6,4.0,4.0
alternative_energy,Environment_Animal_Rights,schema,03_schema_20260916_021618_669392.json,AG2,7,6.0,6.0
alternative_energy,Environment_Animal_Rights,schema,03_schema_20260916_021618_669392.json,AG2,8,3.0,3.0
alternative_energy,Environment_Animal_Rights,schema,03_schema_20260916_021618_669392.json,AG2,9,2.0,2.0
alternative_energy,Environment_Animal_Rights,schema,03_schema_20260916_021618_669392.json,AG2,10,3.0,3.0
alternative_energy,Environment_Animal_Rights,schema,03_schema_20260916_021618_669392.json,AG2,11,2.0,2.0
alternative_energy,Environment_Animal_Rights,schema,03_schema_20260916_021618_669392.json,AG2,12,2.0,2.0
alternative_energy,Environment_Animal_Rights,schema,03_schema_20260916_021618_669392.json,AG2,13,3.0,3.0
alternative_energy,Environment_Animal_Rights,schema,03_schema_20260916_021618_669392.json,AG2,14,3.0,3.0
alternative_energy,Environment_Animal_Rights,schema,03_schema_20260916_021618_669392.json,AG2,15,2.0,2.0
alternative_energy,Environment_Animal_Rights,schema,03_schema_20260916_021618_669392.json,AG2,16,3.0,3.0
alternative_energy,Environment_Animal_Rights,free_debate,04_free_debate_20260916_021445_171517.json,AG1,1,4.0,4.0
alternative_energy,Environment_Animal_Rights,free_debate,04_free_debate_20260916_021445_171517.json,AG1,2,2.0,2.0
alternative_energy,Environment_Animal_Rights,free_debate,04_free_debate_20260916_021445_171517.json,AG1,3,2.0,2.0
alternative_energy,Environment_Animal_Rights,free_debate,04_free_debate_20260916_021445_171517.json,AG1,4,3.0,3.0
alternative_energy,Environment_Animal_Rights,free_debate,04_free_debate_20260916_021445_171517.json,AG1,5,1.0,1.0
alternative_energy,Environment_Animal_Rights,free_debate,04_free_debate_20260916_021445_171517.json,AG1,6,4.0,4.0
alternative_energy,Environment_Animal_Rights,free_debate,04_free_debate_20260916_021445_171517.json,AG1,7,6.0,6.0
alternative_energy,Environment_Animal_Rights,free_debate,04_free_debate_20260916_021445_171517.json,AG1,8,4.0,4.0
alternative_energy,Environment_Animal_Rights,free_debate,04_free_debate_20260916_021445_171517.json,AG1,9,2.0,2.0
alternative_energy,Environment_Animal_Rights,free_debate,04_free_debate_20260916_021445_171517.json,AG1,10,3.0,3.0
alternative_energy,Environment_Animal_Rights,free_debate,04_free_debate_20260916_021445_171517.json,AG1,11,2.0,2.0
alternative_energy,Environment_Animal_Rights,free_debate,04_free_debate_20260916_021445_171517.json,AG1,12,2.0,2.0
alternative_energy,Environment_Animal_Rights,free_debate,04_free_debate_20260916_021445_171517.json,AG1,13,3.0,3.0
alternative_energy,Environment_Animal_Rights,free_debate,04_free_debate_20260916_021445_171517.json,AG1,14,3.0,3.0
alternative_energy,Environment_Animal_Rights,free_debate,04_free_debate_20260916_021445_171517.json,AG1,15,3.0,3.0
alternative_energy,Environment_Animal_Rights,free_debate,04_free_debate_20260916_021445_171517.json,AG1,16,3.0,3.0
alternative_energy,Environment_Animal_Rights,free_debate,04_free_debate_20260916_021445_171517.json,AG2,1,4.0,4.0
alternative_energy,Environment_Animal_Rights,free_debate,04_free_debate_20260916_021445_171517.json,AG2,2,3.0,3.0
alternative_energy,Environment_Animal_Rights,free_debate,04_free_debate_20260916_021445_171517.json,AG2,3,2.0,2.0
alternative_energy,Environment_Animal_Rights,free_debate,04_free_debate_20260916_021445_171517.json,AG2,4,4.0,4.0
alternative_energy,Environment_Animal_Rights,free_debate,04_free_debate_20260916_021445_171517.json,AG2,5,2.0,2.0
alternative_energy,Environment_Animal_Rights,free_debate,04_free_debate_20260916_021445_171517.json,AG2,6,3.0,3.0
alternative_energy,Environment_Animal_Rights,free_debate,04_free_debate_20260916_021445_171517.json,AG2,7,5.0,5.0
alternative_energy,Environment_Animal_Rights,free_debate,04_free_debate_20260916_021445_171517.json,AG2,8,4.0,4.0
alternative_energy,Environment_Animal_Rights,free_debate,04_free_debate_20260916_021445_171517.json,AG2,9,2.0,2.0
alternative_energy,Environment_Animal_Rights,free_debate,04_free_debate_20260916_021445_171517.json,AG2,10,3.0,3.0
alternative_energy,Environment_Animal_Rights,free_debate,04_free_debate_20260916_021445_171517.json,AG2,11,2.0,2.0
alternative_energy,Environment_Animal_Rights,free_debate,04_free_debate_20260916_021445_171517.json,AG2,12,2.0,2.0
alternative_energy,Environment_Animal_Rights,free_debate,04_free_debate_20260916_021445_171517.json,AG2,13,3.0,3.0
alternative_energy,Environment_Animal_Rights,free_debate,04_free_debate_20260916_021445_171517.json,AG2,14,3.0,3.0
alternative_energy,Environment_Animal_Rights,free_debate,04_free_debate_20260916_021445_171517.json,AG2,15,3.0,3.0
alternative_energy,Environment_Animal_Rights,free_debate,04_free_debate_20260916_021445_171517.json,AG2,16,3.0,3.0
alternative_energy,Environment_Animal_Rights,mad,04_mad_20260916_021437_143421.json,AG1,1,5.0,5.0
alternative_energy,Environment_Animal_Rights,mad,04_mad_20260916_021437_143421.json,AG1,2,4.0,4.0
alternative_energy,Environment_Animal_Rights,mad,04_mad_20260916_021437_143421.json,AG1,3,2.0,2.0
alternative_energy,Environment_Animal_Rights,mad,04_mad_20260916_021437_143421.json,AG1,4,5.0,5.0
alternative_energy,Environment_Animal_Rights,mad,04_mad_20260916_021437_143421.json,AG1,5,2.0,2.0
alternative_energy,Environment_Animal_Rights,mad,04_mad_20260916_021437_143421.json,AG1,6,6.0,6.0
alternative_energy,Environment_Animal_Rights,mad,04_mad_20260916_021437_143421.json,AG1,7,6.0,6.0
alternative_energy,Environment_Animal_Rights,mad,04_mad_20260916_021437_143421.json,AG1,8,5.0,5.0
alternative_energy,Environment_Animal_Rights,mad,04_mad_20260916_021437_143421.json,AG1,9,3.0,3.0
alternative_energy,Environment_Animal_Rights,mad,04_mad_20260916_021437_143421.json,AG1,10,4.0,4.0
alternative_energy,Environment_Animal_Rights,mad,04_mad_20260916_021437_143421.json,AG1,11,4.0,4.0
alternative_energy,Environment_Animal_Rights,mad,04_mad_20260916_021437_143421.json,AG1,12,3.0,3.0
alternative_energy,Environment_Animal_Rights,mad,04_mad_20260916_021437_143421.json,AG1,13,3.0,3.0
alternative_energy,Environment_Animal_Rights,mad,04_mad_20260916_021437_143421.json,AG1,14,3.0,3.0
alternative_energy,Environment_Animal_Rights,mad,04_mad_20260916_021437_143421.json,AG1,15,2.0,2.0
alternative_energy,Environment_Animal_Rights,mad,04_mad_20260916_021437_143421.json,AG1,16,3.0,3.0
alternative_energy,Environment_Animal_Rights,mad,04_mad_20260916_021437_143421.json,AG2,1,2.0,2.0
alternative_energy,Environment_Animal_Rights,mad,04_mad_20260916_021437_143421.json,AG2,2,2.0,2.0
alternative_energy,Environment_Animal_Rights,mad,04_mad_20260916_021437_143421.json,AG2,3,4.0,4.0
alternative_energy,Environment_Animal_Rights,mad,04_mad_20260916_021437_143421.json,AG2,4,3.0,3.0
alternative_energy,Environment_Animal_Rights,mad,04_mad_20260916_021437_143421.json,AG2,5,2.0,2.0
alternative_energy,Environment_Animal_Rights,mad,04_mad_20260916_021437_143421.json,AG2,6,3.0,3.0
alternative_energy,Environment_Animal_Rights,mad,04_mad_20260916_021437_143421.json,AG2,7,5.0,5.0
alternative_energy,Environment_Animal_Rights,mad,04_mad_20260916_021437_143421.json,AG2,8,2.0,2.0
alternative_energy,Environment_Animal_Rights,mad,04_mad_20260916_021437_143421.json,AG2,9,2.0,2.0
alternative_energy,Environment_Animal_Rights,mad,04_mad_20260916_021437_143421.json,AG2,10,3.0,3.0
alternative_energy,Environment_Animal_Rights,mad,04_mad_20260916_021437_143421.json,AG2,11,2.0,2.0
alternative_energy,Environment_Animal_Rights,mad,04_mad_20260916_021437_143421.json,AG2,12,3.0,3.0
alternative_energy,Environment_Animal_Rights,mad,04_mad_20260916_021437_143421.json,AG2,13,4.0,4.0
alternative_energy,Environment_Animal_Rights,mad,04_mad_20260916_021437_143421.json,AG2,14,3.0,3.0
alternative_energy,Environment_Animal_Rights,mad,04_mad_20260916_021437_143421.json,AG2,15,2.0,2.0
alternative_energy,Environment_Animal_Rights,mad,04_mad_20260916_021437_143421.json,AG2,16,3.0,3.0
alternative_energy,Environment_Animal_Rights,no_schema,04_no_schema_20260916_021516_941690.json,AG1,1,4.0,4.0
alternative_energy,Environment_Animal_Rights,no_schema,04_no_schema_20260916_021516_941690.json,AG1,2,4.0,4.0
alternative_energy,Environment_Animal_Rights,no_schema,04_no_schema_20260916_021516_941690.json,AG1,3,2.0,2.0
alternative_energy,Environment_Animal_Rights,no_schema,04_no_schema_20260916_021516_941690.json,AG1,4,4.0,4.0
alternative_energy,Environment_Animal_Rights,no_schema,04_no_schema_20260916_021516_941690.json,AG1,5,2.0,2.0
alternative_energy,Environment_Animal_Rights,no_schema,04_no_schema_20260916_021516_941690.json,AG1,6,5.0,5.0
alternative_energy,Environment_Animal_Rights,no_schema,04_no_schema_20260916_021516_941690.json,AG1,7,6.0,6.0
alternative_energy,Environment_Animal_Rights,no_schema,04_no_schema_20260916_021516_941690.json,AG1,8,4.0,4.0
alternative_energy,Environment_Animal_Rights,no_schema,04_no_schema_20260916_021516_941690.json,AG1,9,3.0,3.0
alternative_energy,Environment_Animal_Rights,no_schema,04_no_schema_20260916_021516_941690.json,AG1,10,4.0,4.0
alternative_energy,Environment_Animal_Rights,no_schema,04_no_schema_20260916_021516_941690.json,AG1,11,4.0,4.0
alternative_energy,Environment_Animal_Rights,no_schema,04_no_schema_20260916_021516_941690.json,AG1,12,3.0,3.0
alternative_energy,Environment_Animal_Rights,no_schema,04_no_schema_20260916_021516_941690.json,AG1,13,3.0,3.0
alternative_energy,Environment_Animal_Rights,no_schema,04_no_schema_20260916_021516_941690.json,AG1,14,4.0,4.0
alternative_energy,Environment_Animal_Rights,no_schema,04_no_schema_20260916_021516_941690.json,AG1,15,3.0,3.0
alternative_energy,Environment_Animal_Rights,no_schema,04_no_schema_20260916_021516_941690.json,AG1,16,4.0,4.0
alternative_energy,Environment_Animal_Rights,no_schema,04_no_schema_20260916_021516_941690.json,AG2,1,2.0,2.0
alternative_energy,Environment_Animal_Rights,no_schema,04_no_schema_20260916_021516_941690.json,AG2,2,2.0,2.0
alternative_energy,Environment_Animal_Rights,no_schema,04_no_schema_20260916_021516_941690.json,AG2,3,2.0,2.0
alternative_energy,Environment_Animal_Rights,no_schema,04_no_schema_20260916_021516_941690.json,AG2,4,3.0,3.0
alternative_energy,Environment_Animal_Rights,no_schema,04_no_schema_20260916_021516_941690.json,AG2,5,2.0,2.0
alternative_energy,Environment_Animal_Rights,no_schema,04_no_schema_20260916_021516_941690.json,AG2,6,3.0,3.0
alternative_energy,Environment_Animal_Rights,no_schema,04_no_schema_20260916_021516_941690.json,AG2,7,4.0,4.0
alternative_energy,Environment_Animal_Rights,no_schema,04_no_schema_20260916_021516_941690.json,AG2,8,3.0,3.0
alternative_energy,Environment_Animal_Rights,no_schema,04_no_schema_20260916_021516_941690.json,AG2,9,3.0,3.0
alternative_energy,Environment_Animal_Rights,no_schema,04_no_schema_20260916_021516_941690.json,AG2,10,3.0,3.0
alternative_energy,Environment_Animal_Rights,no_schema,04_no_schema_20260916_021516_941690.json,AG2,11,4.0,4.0
alternative_energy,Environment_Animal_Rights,no_schema,04_no_schema_20260916_021516_941690.json,AG2,12,3.0,3.0
alternative_energy,Environment_Animal_Rights,no_schema,04_no_schema_20260916_021516_941690.json,AG2,13,3.0,3.0
alternative_energy,Environment_Animal_Rights,no_schema,04_no_schema_20260916_021516_941690.json,AG2,14,3.0,3.0
alternative_energy,Environment_Animal_Rights,no_schema,04_no_schema_20260916_021516_941690.json,AG2,15,3.0,3.0
alternative_energy,Environment_Animal_Rights,no_schema,04_no_schema_20260916_021516_941690.json,AG2,16,3.0,3.0
alternative_energy,Environment_Animal_Rights,schema,04_schema_20260916_021556_713972.json,AG1,1,5.0,5.0
alternative_energy,Environment_Animal_Rights,schema,04_schema_20260916_021556_713972.json,AG1,2,4.0,4.0
alternative_energy,Environment_Animal_Rights,schema,04_schema_20260916_021556_713972.json,AG1,3,2.0,2.0
alternative_energy,Environment_Animal_Rights,schema,04_schema_20260916_021556_713972.json,AG1,4,4.0,4.0
alternative_energy,Environment_Animal_Rights,schema,04_schema_20260916_021556_713972.json,AG1,5,2.0,2.0
alternative_energy,Environment_Animal_Rights,schema,04_schema_20260916_021556_713972.json,AG1,6,4.0,4.0
alternative_energy,Environment_Animal_Rights,schema,04_schema_20260916_021556_713972.json,AG1,7,6.0,6.0
alternative_energy,Environment_Animal_Rights,schema,04_schema_20260916_021556_713972.json,AG1,8,5.0,5.0
alternative_energy,Environment_Animal_Rights,schema,04_schema_20260916_021556_713972.json,AG1,9,3.0,3.0
alternative_energy,Environment_Animal_Rights,schema,04_schema_20260916_021556_713972.json,AG1,10,3.0,3.0
alternative_energy,Environment_Animal_Rights,schema,04_schema_20260916_021556_713972.json,AG1,11,4.0,4.0
alternative_energy,Environment_Animal_Rights,schema,04_schema_20260916_021556_713972.json,AG1,12,3.0,3.0
alternative_energy,Environment_Animal_Rights,schema,04_schema_20260916_021556_713972.json,AG1,13,3.0,3.0
alternative_energy,Environment_Animal_Rights,schema,04_schema_20260916_021556_713972.json,AG1,14,3.0,3.0
alternative_energy,Environment_Animal_Rights,schema,04_schema_20260916_021556_713972.json,AG1,15,3.0,3.0
alternative_energy,Environment_Animal_Rights,schema,04_schema_20260916_021556_713972.json,AG1,16,3.0,3.0
alternative_energy,Environment_Animal_Rights,schema,04_schema_20260916_021556_713972.json,AG2,1,3.0,3.0
alternative_energy,Environment_Animal_Rights,schema,04_schema_20260916_021556_713972.json,AG2,2,2.0,2.0
alternative_energy,Environment_Animal_Rights,schema,04_schema_20260916_021556_713972.json,AG2,3,3.0,3.0
alternative_energy,Environment_Animal_Rights,schema,04_schema_20260916_021556_713972.json,AG2,4,4.0,4.0
alternative_energy,Environment_Animal_Rights,schema,04_schema_20260916_021556_713972.json,AG2,5,2.0,2.0
alternative_energy,Environment_Animal_Rights,schema,04_schema_20260916_021556_713972.json,AG2,6,4.0,4.0
alternative_energy,Environment_Animal_Rights,schema,04_schema_20260916_021556_713972.json,AG2,7,5.0,5.0
alternative_energy,Environment_Animal_Rights,schema,04_schema_20260916_021556_713972.json,AG2,8,3.0,3.0
alternative_energy,Environment_Animal_Rights,schema,04_schema_20260916_021556_713972.json,AG2,9,3.0,3.0
alternative_energy,Environment_Animal_Rights,schema,04_schema_20260916_021556_713972.json,AG2,10,4.0,4.0
alternative_energy,Environment_Animal_Rights,schema,04_schema_20260916_021556_713972.json,AG2,11,3.0,3.0
alternative_energy,Environment_Animal_Rights,schema,04_schema_20260916_021556_713972.json,AG2,12,3.0,3.0
alternative_energy,Environment_Animal_Rights,schema,04_schema_20260916_021556_713972.json,AG2,13,3.0,3.0
alternative_energy,Environment_Animal_Rights,schema,04_schema_20260916_021556_713972.json,AG2,14,3.0,3.0
alternative_energy,Environment_Animal_Rights,schema,04_schema_20260916_021556_713972.json,AG2,15,3.0,3.0
alternative_energy,Environment_Animal_Rights,schema,04_schema_20260916_021556_713972.json,AG2,16,3.0,3.0
alternative_energy,Environment_Animal_Rights,free_debate,05_free_debate_20260916_021522_666913.json,AG1,1,4.0,4.0
alternative_energy,Environment_Animal_Rights,free_debate,05_free_debate_20260916_021522_666913.json,AG1,2,3.0,3.0
alternative_energy,Environment_Animal_Rights,free_debate,05_free_debate_20260916_021522_666913.json,AG1,3,2.0,2.0
alternative_energy,Environment_Animal_Rights,free_debate,05_free_debate_20260916_021522_666913.json,AG1,4,4.0,4.0
alternative_energy,Environment_Animal_Rights,free_debate,05_free_debate_20260916_021522_666913.json,AG1,5,2.0,2.0
alternative_energy,Environment_Animal_Rights,free_debate,05_free_debate_20260916_021522_666913.json,AG1,6,4.0,4.0
alternative_energy,Environment_Animal_Rights,free_debate,05_free_debate_20260916_021522_666913.json,AG1,7,5.0,5.0
alternative_energy,Environment_Animal_Rights,free_debate,05_free_debate_20260916_021522_666913.json,AG1,8,4.0,4.0
alternative_energy,Environment_Animal_Rights,free_debate,05_free_debate_20260916_021522_666913.json,AG1,9,3.0,3.0
alternative_energy,Environment_Animal_Rights,free_debate,05_free_debate_20260916_021522_666913.json,AG1,10,3.0,3.0
alternative_energy,Environment_Animal_Rights,free_debate,05_free_debate_20260916_021522_666913.json,AG1,11,3.0,3.0
alternative_energy,Environment_Animal_Rights,free_debate,05_free_debate_20260916_021522_666913.json,AG1,12,3.0,3.0
alternative_energy,Environment_Animal_Rights,free_debate,05_free_debate_20260916_021522_666913.json,AG1,13,3.0,3.0
alternative_energy,Environment_Animal_Rights,free_debate,05_free_debate_20260916_021522_666913.json,AG1,14,3.0,3.0
alternative_energy,Environment_Animal_Rights,free_debate,05_free_debate_20260916_021522_666913.json,AG1,15,3.0,3.0
alternative_energy,Environment_Animal_Rights,free_debate,05_free_debate_20260916_021522_666913.json,AG1,16,3.0,3.0
alternative_energy,Environment_Animal_Rights,free_debate,05_free_debate_20260916_021522_666913.json,AG2,1,3.0,3.0
alternative_energy,Environment_Animal_Rights,free_debate,05_free_debate_20260916_021522_666913.json,AG2,2,4.0,4.0
alternative_energy,Environment_Animal_Rights,free_debate,05_free_debate_20260916_021522_666913.json,AG2,3,3.0,3.0
alternative_energy,Environment_Animal_Rights,free_debate,05_free_debate_20260916_021522_666913.json,AG2,4,5.0,5.0
alternative_energy,Environment_Animal_Rights,free_debate,05_free_debate_20260916_021522_666913.json,AG2,5,2.0,2.0
alternative_energy,Environment_Animal_Rights,free_debate,05_free_debate_20260916_021522_666913.json,AG2,6,4.0,4.0
alternative_energy,Environment_Animal_Rights,free_debate,05_free_debate_20260916_021522_666913.json,AG2,7,4.0,4.0
alternative_energy,Environment_Animal_Rights,free_debate,05_free_debate_20260916_021522_666913.json,AG2,8,3.0,3.0
alternative_energy,Environment_Animal_Rights,free_debate,05_free_debate_20260916_021522_666913.json,AG2,9,3.0,3.0
alternative_energy,Environment_Animal_Rights,free_debate,05_free_debate_20260916_021522_666913.json,AG2,10,4.0,4.0
alternative_energy,Environment_Animal_Rights,free_debate,05_free_debate_20260916_021522_666913.json,AG2,11,3.0,3.0
alternative_energy,Environment_Animal_Rights,free_debate,05_free_debate_20260916_021522_666913.json,AG2,12,3.0,3.0
alternative_energy,Environment_Animal_Rights,free_debate,05_free_debate_20260916_021522_666913.json,AG2,13,3.0,3.0
alternative_energy,Environment_Animal_Rights,free_debate,05_free_debate_20260916_021522_666913.json,AG2,14,4.0,4.0
alternative_energy,Environment_Animal_Rights,free_debate,05_free_debate_20260916_021522_666913.json,AG2,15,3.0,3.0
alternative_energy,Environment_Animal_Rights,free_debate,05_free_debate_20260916_021522_666913.json,AG2,16,4.0,4.0
alternative_energy,Environment_Animal_Rights,mad,05_mad_20260916_021509_559425.json,AG1,1,3.0,3.0
alternative_energy,Environment_Animal_Rights,mad,05_mad_20260916_021509_559425.json,AG1,2,2.0,2.0
alternative_energy,Environment_Animal_Rights,mad,05_mad_20260916_021509_559425.json,AG1,3,2.0,2.0
alternative_energy,Environment_Animal_Rights,mad,05_mad_20260916_021509_559425.json,AG1,4,3.0,3.0
alternative_energy,Environment_Animal_Rights,mad,05_mad_20260916_021509_559425.json,AG1,5,2.0,2.0
alternative_energy,Environment_Animal_Rights,mad,05_mad_20260916_021509_559425.json,AG1,6,3.0,3.0
alternative_energy,Environment_Animal_Rights,mad,05_mad_20260916_021509_559425.json,AG1,7,4.0,4.0
alternative_energy,Environment_Animal_Rights,mad,05_mad_20260916_021509_559425.json,AG1,8,4.0,4.0
alternative_energy,Environment_Animal_Rights,mad,05_mad_20260916_021509_559425.json,AG1,9,3.0,3.0
alternative_energy,Environment_Animal_Rights,mad,05_mad_20260916_021509_559425.json,AG1,10,3.0,3.0
alternative_energy,Environment_Animal_Rights,mad,05_mad_20260916_021509_559425.json,AG1,11,2.0,2.0
alternative_energy,Environment_Animal_Rights,mad,05_mad_20260916_021509_559425.json,AG1,12,2.0,2.0
alternative_energy,Environment_Animal_Rights,mad,05_mad_20260916_021509_559425.json,AG1,13,3.0,3.0
alternative_energy,Environment_Animal_Rights,mad,05_mad_20260916_021509_559425.json,AG1,14,3.0,3.0
alternative_energy,Environment_Animal_Rights,mad,05_mad_20260916_021509_559425.json,AG1,15,4.0,4.0
alternative_energy,Environment_Animal_Rights,mad,05_mad_20260916_021509_559425.json,AG1,16,3.0,3.0
alternative_energy,Environment_Animal_Rights,mad,05_mad_20260916_021509_559425.json,AG2,1,3.0,3.0
alternative_energy,Environment_Animal_Rights,mad,05_mad_20260916_021509_559425.json,AG2,2,4.0,4.0
alternative_energy,Environment_Animal_Rights,mad,05_mad_20260916_021509_559425.json,AG2,3,2.0,2.0
alternative_energy,Environment_Animal_Rights,mad,05_mad_20260916_021509_559425.json,AG2,4,4.0,4.0
alternative_energy,Environment_Animal_Rights,mad,05_mad_20260916_021509_559425.json,AG2,5,2.0,2.0
alternative_energy,Environment_Animal_Rights,mad,05_mad_20260916_021509_559425.json,AG2,6,4.0,4.0
alternative_energy,Environment_Animal_Rights,mad,05_mad_20260916_021509_559425.json,AG2,7,4.0,4.0
alternative_energy,Environment_Animal_Rights,mad,05_mad_20260916_021509_559425.json,AG2,8,3.0,3.0
alternative_energy,Environment_Animal_Rights,mad,05_mad_20260916_021509_559425.json,AG2,9,3.0,3.0
alternative_energy,Environment_Animal_Rights,mad,05_mad_20260916_021509_559425.json,AG2,10,3.0,3.0
alternative_energy,Environment_Animal_Rights,mad,05_mad_20260916_021509_559425.json,AG2,11,3.0,3.0
alternative_energy,Environment_Animal_Rights,mad,05_mad_20260916_021509_559425.json,AG2,12,3.0,3.0
alternative_energy,Environment_Animal_Rights,mad,05_mad_20260916_021509_559425.json,AG2,13,4.0,4.0
alternative_energy,Environment_Animal_Rights,mad,05_mad_20260916_021509_559425.json,AG2,14,3.0,3.0
alternative_energy,Environment_Animal_Rights,mad,05_mad_20260916_021509_559425.json,AG2,15,3.0,3.0
alternative_energy,Environment_Animal_Rights,mad,05_mad_20260916_021509_559425.json,AG2,16,3.0,3.0
alternative_energy,Environment_Animal_Rights,no_schema,05_no_schema_20260916_021623_802738.json,AG1,1,5.0,5.0
alternative_energy,Environment_Animal_Rights,no_schema,05_no_schema_20260916_021623_802738.json,AG1,2,4.0,4.0
alternative_energy,Environment_Animal_Rights,no_schema,05_no_schema_20260916_021623_802738.json,AG1,3,2.0,2.0
alternative_energy,Environment_Animal_Rights,no_schema,05_no_schema_20260916_021623_802738.json,AG1,4,5.0,5.0
alternative_energy,Environment_Animal_Rights,no_schema,05_no_schema_20260916_021623_802738.json,AG1,5,2.0,2.0
alternative_energy,Environment_Animal_Rights,no_schema,05_no_schema_20260916_021623_802738.json,AG1,6,6.0,6.0
alternative_energy,Environment_Animal_Rights,no_schema,05_no_schema_20260916_021623_802738.json,AG1,7,6.0,6.0
alternative_energy,Environment_Animal_Rights,no_schema,05_no_schema_20260916_021623_802738.json,AG1,8,4.0,4.0
alternative_energy,Environment_Animal_Rights,no_schema,05_no_schema_20260916_021623_802738.json,AG1,9,3.0,3.0
alternative_energy,Environment_Animal_Rights,no_schema,05_no_schema_20260916_021623_802738.json,AG1,10,3.0,3.0
alternative_energy,Environment_Animal_Rights,no_schema,05_no_schema_20260916_021623_802738.json,AG1,11,4.0,4.0
alternative_energy,Environment_Animal_Rights,no_schema,05_no_schema_20260916_021623_802738.json,AG1,12,3.0,3.0
alternative_energy,Environment_Animal_Rights,no_schema,05_no_schema_20260916_021623_802738.json,AG1,13,3.0,3.0
alternative_energy,Environment_Animal_Rights,no_schema,05_no_schema_20260916_021623_802738.json,AG1,14,3.0,3.0
alternative_energy,Environment_Animal_Rights,no_schema,05_no_schema_20260916_021623_802738.json,AG1,15,2.0,2.0
alternative_energy,Environment_Animal_Rights,no_schema,05_no_schema_20260916_021623_802738.json,AG1,16,3.0,3.0
alternative_energy,Environment_Animal_Rights,no_schema,05_no_schema_20260916_021623_802738.json,AG2,1,3.0,3.0
alternative_energy,Environment_Animal_Rights,no_schema,05_no_schema_20260916_021623_802738.json,AG2,2,2.0,2.0
alternative_energy,Environment_Animal_Rights,no_schema,05_no_schema_20260916_021623_802738.json,AG2,3,2.0,2.0
alternative_energy,Environment_Animal_Rights,no_schema,05_no_schema_20260916_021623_802738.json,AG2,4,4.0,4.0
alternative_energy,Environment_Animal_Rights,no_schema,05_no_schema_20260916_021623_802738.json,AG2,5,2.0,2.0
alternative_energy,Environment_Animal_Rights,no_schema,05_no_schema_20260916_021623_802738.json,AG2,6,3.0,3.0
alternative_energy,Environment_Animal_Rights,no_schema,05_no_schema_20260916_021623_802738.json,AG2,7,4.0,4.0
alternative_energy,Environment_Animal_Rights,no_schema,05_no_schema_20260916_021623_802738.json,AG2,8,3.0,3.0
alternative_energy,Environment_Animal_Rights,no_schema,05_no_schema_20260916_021623_802738.json,AG2,9,3.0,3.0
alternative_energy,Environment_Animal_Rights,no_schema,05_no_schema_20260916_021623_802738.json,AG2,10,3.0,3.0
alternative_energy,Environment_Animal_Rights,no_schema,05_no_schema_20260916_021623_802738.json,AG2,11,3.0,3.0
alternative_energy,Environment_Animal_Rights,no_schema,05_no_schema_20260916_021623_802738.json,AG2,12,3.0,3.0
alternative_energy,Environment_Animal_Rights,no_schema,05_no_schema_20260916_021623_802738.json,AG2,13,3.0,3.0
alternative_energy,Environment_Animal_Rights,no_schema,05_no_schema_20260916_021623_802738.json,AG2,14,3.0,3.0
alternative_energy,Environment_Animal_Rights,no_schema,05_no_schema_20260916_021623_802738.json,AG2,15,3.0,3.0
alternative_energy,Environment_Animal_Rights,no_schema,05_no_schema_20260916_021623_802738.json,AG2,16,3.0,3.0
alternative_energy,Environment_Animal_Rights,schema,05_schema_20260916_021813_010655.json,AG1,1,5.0,5.0
alternative_energy,Environment_Animal_Rights,schema,05_schema_20260916_021813_010655.json,AG1,2,4.0,4.0
alternative_energy,Environment_Animal_Rights,schema,05_schema_20260916_021813_010655.json,AG1,3,2.0,2.0
alternative_energy,Environment_Animal_Rights,schema,05_schema_20260916_021813_010655.json,AG1,4,5.0,5.0
alternative_energy,Environment_Animal_Rights,schema,05_schema_20260916_021813_010655.json,AG1,5,2.0,2.0
alternative_energy,Environment_Animal_Rights,schema,05_schema_20260916_021813_010655.json,AG1,6,4.0,4.0
alternative_energy,Environment_Animal_Rights,schema,05_schema_20260916_021813_010655.json,AG1,7,6.0,6.0
alternative_energy,Environment_Animal_Rights,schema,05_schema_20260916_021813_010655.json,AG1,8,4.0,4.0
alternative_energy,Environment_Animal_Rights,schema,05_schema_20260916_021813_010655.json,AG1,9,3.0,3.0
alternative_energy,Environment_Animal_Rights,schema,05_schema_20260916_021813_010655.json,AG1,10,4.0,4.0
alternative_energy,Environment_Animal_Rights,schema,05_schema_20260916_021813_010655.json,AG1,11,4.0,4.0
alternative_energy,Environment_Animal_Rights,schema,05_schema_20260916_021813_010655.json,AG1,12,3.0,3.0
alternative_energy,Environment_Animal_Rights,schema,05_schema_20260916_021813_010655.json,AG1,13,3.0,3.0
alternative_energy,Environment_Animal_Rights,schema,05_schema_20260916_021813_010655.json,AG1,14,4.0,4.0
alternative_energy,Environment_Animal_Rights,schema,05_schema_20260916_021813_010655.json,AG1,15,4.0,4.0
alternative_energy,Environment_Animal_Rights,schema,05_schema_20260916_021813_010655.json,AG1,16,4.0,4.0
alternative_energy,Environment_Animal_Rights,schema,05_schema_20260916_021813_010655.json,AG2,1,5.0,5.0
alternative_energy,Environment_Animal_Rights,schema,05_schema_20260916_021813_010655.json,AG2,2,4.0,4.0
alternative_energy,Environment_Animal_Rights,schema,05_schema_20260916_021813_010655.json,AG2,3,2.0,2.0
alternative_energy,Environment_Animal_Rights,schema,05_schema_20260916_021813_010655.json,AG2,4,3.0,3.0
alternative_energy,Environment_Animal_Rights,schema,05_schema_20260916_021813_010655.json,AG2,5,2.0,2.0
alternative_energy,Environment_Animal_Rights,schema,05_schema_20260916_021813_010655.json,AG2,6,4.0,4.0
alternative_energy,Environment_Animal_Rights,schema,05_schema_20260916_021813_010655.json,AG2,7,6.0,6.0
alternative_energy,Environment_Animal_Rights,schema,05_schema_20260916_021813_010655.json,AG2,8,4.0,4.0
alternative_energy,Environment_Animal_Rights,schema,05_schema_20260916_021813_010655.json,AG2,9,3.0,3.0
alternative_energy,Environment_Animal_Rights,schema,05_schema_20260916_021813_010655.json,AG2,10,3.0,3.0
alternative_energy,Environment_Animal_Rights,schema,05_schema_20260916_021813_010655.json,AG2,11,3.0,3.0
alternative_energy,Environment_Animal_Rights,schema,05_schema_20260916_021813_010655.json,AG2,12,3.0,3.0
alternative_energy,Environment_Animal_Rights,schema,05_schema_20260916_021813_010655.json,AG2,13,3.0,3.0
alternative_energy,Environment_Animal_Rights,schema,05_schema_20260916_021813_010655.json,AG2,14,3.0,3.0
alternative_energy,Environment_Animal_Rights,schema,05_schema_20260916_021813_010655.json,AG2,15,4.0,4.0
alternative_energy,Environment_Animal_Rights,schema,05_schema_20260916_021813_010655.json,AG2,16,4.0,4.0
american_socialism,Government_Civics,free_debate,01_free_debate_20260916_021610_695213.json,AG1,1,4.0,4.0
american_socialism,Government_Civics,free_debate,01_free_debate_20260916_021610_695213.json,AG1,2,5.0,5.0
american_socialism,Government_Civics,free_debate,01_free_debate_20260916_021610_695213.json,AG1,3,2.0,2.0
american_socialism,Government_Civics,free_debate,01_free_debate_20260916_021610_695213.json,AG1,4,5.0,5.0
american_socialism,Government_Civics,free_debate,01_free_debate_20260916_021610_695213.json,AG1,5,2.0,2.0
american_socialism,Government_Civics,free_debate,01_free_debate_20260916_021610_695213.json,AG1,6,5.0,5.0
american_socialism,Government_Civics,free_debate,01_free_debate_20260916_021610_695213.json,AG1,7,6.0,6.0
american_socialism,Government_Civics,free_debate,01_free_debate_20260916_021610_695213.json,AG1,8,4.0,4.0
american_socialism,Government_Civics,free_debate,01_free_debate_20260916_021610_695213.json,AG1,9,2.0,2.0
american_socialism,Government_Civics,free_debate,01_free_debate_20260916_021610_695213.json,AG1,10,4.0,4.0
american_socialism,Government_Civics,free_debate,01_free_debate_20260916_021610_695213.json,AG1,11,4.0,4.0
american_socialism,Government_Civics,free_debate,01_free_debate_20260916_021610_695213.json,AG1,12,2.0,2.0
american_socialism,Government_Civics,free_debate,01_free_debate_20260916_021610_695213.json,AG1,13,2.0,2.0
american_socialism,Government_Civics,free_debate,01_free_debate_20260916_021610_695213.json,AG1,14,2.0,2.0
american_socialism,Government_Civics,free_debate,01_free_debate_20260916_021610_695213.json,AG1,15,2.0,2.0
american_socialism,Government_Civics,free_debate,01_free_debate_20260916_021610_695213.json,AG1,16,2.0,2.0
american_socialism,Government_Civics,free_debate,01_free_debate_20260916_021610_695213.json,AG2,1,6.0,6.0
american_socialism,Government_Civics,free_debate,01_free_debate_20260916_021610_695213.json,AG2,2,6.0,6.0
american_socialism,Government_Civics,free_debate,01_free_debate_20260916_021610_695213.json,AG2,3,2.0,2.0
american_socialism,Government_Civics,free_debate,01_free_debate_20260916_021610_695213.json,AG2,4,5.0,5.0
american_socialism,Government_Civics,free_debate,01_free_debate_20260916_021610_695213.json,AG2,5,2.0,2.0
american_socialism,Government_Civics,free_debate,01_free_debate_20260916_021610_695213.json,AG2,6,4.0,4.0
american_socialism,Government_Civics,free_debate,01_free_debate_20260916_021610_695213.json,AG2,7,6.0,6.0
american_socialism,Government_Civics,free_debate,01_free_debate_20260916_021610_695213.json,AG2,8,4.0,4.0
american_socialism,Government_Civics,free_debate,01_free_debate_20260916_021610_695213.json,AG2,9,2.0,2.0
american_socialism,Government_Civics,free_debate,01_free_debate_20260916_021610_695213.json,AG2,10,3.0,3.0
american_socialism,Government_Civics,free_debate,01_free_debate_20260916_021610_695213.json,AG2,11,3.0,3.0
american_socialism,Government_Civics,free_debate,01_free_debate_20260916_021610_695213.json,AG2,12,2.0,2.0
american_socialism,Government_Civics,free_debate,01_free_debate_20260916_021610_695213.json,AG2,13,2.0,2.0
american_socialism,Government_Civics,free_debate,01_free_debate_20260916_021610_695213.json,AG2,14,3.0,3.0
american_socialism,Government_Civics,free_debate,01_free_debate_20260916_021610_695213.json,AG2,15,2.0,2.0
american_socialism,Government_Civics,free_debate,01_free_debate_20260916_021610_695213.json,AG2,16,2.0,2.0
american_socialism,Government_Civics,mad,01_mad_20260916_021601_530891.json,AG1,1,4.0,4.0
american_socialism,Government_Civics,mad,01_mad_20260916_021601_530891.json,AG1,2,3.0,3.0
american_socialism,Government_Civics,mad,01_mad_20260916_021601_530891.json,AG1,3,3.0,3.0
american_socialism,Government_Civics,mad,01_mad_20260916_021601_530891.json,AG1,4,3.0,3.0
american_socialism,Government_Civics,mad,01_mad_20260916_021601_530891.json,AG1,5,2.0,2.0
american_socialism,Government_Civics,mad,01_mad_20260916_021601_530891.json,AG1,6,4.0,4.0
american_socialism,Government_Civics,mad,01_mad_20260916_021601_530891.json,AG1,7,5.0,5.0
american_socialism,Government_Civics,mad,01_mad_20260916_021601_530891.json,AG1,8,3.0,3.0
american_socialism,Government_Civics,mad,01_mad_20260916_021601_530891.json,AG1,9,2.0,2.0
american_socialism,Government_Civics,mad,01_mad_20260916_021601_530891.json,AG1,10,3.0,3.0
american_socialism,Government_Civics,mad,01_mad_20260916_021601_530891.json,AG1,11,2.0,2.0
american_socialism,Government_Civics,mad,01_mad_20260916_021601_530891.json,AG1,12,2.0,2.0
american_socialism,Government_Civics,mad,01_mad_20260916_021601_530891.json,AG1,13,3.0,3.0
american_socialism,Government_Civics,mad,01_mad_20260916_021601_530891.json,AG1,14,3.0,3.0
american_socialism,Government_Civics,mad,01_mad_20260916_021601_530891.json,AG1,15,3.0,3.0
american_socialism,Government_Civics,mad,01_mad_20260916_021601_530891.json,AG1,16,3.0,3.0
american_socialism,Government_Civics,mad,01_mad_20260916_021601_530891.json,AG2,1,4.0,4.0
american_socialism,Government_Civics,mad,01_mad_20260916_021601_530891.json,AG2,2,3.0,3.0
american_socialism,Government_Civics,mad,01_mad_20260916_021601_530891.json,AG2,3,2.0,2.0
american_socialism,Government_Civics,mad,01_mad_20260916_021601_530891.json,AG2,4,4.0,4.0
american_socialism,Government_Civics,mad,01_mad_20260916_021601_530891.json,AG2,5,2.0,2.0
american_socialism,Government_Civics,mad,01_mad_20260916_021601_530891.json,AG2,6,4.0,4.0
american_socialism,Government_Civics,mad,01_mad_20260916_021601_530891.json,AG2,7,5.0,5.0
american_socialism,Government_Civics,mad,01_mad_20260916_021601_530891.json,AG2,8,4.0,4.0
american_socialism,Government_Civics,mad,01_mad_20260916_021601_530891.json,AG2,9,2.0,2.0
american_socialism,Government_Civics,mad,01_mad_20260916_021601_530891.json,AG2,10,3.0,3.0
american_socialism,Government_Civics,mad,01_mad_20260916_021601_530891.json,AG2,11,2.0,2.0
american_socialism,Government_Civics,mad,01_mad_20260916_021601_530891.json,AG2,12,2.0,2.0
american_socialism,Government_Civics,mad,01_mad_20260916_021601_530891.json,AG2,13,3.0,3.0
american_socialism,Government_Civics,mad,01_mad_20260916_021601_530891.json,AG2,14,2.0,2.0
american_socialism,Government_Civics,mad,01_mad_20260916_021601_530891.json,AG2,15,2.0,2.0
american_socialism,Government_Civics,mad,01_mad_20260916_021601_530891.json,AG2,16,3.0,3.0
american_socialism,Government_Civics,no_schema,01_no_schema_20260916_021547_039881.json,AG1,1,5.0,5.0
american_socialism,Government_Civics,no_schema,01_no_schema_20260916_021547_039881.json,AG1,2,4.0,4.0
american_socialism,Government_Civics,no_schema,01_no_schema_20260916_021547_039881.json,AG1,3,2.0,2.0
american_socialism,Government_Civics,no_schema,01_no_schema_20260916_021547_039881.json,AG1,4,5.0,5.0
american_socialism,Government_Civics,no_schema,01_no_schema_20260916_021547_039881.json,AG1,5,2.0,2.0
american_socialism,Government_Civics,no_schema,01_no_schema_20260916_021547_039881.json,AG1,6,6.0,6.0
american_socialism,Government_Civics,no_schema,01_no_schema_20260916_021547_039881.json,AG1,7,6.0,6.0
american_socialism,Government_Civics,no_schema,01_no_schema_20260916_021547_039881.json,AG1,8,5.0,5.0
american_socialism,Government_Civics,no_schema,01_no_schema_20260916_021547_039881.json,AG1,9,3.0,3.0
american_socialism,Government_Civics,no_schema,01_no_schema_20260916_021547_039881.json,AG1,10,4.0,4.0
american_socialism,Government_Civics,no_schema,01_no_schema_20260916_021547_039881.json,AG1,11,4.0,4.0
american_socialism,Government_Civics,no_schema,01_no_schema_20260916_021547_039881.json,AG1,12,4.0,4.0
american_socialism,Government_Civics,no_schema,01_no_schema_20260916_021547_039881.json,AG1,13,3.0,3.0
american_socialism,Government_Civics,no_schema,01_no_schema_20260916_021547_039881.json,AG1,14,4.0,4.0
american_socialism,Government_Civics,no_schema,01_no_schema_20260916_021547_039881.json,AG1,15,3.0,3.0
american_socialism,Government_Civics,no_schema,01_no_schema_20260916_021547_039881.json,AG1,16,4.0,4.0
american_socialism,Government_Civics,no_schema,01_no_schema_20260916_021547_039881.json,AG2,1,3.0,3.0
american_socialism,Government_Civics,no_schema,01_no_schema_20260916_021547_039881.json,AG2,2,2.0,2.0
american_socialism,Government_Civics,no_schema,01_no_schema_20260916_021547_039881.json,AG2,3,2.0,2.0
american_socialism,Government_Civics,no_schema,01_no_schema_20260916_021547_039881.json,AG2,4,4.0,4.0
american_socialism,Government_Civics,no_schema,01_no_schema_20260916_021547_039881.json,AG2,5,2.0,2.0
american_socialism,Government_Civics,no_schema,01_no_schema_20260916_021547_039881.json,AG2,6,4.0,4.0
american_socialism,Government_Civics,no_schema,01_no_schema_20260916_021547_039881.json,AG2,7,5.0,5.0
american_socialism,Government_Civics,no_schema,01_no_schema_20260916_021547_039881.json,AG2,8,3.0,3.0
american_socialism,Government_Civics,no_schema,01_no_schema_20260916_021547_039881.json,AG2,9,3.0,3.0
american_socialism,Government_Civics,no_schema,01_no_schema_20260916_021547_039881.json,AG2,10,3.0,3.0
american_socialism,Government_Civics,no_schema,01_no_schema_20260916_021547_039881.json,AG2,11,3.0,3.0
american_socialism,Government_Civics,no_schema,01_no_schema_20260916_021547_039881.json,AG2,12,3.0,3.0
american_socialism,Government_Civics,no_schema,01_no_schema_20260916_021547_039881.json,AG2,13,4.0,4.0
american_socialism,Government_Civics,no_schema,01_no_schema_20260916_021547_039881.json,AG2,14,2.0,2.0
american_socialism,Government_Civics,no_schema,01_no_schema_20260916_021547_039881.json,AG2,15,2.0,2.0
american_socialism,Government_Civics,no_schema,01_no_schema_20260916_021547_039881.json,AG2,16,3.0,3.0
american_socialism,Government_Civics,schema,01_schema_20260916_021751_480254.json,AG1,1,5.0,5.0
american_socialism,Government_Civics,schema,01_schema_20260916_021751_480254.json,AG1,2,4.0,4.0
american_socialism,Government_Civics,schema,01_schema_20260916_021751_480254.json,AG1,3,1.0,1.0
american_socialism,Government_Civics,schema,01_schema_20260916_021751_480254.json,AG1,4,4.0,4.0
american_socialism,Government_Civics,schema,01_schema_20260916_021751_480254.json,AG1,5,2.0,2.0
american_socialism,Government_Civics,schema,01_schema_20260916_021751_480254.json,AG1,6,4.0,4.0
american_socialism,Government_Civics,schema,01_schema_20260916_021751_480254.json,AG1,7,6.0,6.0
american_socialism,Government_Civics,schema,01_schema_20260916_021751_480254.json,AG1,8,4.0,4.0
american_socialism,Government_Civics,schema,01_schema_20260916_021751_480254.json,AG1,9,3.0,3.0
american_socialism,Government_Civics,schema,01_schema_20260916_021751_480254.json,AG1,10,4.0,4.0
american_socialism,Government_Civics,schema,01_schema_20260916_021751_480254.json,AG1,11,3.0,3.0
american_socialism,Government_Civics,schema,01_schema_20260916_021751_480254.json,AG1,12,3.0,3.0
american_socialism,Government_Civics,schema,01_schema_20260916_021751_480254.json,AG1,13,3.0,3.0
american_socialism,Government_Civics,schema,01_schema_20260916_021751_480254.json,AG1,14,3.0,3.0
american_socialism,Government_Civics,schema,01_schema_20260916_021751_480254.json,AG1,15,2.0,2.0
american_socialism,Government_Civics,schema,01_schema_20260916_021751_480254.json,AG1,16,3.0,3.0
american_socialism,Government_Civics,schema,01_schema_20260916_021751_480254.json,AG2,1,2.0,2.0
american_socialism,Government_Civics,schema,01_schema_20260916_021751_480254.json,AG2,2,2.0,2.0
american_socialism,Government_Civics,schema,01_schema_20260916_021751_480254.json,AG2,3,3.0,3.0
american_socialism,Government_Civics,schema,01_schema_20260916_021751_480254.json,AG2,4,3.0,3.0
american_socialism,Government_Civics,schema,01_schema_20260916_021751_480254.json,AG2,5,2.0,2.0
american_socialism,Government_Civics,schema,01_schema_20260916_021751_480254.json,AG2,6,4.0,4.0
american_socialism,Government_Civics,schema,01_schema_20260916_021751_480254.json,AG2,7,6.0,6.0
american_socialism,Government_Civics,schema,01_schema_20260916_021751_480254.json,AG2,8,2.0,2.0
american_socialism,Government_Civics,schema,01_schema_20260916_021751_480254.json,AG2,9,2.0,2.0
american_socialism,Government_Civics,schema,01_schema_20260916_021751_480254.json,AG2,10,3.0,3.0
american_socialism,Government_Civics,schema,01_schema_20260916_021751_480254.json,AG2,11,3.0,3.0
american_socialism,Government_Civics,schema,01_schema_20260916_021751_480254.json,AG2,12,2.0,2.0
american_socialism,Government_Civics,schema,01_schema_20260916_021751_480254.json,AG2,13,3.0,3.0
american_socialism,Government_Civics,schema,01_schema_20260916_021751_480254.json,AG2,14,3.0,3.0
american_socialism,Government_Civics,schema,01_schema_20260916_021751_480254.json,AG2,15,2.0,2.0
american_socialism,Government_Civics,schema,01_schema_20260916_021751_480254.json,AG2,16,3.0,3.0
american_socialism,Government_Civics,free_debate,02_free_debate_20260916_021707_492563.json,AG1,1,3.0,3.0
american_socialism,Government_Civics,free_debate,02_free_debate_20260916_021707_492563.json,AG1,2,3.0,3.0
american_socialism,Government_Civics,free_debate,02_free_debate_20260916_021707_492563.json,AG1,3,2.0,2.0
american_socialism,Government_Civics,free_debate,02_free_debate_20260916_021707_492563.json,AG1,4,4.0,4.0
american_socialism,Government_Civics,free_debate,02_free_debate_20260916_021707_492563.json,AG1,5,2.0,2.0
american_socialism,Government_Civics,free_debate,02_free_debate_20260916_021707_492563.json,AG1,6,4.0,4.0
american_socialism,Government_Civics,free_debate,02_free_debate_20260916_021707_492563.json,AG1,7,5.0,5.0
american_socialism,Government_Civics,free_debate,02_free_debate_20260916_021707_492563.json,AG1,8,3.0,3.0
american_socialism,Government_Civics,free_debate,02_free_debate_20260916_021707_492563.json,AG1,9,3.0,3.0
american_socialism,Government_Civics,free_debate,02_free_debate_20260916_021707_492563.json,AG1,10,3.0,3.0
american_socialism,Government_Civics,free_debate,02_free_debate_20260916_021707_492563.json,AG1,11,2.0,2.0
american_socialism,Government_Civics,free_debate,02_free_debate_20260916_021707_492563.json,AG1,12,3.0,3.0
american_socialism,Government_Civics,free_debate,02_free_debate_20260916_021707_492563.json,AG1,13,3.0,3.0
american_socialism,Government_Civics,free_debate,02_free_debate_20260916_021707_492563.json,AG1,14,2.0,2.0
american_socialism,Government_Civics,free_debate,02_free_debate_20260916_021707_492563.json,AG1,15,2.0,2.0
american_socialism,Government_Civics,free_debate,02_free_debate_20260916_021707_492563.json,AG1,16,3.0,3.0
american_socialism,Government_Civics,free_debate,02_free_debate_20260916_021707_492563.json,AG2,1,6.0,6.0
american_socialism,Government_Civics,free_debate,02_free_debate_20260916_021707_492563.json,AG2,2,6.0,6.0
american_socialism,Government_Civics,free_debate,02_free_debate_20260916_021707_492563.json,AG2,3,2.0,2.0
american_socialism,Government_Civics,free_debate,02_free_debate_20260916_021707_492563.json,AG2,4,6.0,6.0
american_socialism,Government_Civics,free_debate,02_free_debate_20260916_021707_492563.json,AG2,5,2.0,2.0
american_socialism,Government_Civics,free_debate,02_free_debate_20260916_021707_492563.json,AG2,6,6.0,6.0
american_socialism,Government_Civics,free_debate,02_free_debate_20260916_021707_492563.json,AG2,7,6.0,6.0
american_socialism,Government_Civics,free_debate,02_free_debate_20260916_021707_492563.json,AG2,8,4.0,4.0
american_socialism,Government_Civics,free_debate,02_free_debate_20260916_021707_492563.json,AG2,9,3.0,3.0
american_socialism,Government_Civics,free_debate,02_free_debate_20260916_021707_492563.json,AG2,10,4.0,4.0
american_socialism,Government_Civics,free_debate,02_free_debate_20260916_021707_492563.json,AG2,11,4.0,4.0
american_socialism,Government_Civics,free_debate,02_free_debate_20260916_021707_492563.json,AG2,12,3.0,3.0
american_socialism,Government_Civics,free_debate,02_free_debate_20260916_021707_492563.json,AG2,13,3.0,3.0
american_socialism,Government_Civics,free_debate,02_free_debate_20260916_021707_492563.json,AG2,14,3.0,3.0
american_socialism,Government_Civics,free_debate,02_free_debate_20260916_021707_492563.json,AG2,15,2.0,2.0
american_socialism,Government_Civics,free_debate,02_free_debate_20260916_021707_492563.json,AG2,16,3.0,3.0
american_socialism,Government_Civics,mad,02_mad_20260916_021632_106384.json,AG1,1,5.0,5.0
american_socialism,Government_Civics,mad,02_mad_20260916_021632_106384.json,AG1,2,3.0,3.0
american_socialism,Government_Civics,mad,02_mad_20260916_021632_106384.json,AG1,3,3.0,3.0
american_socialism,Government_Civics,mad,02_mad_20260916_021632_106384.json,AG1,4,4.0,4.0
american_socialism,Government_Civics,mad,02_mad_20260916_021632_106384.json,AG1,5,2.0,2.0
american_socialism,Government_Civics,mad,02_mad_20260916_021632_106384.json,AG1,6,4.0,4.0
american_socialism,Government_Civics,mad,02_mad_20260916_021632_106384.json,AG1,7,6.0,6.0
american_socialism,Government_Civics,mad,02_mad_20260916_021632_106384.json,AG1,8,4.0,4.0
american_socialism,Government_Civics,mad,02_mad_20260916_021632_106384.json,AG1,9,3.0,3.0
american_socialism,Government_Civics,mad,02_mad_20260916_021632_106384.json,AG1,10,3.0,3.0
american_socialism,Government_Civics,mad,02_mad_20260916_021632_106384.json,AG1,11,2.0,2.0
american_socialism,Government_Civics,mad,02_mad_20260916_021632_106384.json,AG1,12,2.0,2.0
american_socialism,Government_Civics,mad,02_mad_20260916_021632_106384.json,AG1,13,2.0,2.0
american_socialism,Government_Civics,mad,02_mad_20260916_021632_106384.json,AG1,14,2.0,2.0
american_socialism,Government_Civics,mad,02_mad_20260916_021632_106384.json,AG1,15,2.0,2.0
american_socialism,Government_Civics,mad,02_mad_20260916_021632_106384.json,AG1,16,2.0,2.0
american_socialism,Government_Civics,mad,02_mad_20260916_021632_106384.json,AG2,1,6.0,6.0
american_socialism,Government_Civics,mad,02_mad_20260916_021632_106384.json,AG2,2,5.0,5.0
american_socialism,Government_Civics,mad,02_mad_20260916_021632_106384.json,AG2,3,2.0,2.0
american_socialism,Government_Civics,mad,02_mad_20260916_021632_106384.json,AG2,4,5.0,5.0
american_socialism,Government_Civics,mad,02_mad_20260916_021632_106384.json,AG2,5,2.0,2.0
american_socialism,Government_Civics,mad,02_mad_20260916_021632_106384.json,AG2,6,4.0,4.0
american_socialism,Government_Civics,mad,02_mad_20260916_021632_106384.json,AG2,7,6.0,6.0
american_socialism,Government_Civics,mad,02_mad_20260916_021632_106384.json,AG2,8,4.0,4.0
american_socialism,Government_Civics,mad,02_mad_20260916_021632_106384.json,AG2,9,2.0,2.0
american_socialism,Government_Civics,mad,02_mad_20260916_021632_106384.json,AG2,10,3.0,3.0
american_socialism,Government_Civics,mad,02_mad_20260916_021632_106384.json,AG2,11,3.0,3.0
american_socialism,Government_Civics,mad,02_mad_20260916_021632_106384.json,AG2,12,2.0,2.0
american_socialism,Government_Civics,mad,02_mad_20260916_021632_106384.json,AG2,13,2.0,2.0
american_socialism,Government_Civics,mad,02_mad_20260916_021632_106384.json,AG2,14,2.0,2.0
american_socialism,Government_Civics,mad,02_mad_20260916_021632_106384.json,AG2,15,3.0,3.0
american_socialism,Government_Civics,mad,02_mad_20260916_021632_106384.json,AG2,16,2.0,2.0
american_socialism,Government_Civics,no_schema,02_no_schema_20260916_021707_982289.json,AG1,1,5.0,5.0
american_socialism,Government_Civics,no_schema,02_no_schema_20260916_021707_982289.json,AG1,2,4.0,4.0
american_socialism,Government_Civics,no_schema,02_no_schema_20260916_021707_982289.json,AG1,3,2.0,2.0
american_socialism,Government_Civics,no_schema,02_no_schema_20260916_021707_982289.json,AG1,4,6.0,6.0
american_socialism,Government_Civics,no_schema,02_no_schema_20260916_021707_982289.json,AG1,5,2.0,2.0
american_socialism,Government_Civics,no_schema,02_no_schema_20260916_021707_982289.json,AG1,6,5.0,5.0
american_socialism,Government_Civics,no_schema,02_no_schema_20260916_021707_982289.json,AG1,7,6.0,6.0
american_socialism,Government_Civics,no_schema,02_no_schema_20260916_021707_982289.json,AG1,8,5.0,5.0
american_socialism,Government_Civics,no_schema,02_no_schema_20260916_021707_982289.json,AG1,9,3.0,3.0
american_socialism,Government_Civics,no_schema,02_no_schema_20260916_021707_982289.json,AG1,10,4.0,4.0
american_socialism,Government_Civics,no_schema,02_no_schema_20260916_021707_982289.json,AG1,11,5.0,5.0
american_socialism,Government_Civics,no_schema,02_no_schema_20260916_021707_982289.json,AG1,12,3.0,3.0
american_socialism,Government_Civics,no_schema,02_no_schema_20260916_021707_982289.json,AG1,13,3.0,3.0
american_socialism,Government_Civics,no_schema,02_no_schema_20260916_021707_982289.json,AG1,14,3.0,3.0
american_socialism,Government_Civics,no_schema,02_no_schema_20260916_021707_982289.json,AG1,15,2.0,2.0
american_socialism,Government_Civics,no_schema,02_no_schema_20260916_021707_982289.json,AG1,16,3.0,3.0
american_socialism,Government_Civics,no_schema,02_no_schema_20260916_021707_982289.json,AG2,1,5.0,5.0
american_socialism,Government_Civics,no_schema,02_no_schema_20260916_021707_982289.json,AG2,2,4.0,4.0
american_socialism,Government_Civics,no_schema,02_no_schema_20260916_021707_982289.json,AG2,3,2.0,2.0
american_socialism,Government_Civics,no_schema,02_no_schema_20260916_021707_982289.json,AG2,4,5.0,5.0
american_socialism,Government_Civics,no_schema,02_no_schema_20260916_021707_982289.json,AG2,5,2.0,2.0
american_socialism,Government_Civics,no_schema,02_no_schema_20260916_021707_982289.json,AG2,6,6.0,6.0
american_socialism,Government_Civics,no_schema,02_no_schema_20260916_021707_982289.json,AG2,7,6.0,6.0
american_socialism,Government_Civics,no_schema,02_no_schema_20260916_021707_982289.json,AG2,8,4.0,4.0
american_socialism,Government_Civics,no_schema,02_no_schema_20260916_021707_982289.json,AG2,9,3.0,3.0
american_socialism,Government_Civics,no_schema,02_no_schema_20260916_021707_982289.json,AG2,10,4.0,4.0
american_socialism,Government_Civics,no_schema,02_no_schema_20260916_021707_982289.json,AG2,11,5.0,5.0
american_socialism,Government_Civics,no_schema,02_no_schema_20260916_021707_982289.json,AG2,12,4.0,4.0
american_socialism,Government_Civics,no_schema,02_no_schema_20260916_021707_982289.json,AG2,13,4.0,4.0
american_socialism,Government_Civics,no_schema,02_no_schema_20260916_021707_982289.json,AG2,14,4.0,4.0
american_socialism,Government_Civics,no_schema,02_no_schema_20260916_021707_982289.json,AG2,15,3.0,3.0
american_socialism,Government_Civics,no_schema,02_no_schema_20260916_021707_982289.json,AG2,16,4.0,4.0
american_socialism,Government_Civics,schema,02_schema_20260916_021901_761277.json,AG1,1,6.0,6.0
american_socialism,Government_Civics,schema,02_schema_20260916_021901_761277.json,AG1,2,4.0,4.0
american_socialism,Government_Civics,schema,02_schema_20260916_021901_761277.json,AG1,3,2.0,2.0
american_socialism,Government_Civics,schema,02_schema_20260916_021901_761277.json,AG1,4,5.0,5.0
american_socialism,Government_Civics,schema,02_schema_20260916_021901_761277.json,AG1,5,2.0,2.0
american_socialism,Government_Civics,schema,02_schema_20260916_021901_761277.json,AG1,6,5.0,5.0
american_socialism,Government_Civics,schema,02_schema_20260916_021901_761277.json,AG1,7,6.0,6.0
american_socialism,Government_Civics,schema,02_schema_20260916_021901_761277.json,AG1,8,6.0,6.0
american_socialism,Government_Civics,schema,02_schema_20260916_021901_761277.json,AG1,9,3.0,3.0
american_socialism,Government_Civics,schema,02_schema_20260916_021901_761277.json,AG1,10,4.0,4.0
american_socialism,Government_Civics,schema,02_schema_20260916_021901_761277.json,AG1,11,4.0,4.0
american_socialism,Government_Civics,schema,02_schema_20260916_021901_761277.json,AG1,12,3.0,3.0
american_socialism,Government_Civics,schema,02_schema_20260916_021901_761277.json,AG1,13,3.0,3.0
american_socialism,Government_Civics,schema,02_schema_20260916_021901_761277.json,AG1,14,4.0,4.0
american_socialism,Government_Civics,schema,02_schema_20260916_021901_761277.json,AG1,15,4.0,4.0
american_socialism,Government_Civics,schema,02_schema_20260916_021901_761277.json,AG1,16,4.0,4.0
american_socialism,Government_Civics,schema,02_schema_20260916_021901_761277.json,AG2,1,5.0,5.0
american_socialism,Government_Civics,schema,02_schema_20260916_021901_761277.json,AG2,2,4.0,4.0
american_socialism,Government_Civics,schema,02_schema_20260916_021901_761277.json,AG2,3,3.0,3.0
american_socialism,Government_Civics,schema,02_schema_20260916_021901_761277.json,AG2,4,4.0,4.0
american_socialism,Government_Civics,schema,02_schema_20260916_021901_761277.json,AG2,5,2.0,2.0
american_socialism,Government_Civics,schema,02_schema_20260916_021901_761277.json,AG2,6,4.0,4.0
american_socialism,Government_Civics,schema,02_schema_20260916_021901_761277.json,AG2,7,6.0,6.0
american_socialism,Government_Civics,schema,02_schema_20260916_021901_761277.json,AG2,8,4.0,4.0
american_socialism,Government_Civics,schema,02_schema_20260916_021901_761277.json,AG2,9,2.0,2.0
american_socialism,Government_Civics,schema,02_schema_20260916_021901_761277.json,AG2,10,4.0,4.0
american_socialism,Government_Civics,schema,02_schema_20260916_021901_761277.json,AG2,11,3.0,3.0
american_socialism,Government_Civics,schema,02_schema_20260916_021901_761277.json,AG2,12,3.0,3.0
american_socialism,Government_Civics,schema,02_schema_20260916_021901_761277.json,AG2,13,3.0,3.0
american_socialism,Government_Civics,schema,02_schema_20260916_021901_761277.json,AG2,14,3.0,3.0
american_socialism,Government_Civics,schema,02_schema_20260916_021901_761277.json,AG2,15,3.0,3.0
american_socialism,Government_Civics,schema,02_schema_20260916_021901_761277.json,AG2,16,3.0,3.0
american_socialism,Government_Civics,free_debate,03_free_debate_20260916_021725_686698.json,AG1,1,3.0,3.0
american_socialism,Government_Civics,free_debate,03_free_debate_20260916_021725_686698.json,AG1,2,2.0,2.0
american_socialism,Government_Civics,free_debate,03_free_debate_20260916_021725_686698.json,AG1,3,3.0,3.0
american_socialism,Government_Civics,free_debate,03_free_debate_20260916_021725_686698.json,AG1,4,2.0,2.0
american_socialism,Government_Civics,free_debate,03_free_debate_20260916_021725_686698.json,AG1,5,2.0,2.0
american_socialism,Government_Civics,free_debate,03_free_debate_20260916_021725_686698.json,AG1,6,3.0,3.0
american_socialism,Government_Civics,free_debate,03_free_debate_20260916_021725_686698.json,AG1,7,5.0,5.0
american_socialism,Government_Civics,free_debate,03_free_debate_20260916_021725_686698.json,AG1,8,2.0,2.0
american_socialism,Government_Civics,free_debate,03_free_debate_20260916_021725_686698.json,AG1,9,3.0,3.0
american_socialism,Government_Civics,free_debate,03_free_debate_20260916_021725_686698.json,AG1,10,3.0,3.0
american_socialism,Government_Civics,free_debate,03_free_debate_20260916_021725_686698.json,AG1,11,3.0,3.0
american_socialism,Government_Civics,free_debate,03_free_debate_20260916_021725_686698.json,AG1,12,3.0,3.0
american_socialism,Government_Civics,free_debate,03_free_debate_20260916_021725_686698.json,AG1,13,3.0,3.0
american_socialism,Government_Civics,free_debate,03_free_debate_20260916_021725_686698.json,AG1,14,2.0,2.0
american_socialism,Government_Civics,free_debate,03_free_debate_20260916_021725_686698.json,AG1,15,2.0,2.0
american_socialism,Government_Civics,free_debate,03_free_debate_20260916_021725_686698.json,AG1,16,2.0,2.0
american_socialism,Government_Civics,free_debate,03_free_debate_20260916_021725_686698.json,AG2,1,6.0,6.0
american_socialism,Government_Civics,free_debate,03_free_debate_20260916_021725_686698.json,AG2,2,5.0,5.0
american_socialism,Government_Civics,free_debate,03_free_debate_20260916_021725_686698.json,AG2,3,2.0,2.0
american_socialism,Government_Civics,free_debate,03_free_debate_20260916_021725_686698.json,AG2,4,6.0,6.0
american_socialism,Government_Civics,free_debate,03_free_debate_20260916_021725_686698.json,AG2,5,2.0,2.0
american_socialism,Government_Civics,free_debate,03_free_debate_20260916_021725_686698.json,AG2,6,7.0,7.0
american_socialism,Government_Civics,free_debate,03_free_debate_20260916_021725_686698.json,AG2,7,6.0,6.0
american_socialism,Government_Civics,free_debate,03_free_debate_20260916_021725_686698.json,AG2,8,4.0,4.0
american_socialism,Government_Civics,free_debate,03_free_debate_20260916_021725_686698.json,AG2,9,3.0,3.0
american_socialism,Government_Civics,free_debate,03_free_debate_20260916_021725_686698.json,AG2,10,3.0,3.0
american_socialism,Government_Civics,free_debate,03_free_debate_20260916_021725_686698.json,AG2,11,4.0,4.0
american_socialism,Government_Civics,free_debate,03_free_debate_20260916_021725_686698.json,AG2,12,2.0,2.0
american_socialism,Government_Civics,free_debate,03_free_debate_20260916_021725_686698.json,AG2,13,2.0,2.0
american_socialism,Government_Civics,free_debate,03_free_debate_20260916_021725_686698.json,AG2,14,2.0,2.0
american_socialism,Government_Civics,free_debate,03_free_debate_20260916_021725_686698.json,AG2,15,2.0,2.0
american_socialism,Government_Civics,free_debate,03_free_debate_20260916_021725_686698.json,AG2,16,3.0,3.0
american_socialism,Government_Civics,mad,03_mad_20260916_021709_032589.json,AG1,1,5.0,5.0
american_socialism,Government_Civics,mad,03_mad_20260916_021709_032589.json,AG1,2,4.0,4.0
american_socialism,Government_Civics,mad,03_mad_20260916_021709_032589.json,AG1,3,1.0,1.0
american_socialism,Government_Civics,mad,03_mad_20260916_021709_032589.json,AG1,4,5.0,5.0
american_socialism,Government_Civics,mad,03_mad_20260916_021709_032589.json,AG1,5,2.0,2.0
american_socialism,Government_Civics,mad,03_mad_20260916_021709_032589.json,AG1,6,4.0,4.0
american_socialism,Government_Civics,mad,03_mad_20260916_021709_032589.json,AG1,7,5.0,5.0
american_socialism,Government_Civics,mad,03_mad_20260916_021709_032589.json,AG1,8,4.0,4.0
american_socialism,Government_Civics,mad,03_mad_20260916_021709_032589.json,AG1,9,2.0,2.0
american_socialism,Government_Civics,mad,03_mad_20260916_021709_032589.json,AG1,10,3.0,3.0
american_socialism,Government_Civics,mad,03_mad_20260916_021709_032589.json,AG1,11,4.0,4.0
american_socialism,Government_Civics,mad,03_mad_20260916_021709_032589.json,AG1,12,2.0,2.0
american_socialism,Government_Civics,mad,03_mad_20260916_021709_032589.json,AG1,13,2.0,2.0
american_socialism,Government_Civics,mad,03_mad_20260916_021709_032589.json,AG1,14,2.0,2.0
american_socialism,Government_Civics,mad,03_mad_20260916_021709_032589.json,AG1,15,2.0,2.0
american_socialism,Government_Civics,mad,03_mad_20260916_021709_032589.json,AG1,16,2.0,2.0
american_socialism,Government_Civics,mad,03_mad_20260916_021709_032589.json,AG2,1,5.0,5.0
american_socialism,Government_Civics,mad,03_mad_20260916_021709_032589.json,AG2,2,4.0,4.0
american_socialism,Government_Civics,mad,03_mad_20260916_021709_032589.json,AG2,3,2.0,2.0
american_socialism,Government_Civics,mad,03_mad_20260916_021709_032589.json,AG2,4,5.0,5.0
american_socialism,Government_Civics,mad,03_mad_20260916_021709_032589.json,AG2,5,1.0,1.0
american_socialism,Government_Civics,mad,03_mad_20260916_021709_032589.json,AG2,6,4.0,4.0
american_socialism,Government_Civics,mad,03_mad_20260916_021709_032589.json,AG2,7,6.0,6.0
american_socialism,Government_Civics,mad,03_mad_20260916_021709_032589.json,AG2,8,4.0,4.0
american_socialism,Government_Civics,mad,03_mad_20260916_021709_032589.json,AG2,9,3.0,3.0
american_socialism,Government_Civics,mad,03_mad_20260916_021709_032589.json,AG2,10,3.0,3.0
american_socialism,Government_Civics,mad,03_mad_20260916_021709_032589.json,AG2,11,3.0,3.0
american_socialism,Government_Civics,mad,03_mad_20260916_021709_032589.json,AG2,12,3.0,3.0
american_socialism,Government_Civics,mad,03_mad_20260916_021709_032589.json,AG2,13,2.0,2.0
american_socialism,Government_Civics,mad,03_mad_20260916_021709_032589.json,AG2,14,3.0,3.0
american_socialism,Government_Civics,mad,03_mad_20260916_021709_032589.json,AG2,15,3.0,3.0
american_socialism,Government_Civics,mad,03_mad_20260916_021709_032589.json,AG2,16,3.0,3.0
american_socialism,Government_Civics,no_schema,03_no_schema_20260916_021800_981572.json,AG1,1,5.0,5.0
american_socialism,Government_Civics,no_schema,03_no_schema_20260916_021800_981572.json,AG1,2,4.0,4.0
american_socialism,Government_Civics,no_schema,03_no_schema_20260916_021800_981572.json,AG1,3,2.0,2.0
american_socialism,Government_Civics,no_schema,03_no_schema_20260916_021800_981572.json,AG1,4,4.0,4.0
american_socialism,Government_Civics,no_schema,03_no_schema_20260916_021800_981572.json,AG1,5,2.0,2.0
american_socialism,Government_Civics,no_schema,03_no_schema_20260916_021800_981572.json,AG1,6,4.0,4.0
american_socialism,Government_Civics,no_schema,03_no_schema_20260916_021800_981572.json,AG1,7,5.0,5.0
american_socialism,Government_Civics,no_schema,03_no_schema_20260916_021800_981572.json,AG1,8,4.0,4.0
american_socialism,Government_Civics,no_schema,03_no_schema_20260916_021800_981572.json,AG1,9,3.0,3.0
american_socialism,Government_Civics,no_schema,03_no_schema_20260916_021800_981572.json,AG1,10,3.0,3.0
american_socialism,Government_Civics,no_schema,03_no_schema_20260916_021800_981572.json,AG1,11,4.0,4.0
american_socialism,Government_Civics,no_schema,03_no_schema_20260916_021800_981572.json,AG1,12,3.0,3.0
american_socialism,Government_Civics,no_schema,03_no_schema_20260916_021800_981572.json,AG1,13,4.0,4.0
american_socialism,Government_Civics,no_schema,03_no_schema_20260916_021800_981572.json,AG1,14,4.0,4.0
american_socialism,Government_Civics,no_schema,03_no_schema_20260916_021800_981572.json,AG1,15,3.0,3.0
american_socialism,Government_Civics,no_schema,03_no_schema_20260916_021800_981572.json,AG1,16,4.0,4.0
american_socialism,Government_Civics,no_schema,03_no_schema_20260916_021800_981572.json,AG2,1,5.0,5.0
american_socialism,Government_Civics,no_schema,03_no_schema_20260916_021800_981572.json,AG2,2,4.0,4.0
american_socialism,Government_Civics,no_schema,03_no_schema_20260916_021800_981572.json,AG2,3,1.0,1.0
american_socialism,Government_Civics,no_schema,03_no_schema_20260916_021800_981572.json,AG2,4,5.0,5.0
american_socialism,Government_Civics,no_schema,03_no_schema_20260916_021800_981572.json,AG2,5,1.0,1.0
american_socialism,Government_Civics,no_schema,03_no_schema_20260916_021800_981572.json,AG2,6,4.0,4.0
american_socialism,Government_Civics,no_schema,03_no_schema_20260916_021800_981572.json,AG2,7,6.0,6.0
american_socialism,Government_Civics,no_schema,03_no_schema_20260916_021800_981572.json,AG2,8,4.0,4.0
american_socialism,Government_Civics,no_schema,03_no_schema_20260916_021800_981572.json,AG2,9,3.0,3.0
american_socialism,Government_Civics,no_schema,03_no_schema_20260916_021800_981572.json,AG2,10,4.0,4.0
american_socialism,Government_Civics,no_schema,03_no_schema_20260916_021800_981572.json,AG2,11,4.0,4.0
american_socialism,Government_Civics,no_schema,03_no_schema_20260916_021800_981572.json,AG2,12,3.0,3.0
american_socialism,Government_Civics,no_schema,03_no_schema_20260916_021800_981572.json,AG2,13,3.0,3.0
american_socialism,Government_Civics,no_schema,03_no_schema_20260916_021800_981572.json,AG2,14,3.0,3.0
american_socialism,Government_Civics,no_schema,03_no_schema_20260916_021800_981572.json,AG2,15,3.0,3.0
american_socialism,Government_Civics,no_schema,03_no_schema_20260916_021800_981572.json,AG2,16,4.0,4.0
american_socialism,Government_Civics,schema,03_schema_20260916_021952_062676.json,AG1,1,5.0,5.0
american_socialism,Government_Civics,schema,03_schema_20260916_021952_062676.json,AG1,2,4.0,4.0
american_socialism,Government_Civics,schema,03_schema_20260916_021952_062676.json,AG1,3,2.0,2.0
american_socialism,Government_Civics,schema,03_schema_20260916_021952_062676.json,AG1,4,5.0,5.0
american_socialism,Government_Civics,schema,03_schema_20260916_021952_062676.json,AG1,5,2.0,2.0
american_socialism,Government_Civics,schema,03_schema_20260916_021952_062676.json,AG1,6,4.0,4.0
american_socialism,Government_Civics,schema,03_schema_20260916_021952_062676.json,AG1,7,6.0,6.0
american_socialism,Government_Civics,schema,03_schema_20260916_021952_062676.json,AG1,8,5.0,5.0
american_socialism,Government_Civics,schema,03_schema_20260916_021952_062676.json,AG1,9,3.0,3.0
american_socialism,Government_Civics,schema,03_schema_20260916_021952_062676.json,AG1,10,4.0,4.0
american_socialism,Government_Civics,schema,03_schema_20260916_021952_062676.json,AG1,11,4.0,4.0
american_socialism,Government_Civics,schema,03_schema_20260916_021952_062676.json,AG1,12,4.0,4.0
american_socialism,Government_Civics,schema,03_schema_20260916_021952_062676.json,AG1,13,4.0,4.0
american_socialism,Government_Civics,schema,03_schema_20260916_021952_062676.json,AG1,14,4.0,4.0
american_socialism,Government_Civics,schema,03_schema_20260916_021952_062676.json,AG1,15,4.0,4.0
american_socialism,Government_Civics,schema,03_schema_20260916_021952_062676.json,AG1,16,5.0,5.0
american_socialism,Government_Civics,schema,03_schema_20260916_021952_062676.json,AG2,1,5.0,5.0
american_socialism,Government_Civics,schema,03_schema_20260916_021952_062676.json,AG2,2,4.0,4.0
american_socialism,Government_Civics,schema,03_schema_20260916_021952_062676.json,AG2,3,2.0,2.0
american_socialism,Government_Civics,schema,03_schema_20260916_021952_062676.json,AG2,4,5.0,5.0
american_socialism,Government_Civics,schema,03_schema_20260916_021952_062676.json,AG2,5,2.0,2.0
american_socialism,Government_Civics,schema,03_schema_20260916_021952_062676.json,AG2,6,4.0,4.0
american_socialism,Government_Civics,schema,03_schema_20260916_021952_062676.json,AG2,7,6.0,6.0
american_socialism,Government_Civics,schema,03_schema_20260916_021952_062676.json,AG2,8,4.0,4.0
american_socialism,Government_Civics,schema,03_schema_20260916_021952_062676.json,AG2,9,4.0,4.0
american_socialism,Government_Civics,schema,03_schema_20260916_021952_062676.json,AG2,10,4.0,4.0
american_socialism,Government_Civics,schema,03_schema_20260916_021952_062676.json,AG2,11,4.0,4.0
american_socialism,Government_Civics,schema,03_schema_20260916_021952_062676.json,AG2,12,3.0,3.0
american_socialism,Government_Civics,schema,03_schema_20260916_021952_062676.json,AG2,13,4.0,4.0
american_socialism,Government_Civics,schema,03_schema_20260916_021952_062676.json,AG2,14,4.0,4.0
american_socialism,Government_Civics,schema,03_schema_20260916_021952_062676.json,AG2,15,3.0,3.0
american_socialism,Government_Civics,schema,03_schema_20260916_021952_062676.json,AG2,16,4.0,4.0
american_socialism,Government_Civics,free_debate,04_free_debate_20260916_021806_213081.json,AG1,1,6.0,6.0
american_socialism,Government_Civics,free_debate,04_free_debate_20260916_021806_213081.json,AG1,2,6.0,6.0
american_socialism,Government_Civics,free_debate,04_free_debate_20260916_021806_213081.json,AG1,3,2.0,2.0
american_socialism,Government_Civics,free_debate,04_free_debate_20260916_021806_213081.json,AG1,4,5.0,5.0
american_socialism,Government_Civics,free_debate,04_free_debate_20260916_021806_213081.json,AG1,5,2.0,2.0
american_socialism,Government_Civics,free_debate,04_free_debate_20260916_021806_213081.json,AG1,6,4.0,4.0
american_socialism,Government_Civics,free_debate,04_free_debate_20260916_021806_213081.json,AG1,7,6.0,6.0
american_socialism,Government_Civics,free_debate,04_free_debate_20260916_021806_213081.json,AG1,8,5.0,5.0
american_socialism,Government_Civics,free_debate,04_free_debate_20260916_021806_213081.json,AG1,9,3.0,3.0
american_socialism,Government_Civics,free_debate,04_free_debate_20260916_021806_213081.json,AG1,10,4.0,4.0
american_socialism,Government_Civics,free_debate,04_free_debate_20260916_021806_213081.json,AG1,11,5.0,5.0
american_socialism,Government_Civics,free_debate,04_free_debate_20260916_021806_213081.json,AG1,12,3.0,3.0
american_socialism,Government_Civics,free_debate,04_free_debate_20260916_021806_213081.json,AG1,13,3.0,3.0
american_socialism,Government_Civics,free_debate,04_free_debate_20260916_021806_213081.json,AG1,14,3.0,3.0
american_socialism,Government_Civics,free_debate,04_free_debate_20260916_021806_213081.json,AG1,15,2.0,2.0
american_socialism,Government_Civics,free_debate,04_free_debate_20260916_021806_213081.json,AG1,16,2.0,2.0
american_socialism,Government_Civics,free_debate,04_free_debate_20260916_021806_213081.json,AG2,1,6.0,6.0
american_socialism,Government_Civics,free_debate,04_free_debate_20260916_021806_213081.json,AG2,2,5.0,5.0
american_socialism,Government_Civics,free_debate,04_free_debate_20260916_021806_213081.json,AG2,3,2.0,2.0
american_socialism,Government_Civics,free_debate,04_free_debate_20260916_021806_213081.json,AG2,4,6.0,6.0
american_socialism,Government_Civics,free_debate,04_free_debate_20260916_021806_213081.json,AG2,5,2.0,2.0
american_socialism,Government_Civics,free_debate,04_free_debate_20260916_021806_213081.json,AG2,6,4.0,4.0
american_socialism,Government_Civics,free_debate,04_free_debate_20260916_021806_213081.json,AG2,7,6.0,6.0
american_socialism,Government_Civics,free_debate,04_free_debate_20260916_021806_213081.json,AG2,8,4.0,4.0
american_socialism,Government_Civics,free_debate,04_free_debate_20260916_021806_213081.json,AG2,9,3.0,3.0
american_socialism,Government_Civics,free_debate,04_free_debate_20260916_021806_213081.json,AG2,10,4.0,4.0
american_socialism,Government_Civics,free_debate,04_free_debate_20260916_021806_213081.json,AG2,11,4.0,4.0
american_socialism,Government_Civics,free_debate,04_free_debate_20260916_021806_213081.json,AG2,12,3.0,3.0
american_socialism,Government_Civics,free_debate,04_free_debate_20260916_021806_213081.json,AG2,13,3.0,3.0
american_socialism,Government_Civics,free_debate,04_free_debate_20260916_021806_213081.json,AG2,14,3.0,3.0
american_socialism,Government_Civics,free_debate,04_free_debate_20260916_021806_213081.json,AG2,15,3.0,3.0
american_socialism,Government_Civics,free_debate,04_free_debate_20260916_021806_213081.json,AG2,16,2.0,2.0
american_socialism,Government_Civics,mad,04_mad_20260916_021804_870500.json,AG1,1,4.0,4.0
american_socialism,Government_Civics,mad,04_mad_20260916_021804_870500.json,AG1,2,3.0,3.0
american_socialism,Government_Civics,mad,04_mad_20260916_021804_870500.json,AG1,3,2.0,2.0
american_socialism,Government_Civics,mad,04_mad_20260916_021804_870500.json,AG1,4,4.0,4.0
american_socialism,Government_Civics,mad,04_mad_20260916_021804_870500.json,AG1,5,2.0,2.0
american_socialism,Government_Civics,mad,04_mad_20260916_021804_870500.json,AG1,6,4.0,4.0
american_socialism,Government_Civics,mad,04_mad_20260916_021804_870500.json,AG1,7,6.0,6.0
american_socialism,Government_Civics,mad,04_mad_20260916_021804_870500.json,AG1,8,4.0,4.0
american_socialism,Government_Civics,mad,04_mad_20260916_021804_870500.json,AG1,9,3.0,3.0
american_socialism,Government_Civics,mad,04_mad_20260916_021804_870500.json,AG1,10,3.0,3.0
american_socialism,Government_Civics,mad,04_mad_20260916_021804_870500.json,AG1,11,3.0,3.0
american_socialism,Government_Civics,mad,04_mad_20260916_021804_870500.json,AG1,12,2.0,2.0
american_socialism,Government_Civics,mad,04_mad_20260916_021804_870500.json,AG1,13,2.0,2.0
american_socialism,Government_Civics,mad,04_mad_20260916_021804_870500.json,AG1,14,3.0,3.0
american_socialism,Government_Civics,mad,04_mad_20260916_021804_870500.json,AG1,15,3.0,3.0
american_socialism,Government_Civics,mad,04_mad_20260916_021804_870500.json,AG1,16,3.0,3.0
american_socialism,Government_Civics,mad,04_mad_20260916_021804_870500.json,AG2,1,5.0,5.0
american_socialism,Government_Civics,mad,04_mad_20260916_021804_870500.json,AG2,2,4.0,4.0
american_socialism,Government_Civics,mad,04_mad_20260916_021804_870500.json,AG2,3,3.0,3.0
american_socialism,Government_Civics,mad,04_mad_20260916_021804_870500.json,AG2,4,4.0,4.0
american_socialism,Government_Civics,mad,04_mad_20260916_021804_870500.json,AG2,5,2.0,2.0
american_socialism,Government_Civics,mad,04_mad_20260916_021804_870500.json,AG2,6,4.0,4.0
american_socialism,Government_Civics,mad,04_mad_20260916_021804_870500.json,AG2,7,6.0,6.0
american_socialism,Government_Civics,mad,04_mad_20260916_021804_870500.json,AG2,8,4.0,4.0
american_socialism,Government_Civics,mad,04_mad_20260916_021804_870500.json,AG2,9,3.0,3.0
american_socialism,Government_Civics,mad,04_mad_20260916_021804_870500.json,AG2,10,3.0,3.0
american_socialism,Government_Civics,mad,04_mad_20260916_021804_870500.json,AG2,11,2.0,2.0
american_socialism,Government_Civics,mad,04_mad_20260916_021804_870500.json,AG2,12,3.0,3.0
american_socialism,Government_Civics,mad,04_mad_20260916_021804_870500.json,AG2,13,2.0,2.0
american_socialism,Government_Civics,mad,04_mad_20260916_021804_870500.json,AG2,14,2.0,2.0
american_socialism,Government_Civics,mad,04_mad_20260916_021804_870500.json,AG2,15,3.0,3.0
american_socialism,Government_Civics,mad,04_mad_20260916_021804_870500.json,AG2,16,3.0,3.0
american_socialism,Government_Civics,no_schema,04_no_schema_20260916_021844_745539.json,AG1,1,5.0,5.0
american_socialism,Government_Civics,no_schema,04_no_schema_20260916_021844_745539.json,AG1,2,5.0,5.0
american_socialism,Government_Civics,no_schema,04_no_schema_20260916_021844_745539.json,AG1,3,2.0,2.0
american_socialism,Government_Civics,no_schema,04_no_schema_20260916_021844_745539.json,AG1,4,4.0,4.0
american_socialism,Government_Civics,no_schema,04_no_schema_20260916_021844_745539.json,AG1,5,2.0,2.0
american_socialism,Government_Civics,no_schema,04_no_schema_20260916_021844_745539.json,AG1,6,6.0,6.0
american_socialism,Government_Civics,no_schema,04_no_schema_20260916_021844_745539.json,AG1,7,6.0,6.0
american_socialism,Government_Civics,no_schema,04_no_schema_20260916_021844_745539.json,AG1,8,5.0,5.0
american_socialism,Government_Civics,no_schema,04_no_schema_20260916_021844_745539.json,AG1,9,3.0,3.0
american_socialism,Government_Civics,no_schema,04_no_schema_20260916_021844_745539.json,AG1,10,4.0,4.0
american_socialism,Government_Civics,no_schema,04_no_schema_20260916_021844_745539.json,AG1,11,4.0,4.0
american_socialism,Government_Civics,no_schema,04_no_schema_20260916_021844_745539.json,AG1,12,3.0,3.0
american_socialism,Government_Civics,no_schema,04_no_schema_20260916_021844_745539.json,AG1,13,4.0,4.0
american_socialism,Government_Civics,no_schema,04_no_schema_20260916_021844_745539.json,AG1,14,4.0,4.0
american_socialism,Government_Civics,no_schema,04_no_schema_20260916_021844_745539.json,AG1,15,3.0,3.0
american_socialism,Government_Civics,no_schema,04_no_schema_20260916_021844_745539.json,AG1,16,4.0,4.0
american_socialism,Government_Civics,no_schema,04_no_schema_20260916_021844_745539.json,AG2,1,3.0,3.0
american_socialism,Government_Civics,no_schema,04_no_schema_20260916_021844_745539.json,AG2,2,3.0,3.0
american_socialism,Government_Civics,no_schema,04_no_schema_20260916_021844_745539.json,AG2,3,4.0,4.0
american_socialism,Government_Civics,no_schema,04_no_schema_20260916_021844_745539.json,AG2,4,4.0,4.0
american_socialism,Government_Civics,no_schema,04_no_schema_20260916_021844_745539.json,AG2,5,2.0,2.0
american_socialism,Government_Civics,no_schema,04_no_schema_20260916_021844_745539.json,AG2,6,4.0,4.0
american_socialism,Government_Civics,no_schema,04_no_schema_20260916_021844_745539.json,AG2,7,5.0,5.0
american_socialism,Government_Civics,no_schema,04_no_schema_20260916_021844_745539.json,AG2,8,3.0,3.0
american_socialism,Government_Civics,no_schema,04_no_schema_20260916_021844_745539.json,AG2,9,4.0,4.0
american_socialism,Government_Civics,no_schema,04_no_schema_20260916_021844_745539.json,AG2,10,4.0,4.0
american_socialism,Government_Civics,no_schema,04_no_schema_20260916_021844_745539.json,AG2,11,4.0,4.0
american_socialism,Government_Civics,no_schema,04_no_schema_20260916_021844_745539.json,AG2,12,3.0,3.0
american_socialism,Government_Civics,no_schema,04_no_schema_20260916_021844_745539.json,AG2,13,3.0,3.0
american_socialism,Government_Civics,no_schema,04_no_schema_20260916_021844_745539.json,AG2,14,3.0,3.0
american_socialism,Government_Civics,no_schema,04_no_schema_20260916_021844_745539.json,AG2,15,3.0,3.0
american_socialism,Government_Civics,no_schema,04_no_schema_20260916_021844_745539.json,AG2,16,3.0,3.0
american_socialism,Government_Civics,schema,04_schema_20260916_022100_087364.json,AG1,1,4.0,4.0
american_socialism,Government_Civics,schema,04_schema_20260916_022100_087364.json,AG1,2,4.0,4.0
american_socialism,Government_Civics,schema,04_schema_20260916_022100_087364.json,AG1,3,2.0,2.0
american_socialism,Government_Civics,schema,04_schema_20260916_022100_087364.json,AG1,4,4.0,4.0
american_socialism,Government_Civics,schema,04_schema_20260916_022100_087364.json,AG1,5,2.0,2.0
american_socialism,Government_Civics,schema,04_schema_20260916_022100_087364.json,AG1,6,4.0,4.0
american_socialism,Government_Civics,schema,04_schema_20260916_022100_087364.json,AG1,7,5.0,5.0
american_socialism,Government_Civics,schema,04_schema_20260916_022100_087364.json,AG1,8,4.0,4.0
american_socialism,Government_Civics,schema,04_schema_20260916_022100_087364.json,AG1,9,2.0,2.0
american_socialism,Government_Civics,schema,04_schema_20260916_022100_087364.json,AG1,10,3.0,3.0
american_socialism,Government_Civics,schema,04_schema_20260916_022100_087364.json,AG1,11,4.0,4.0
american_socialism,Government_Civics,schema,04_schema_20260916_022100_087364.json,AG1,12,2.0,2.0
american_socialism,Government_Civics,schema,04_schema_20260916_022100_087364.json,AG1,13,4.0,4.0
american_socialism,Government_Civics,schema,04_schema_20260916_022100_087364.json,AG1,14,3.0,3.0
american_socialism,Government_Civics,schema,04_schema_20260916_022100_087364.json,AG1,15,3.0,3.0
american_socialism,Government_Civics,schema,04_schema_20260916_022100_087364.json,AG1,16,4.0,4.0
american_socialism,Government_Civics,schema,04_schema_20260916_022100_087364.json,AG2,1,4.0,4.0
american_socialism,Government_Civics,schema,04_schema_20260916_022100_087364.json,AG2,2,3.0,3.0
american_socialism,Government_Civics,schema,04_schema_20260916_022100_087364.json,AG2,3,2.0,2.0
american_socialism,Government_Civics,schema,04_schema_20260916_022100_087364.json,AG2,4,4.0,4.0
american_socialism,Government_Civics,schema,04_schema_20260916_022100_087364.json,AG2,5,3.0,3.0
american_socialism,Government_Civics,schema,04_schema_20260916_022100_087364.json,AG2,6,4.0,4.0
american_socialism,Government_Civics,schema,04_schema_20260916_022100_087364.json,AG2,7,6.0,6.0
american_socialism,Government_Civics,schema,04_schema_20260916_022100_087364.json,AG2,8,4.0,4.0
american_socialism,Government_Civics,schema,04_schema_20260916_022100_087364.json,AG2,9,2.0,2.0
american_socialism,Government_Civics,schema,04_schema_20260916_022100_087364.json,AG2,10,3.0,3.0
american_socialism,Government_Civics,schema,04_schema_20260916_022100_087364.json,AG2,11,3.0,3.0
american_socialism,Government_Civics,schema,04_schema_20260916_022100_087364.json,AG2,12,2.0,2.0
american_socialism,Government_Civics,schema,04_schema_20260916_022100_087364.json,AG2,13,2.0,2.0
american_socialism,Government_Civics,schema,04_schema_20260916_022100_087364.json,AG2,14,3.0,3.0
american_socialism,Government_Civics,schema,04_schema_20260916_022100_087364.json,AG2,15,2.0,2.0
american_socialism,Government_Civics,schema,04_schema_20260916_022100_087364.json,AG2,16,3.0,3.0
american_socialism,Government_Civics,free_debate,05_free_debate_20260916_021919_980607.json,AG1,1,5.0,5.0
american_socialism,Government_Civics,free_debate,05_free_debate_20260916_021919_980607.json,AG1,2,5.0,5.0
american_socialism,Government_Civics,free_debate,05_free_debate_20260916_021919_980607.json,AG1,3,2.0,2.0
american_socialism,Government_Civics,free_debate,05_free_debate_20260916_021919_980607.json,AG1,4,4.0,4.0
american_socialism,Government_Civics,free_debate,05_free_debate_20260916_021919_980607.json,AG1,5,2.0,2.0
american_socialism,Government_Civics,free_debate,05_free_debate_20260916_021919_980607.json,AG1,6,4.0,4.0
american_socialism,Government_Civics,free_debate,05_free_debate_20260916_021919_980607.json,AG1,7,6.0,6.0
american_socialism,Government_Civics,free_debate,05_free_debate_20260916_021919_980607.json,AG1,8,4.0,4.0
american_socialism,Government_Civics,free_debate,05_free_debate_20260916_021919_980607.json,AG1,9,3.0,3.0
american_socialism,Government_Civics,free_debate,05_free_debate_20260916_021919_980607.json,AG1,10,4.0,4.0
american_socialism,Government_Civics,free_debate,05_free_debate_20260916_021919_980607.json,AG1,11,4.0,4.0
american_socialism,Government_Civics,free_debate,05_free_debate_20260916_021919_980607.json,AG1,12,2.0,2.0
american_socialism,Government_Civics,free_debate,05_free_debate_20260916_021919_980607.json,AG1,13,2.0,2.0
american_socialism,Government_Civics,free_debate,05_free_debate_20260916_021919_980607.json,AG1,14,2.0,2.0
american_socialism,Government_Civics,free_debate,05_free_debate_20260916_021919_980607.json,AG1,15,2.0,2.0
american_socialism,Government_Civics,free_debate,05_free_debate_20260916_021919_980607.json,AG1,16,3.0,3.0
american_socialism,Government_Civics,free_debate,05_free_debate_20260916_021919_980607.json,AG2,1,5.0,5.0
american_socialism,Government_Civics,free_debate,05_free_debate_20260916_021919_980607.json,AG2,2,4.0,4.0
american_socialism,Government_Civics,free_debate,05_free_debate_20260916_021919_980607.json,AG2,3,2.0,2.0
american_socialism,Government_Civics,free_debate,05_free_debate_20260916_021919_980607.json,AG2,4,5.0,5.0
american_socialism,Government_Civics,free_debate,05_free_debate_20260916_021919_980607.json,AG2,5,1.0,1.0
american_socialism,Government_Civics,free_debate,05_free_debate_20260916_021919_980607.json,AG2,6,4.0,4.0
american_socialism,Government_Civics,free_debate,05_free_debate_20260916_021919_980607.json,AG2,7,6.0,6.0
american_socialism,Government_Civics,free_debate,05_free_debate_20260916_021919_980607.json,AG2,8,4.0,4.0
american_socialism,Government_Civics,free_debate,05_free_debate_20260916_021919_980607.json,AG2,9,2.0,2.0
american_socialism,Government_Civics,free_debate,05_free_debate_20260916_021919_980607.json,AG2,10,3.0,3.0
american_socialism,Government_Civics,free_debate,05_free_debate_20260916_021919_980607.json,AG2,11,4.0,4.0
american_socialism,Government_Civics,free_debate,05_free_debate_20260916_021919_980607.json,AG2,12,2.0,2.0
american_socialism,Government_Civics,free_debate,05_free_debate_20260916_021919_980607.json,AG2,13,2.0,2.0
american_socialism,Government_Civics,free_debate,05_free_debate_20260916_021919_980607.json,AG2,14,3.0,3.0
american_socialism,Government_Civics,free_debate,05_free_debate_20260916_021919_980607.json,AG2,15,2.0,2.0
american_socialism,Government_Civics,free_debate,05_free_debate_20260916_021919_980607.json,AG2,16,3.0,3.0
american_socialism,Government_Civics,mad,05_mad_20260916_021858_463122.json,AG1,1,4.0,4.0
american_socialism,Government_Civics,mad,05_mad_20260916_021858_463122.json,AG1,2,3.0,3.0
american_socialism,Government_Civics,mad,05_mad_20260916_021858_463122.json,AG1,3,4.0,4.0
american_socialism,Government_Civics,mad,05_mad_20260916_021858_463122.json,AG1,4,3.0,3.0
american_socialism,Government_Civics,mad,05_mad_20260916_021858_463122.json,AG1,5,2.0,2.0
american_socialism,Government_Civics,mad,05_mad_20260916_021858_463122.json,AG1,6,3.0,3.0
american_socialism,Government_Civics,mad,05_mad_20260916_021858_463122.json,AG1,7,4.0,4.0
american_socialism,Government_Civics,mad,05_mad_20260916_021858_463122.json,AG1,8,2.0,2.0
american_socialism,Government_Civics,mad,05_mad_20260916_021858_463122.json,AG1,9,3.0,3.0
american_socialism,Government_Civics,mad,05_mad_20260916_021858_463122.json,AG1,10,3.0,3.0
american_socialism,Government_Civics,mad,05_mad_20260916_021858_463122.json,AG1,11,3.0,3.0
american_socialism,Government_Civics,mad,05_mad_20260916_021858_463122.json,AG1,12,2.0,2.0
american_socialism,Government_Civics,mad,05_mad_20260916_021858_463122.json,AG1,13,2.0,2.0
american_socialism,Government_Civics,mad,05_mad_20260916_021858_463122.json,AG1,14,2.0,2.0
american_socialism,Government_Civics,mad,05_mad_20260916_021858_463122.json,AG1,15,2.0,2.0
american_socialism,Government_Civics,mad,05_mad_20260916_021858_463122.json,AG1,16,2.0,2.0
american_socialism,Government_Civics,mad,05_mad_20260916_021858_463122.json,AG2,1,4.0,4.0
american_socialism,Government_Civics,mad,05_mad_20260916_021858_463122.json,AG2,2,4.0,4.0
american_socialism,Government_Civics,mad,05_mad_20260916_021858_463122.json,AG2,3,1.0,1.0
american_socialism,Government_Civics,mad,05_mad_20260916_021858_463122.json,AG2,4,5.0,5.0
american_socialism,Government_Civics,mad,05_mad_20260916_021858_463122.json,AG2,5,1.0,1.0
american_socialism,Government_Civics,mad,05_mad_20260916_021858_463122.json,AG2,6,5.0,5.0
american_socialism,Government_Civics,mad,05_mad_20260916_021858_463122.json,AG2,7,6.0,6.0
american_socialism,Government_Civics,mad,05_mad_20260916_021858_463122.json,AG2,8,6.0,6.0
american_socialism,Government_Civics,mad,05_mad_20260916_021858_463122.json,AG2,9,3.0,3.0
american_socialism,Government_Civics,mad,05_mad_20260916_021858_463122.json,AG2,10,4.0,4.0
american_socialism,Government_Civics,mad,05_mad_20260916_021858_463122.json,AG2,11,4.0,4.0
american_socialism,Government_Civics,mad,05_mad_20260916_021858_463122.json,AG2,12,3.0,3.0
american_socialism,Government_Civics,mad,05_mad_20260916_021858_463122.json,AG2,13,3.0,3.0
american_socialism,Government_Civics,mad,05_mad_20260916_021858_463122.json,AG2,14,3.0,3.0
american_socialism,Government_Civics,mad,05_mad_20260916_021858_463122.json,AG2,15,3.0,3.0
american_socialism,Government_Civics,mad,05_mad_20260916_021858_463122.json,AG2,16,3.0,3.0
american_socialism,Government_Civics,no_schema,05_no_schema_20260916_022003_910236.json,AG1,1,6.0,6.0
american_socialism,Government_Civics,no_schema,05_no_schema_20260916_022003_910236.json,AG1,2,5.0,5.0
american_socialism,Government_Civics,no_schema,05_no_schema_20260916_022003_910236.json,AG1,3,2.0,2.0
american_socialism,Government_Civics,no_schema,05_no_schema_20260916_022003_910236.json,AG1,4,5.0,5.0
american_socialism,Government_Civics,no_schema,05_no_schema_20260916_022003_910236.json,AG1,5,2.0,2.0
american_socialism,Government_Civics,no_schema,05_no_schema_20260916_022003_910236.json,AG1,6,4.0,4.0
american_socialism,Government_Civics,no_schema,05_no_schema_20260916_022003_910236.json,AG1,7,6.0,6.0
american_socialism,Government_Civics,no_schema,05_no_schema_20260916_022003_910236.json,AG1,8,5.0,5.0
american_socialism,Government_Civics,no_schema,05_no_schema_20260916_022003_910236.json,AG1,9,3.0,3.0
american_socialism,Government_Civics,no_schema,05_no_schema_20260916_022003_910236.json,AG1,10,4.0,4.0
american_socialism,Government_Civics,no_schema,05_no_schema_20260916_022003_910236.json,AG1,11,4.0,4.0
american_socialism,Government_Civics,no_schema,05_no_schema_20260916_022003_910236.json,AG1,12,4.0,4.0
american_socialism,Government_Civics,no_schema,05_no_schema_20260916_022003_910236.json,AG1,13,4.0,4.0
american_socialism,Government_Civics,no_schema,05_no_schema_20260916_022003_910236.json,AG1,14,4.0,4.0
american_socialism,Government_Civics,no_schema,05_no_schema_20260916_022003_910236.json,AG1,15,3.0,3.0
american_socialism,Government_Civics,no_schema,05_no_schema_20260916_022003_910236.json,AG1,16,4.0,4.0
american_socialism,Government_Civics,no_schema,05_no_schema_20260916_022003_910236.json,AG2,1,4.0,4.0
american_socialism,Government_Civics,no_schema,05_no_schema_20260916_022003_910236.json,AG2,2,3.0,3.0
american_socialism,Government_Civics,no_schema,05_no_schema_20260916_022003_910236.json,AG2,3,3.0,3.0
american_socialism,Government_Civics,no_schema,05_no_schema_20260916_022003_910236.json,AG2,4,4.0,4.0
american_socialism,Government_Civics,no_schema,05_no_schema_20260916_022003_910236.json,AG2,5,2.0,2.0
american_socialism,Government_Civics,no_schema,05_no_schema_20260916_022003_910236.json,AG2,6,4.0,4.0
american_socialism,Government_Civics,no_schema,05_no_schema_20260916_022003_910236.json,AG2,7,4.0,4.0
american_socialism,Government_Civics,no_schema,05_no_schema_20260916_022003_910236.json,AG2,8,3.0,3.0
american_socialism,Government_Civics,no_schema,05_no_schema_20260916_022003_910236.json,AG2,9,3.0,3.0
american_socialism,Government_Civics,no_schema,05_no_schema_20260916_022003_910236.json,AG2,10,4.0,4.0
american_socialism,Government_Civics,no_schema,05_no_schema_20260916_022003_910236.json,AG2,11,4.0,4.0
american_socialism,Government_Civics,no_schema,05_no_schema_20260916_022003_910236.json,AG2,12,3.0,3.0
american_socialism,Government_Civics,no_schema,05_no_schema_20260916_022003_910236.json,AG2,13,3.0,3.0
american_socialism,Government_Civics,no_schema,05_no_schema_20260916_022003_910236.json,AG2,14,3.0,3.0
american_socialism,Government_Civics,no_schema,05_no_schema_20260916_022003_910236.json,AG2,15,3.0,3.0
american_socialism,Government_Civics,no_schema,05_no_schema_20260916_022003_910236.json,AG2,16,4.0,4.0
american_socialism,Government_Civics,schema,05_schema_20260916_022142_328013.json,AG1,1,5.0,5.0
american_socialism,Government_Civics,schema,05_schema_20260916_022142_328013.json,AG1,2,5.0,5.0
american_socialism,Government_Civics,schema,05_schema_20260916_022142_328013.json,AG1,3,2.0,2.0
american_socialism,Government_Civics,schema,05_schema_20260916_022142_328013.json,AG1,4,4.0,4.0
american_socialism,Government_Civics,schema,05_schema_20260916_022142_328013.json,AG1,5,2.0,2.0
american_socialism,Government_Civics,schema,05_schema_20260916_022142_328013.json,AG1,6,6.0,6.0
american_socialism,Government_Civics,schema,05_schema_20260916_022142_328013.json,AG1,7,6.0,6.0
american_socialism,Government_Civics,schema,05_schema_20260916_022142_328013.json,AG1,8,4.0,4.0
american_socialism,Government_Civics,schema,05_schema_20260916_022142_328013.json,AG1,9,3.0,3.0
american_socialism,Government_Civics,schema,05_schema_20260916_022142_328013.json,AG1,10,4.0,4.0
american_socialism,Government_Civics,schema,05_schema_20260916_022142_328013.json,AG1,11,4.0,4.0
american_socialism,Government_Civics,schema,05_schema_20260916_022142_328013.json,AG1,12,3.0,3.0
american_socialism,Government_Civics,schema,05_schema_20260916_022142_328013.json,AG1,13,4.0,4.0
american_socialism,Government_Civics,schema,05_schema_20260916_022142_328013.json,AG1,14,4.0,4.0
american_socialism,Government_Civics,schema,05_schema_20260916_022142_328013.json,AG1,15,4.0,4.0
american_socialism,Government_Civics,schema,05_schema_20260916_022142_328013.json,AG1,16,4.0,4.0
american_socialism,Government_Civics,schema,05_schema_20260916_022142_328013.json,AG2,1,3.0,3.0
american_socialism,Government_Civics,schema,05_schema_20260916_022142_328013.json,AG2,2,2.0,2.0
american_socialism,Government_Civics,schema,05_schema_20260916_022142_328013.json,AG2,3,3.0,3.0
american_socialism,Government_Civics,schema,05_schema_20260916_022142_328013.json,AG2,4,4.0,4.0
american_socialism,Government_Civics,schema,05_schema_20260916_022142_328013.json,AG2,5,2.0,2.0
american_socialism,Government_Civics,schema,05_schema_20260916_022142_328013.json,AG2,6,4.0,4.0
american_socialism,Government_Civics,schema,05_schema_20260916_022142_328013.json,AG2,7,5.0,5.0
american_socialism,Government_Civics,schema,05_schema_20260916_022142_328013.json,AG2,8,3.0,3.0
american_socialism,Government_Civics,schema,05_schema_20260916_022142_328013.json,AG2,9,3.0,3.0
american_socialism,Government_Civics,schema,05_schema_20260916_022142_328013.json,AG2,10,3.0,3.0
american_socialism,Government_Civics,schema,05_schema_20260916_022142_328013.json,AG2,11,2.0,2.0
american_socialism,Government_Civics,schema,05_schema_20260916_022142_328013.json,AG2,12,3.0,3.0
american_socialism,Government_Civics,schema,05_schema_20260916_022142_328013.json,AG2,13,2.0,2.0
american_socialism,Government_Civics,schema,05_schema_20260916_022142_328013.json,AG2,14,3.0,3.0
american_socialism,Government_Civics,schema,05_schema_20260916_022142_328013.json,AG2,15,2.0,2.0
american_socialism,Government_Civics,schema,05_schema_20260916_022142_328013.json,AG2,16,3.0,3.0
animal_dissection,Education,free_debate,01_free_debate_20260916_020611_355931.json,AG1,1,4.0,4.0
animal_dissection,Education,free_debate,01_free_debate_20260916_020611_355931.json,AG1,2,2.0,2.0
animal_dissection,Education,free_debate,01_free_debate_20260916_020611_355931.json,AG1,3,3.0,3.0
animal_dissection,Education,free_debate,01_free_debate_20260916_020611_355931.json,AG1,4,3.0,3.0
animal_dissection,Education,free_debate,01_free_debate_20260916_020611_355931.json,AG1,5,2.0,2.0
animal_dissection,Education,free_debate,01_free_debate_20260916_020611_355931.json,AG1,6,4.0,4.0
animal_dissection,Education,free_debate,01_free_debate_20260916_020611_355931.json,AG1,7,3.0,3.0
animal_dissection,Education,free_debate,01_free_debate_20260916_020611_355931.json,AG1,8,3.0,3.0
animal_dissection,Education,free_debate,01_free_debate_20260916_020611_355931.json,AG1,9,2.0,2.0
animal_dissection,Education,free_debate,01_free_debate_20260916_020611_355931.json,AG1,10,2.0,2.0
animal_dissection,Education,free_debate,01_free_debate_20260916_020611_355931.json,AG1,11,2.0,2.0
animal_dissection,Education,free_debate,01_free_debate_20260916_020611_355931.json,AG1,12,1.0,1.0
animal_dissection,Education,free_debate,01_free_debate_20260916_020611_355931.json,AG1,13,2.0,2.0
animal_dissection,Education,free_debate,01_free_debate_20260916_020611_355931.json,AG1,14,2.0,2.0
animal_dissection,Education,free_debate,01_free_debate_20260916_020611_355931.json,AG1,15,2.0,2.0
animal_dissection,Education,free_debate,01_free_debate_20260916_020611_355931.json,AG1,16,3.0,3.0
animal_dissection,Education,free_debate,01_free_debate_20260916_020611_355931.json,AG2,1,6.0,6.0
animal_dissection,Education,free_debate,01_free_debate_20260916_020611_355931.json,AG2,2,5.0,5.0
animal_dissection,Education,free_debate,01_free_debate_20260916_020611_355931.json,AG2,3,2.0,2.0
animal_dissection,Education,free_debate,01_free_debate_20260916_020611_355931.json,AG2,4,5.0,5.0
animal_dissection,Education,free_debate,01_free_debate_20260916_020611_355931.json,AG2,5,1.0,1.0
animal_dissection,Education,free_debate,01_free_debate_20260916_020611_355931.json,AG2,6,6.0,6.0
animal_dissection,Education,free_debate,01_free_debate_20260916_020611_355931.json,AG2,7,6.0,6.0
animal_dissection,Education,free_debate,01_free_debate_20260916_020611_355931.json,AG2,8,4.0,4.0
animal_dissection,Education,free_debate,01_free_debate_20260916_020611_355931.json,AG2,9,3.0,3.0
animal_dissection,Education,free_debate,01_free_debate_20260916_020611_355931.json,AG2,10,4.0,4.0
animal_dissection,Education,free_debate,01_free_debate_20260916_020611_355931.json,AG2,11,5.0,5.0
animal_dissection,Education,free_debate,01_free_debate_20260916_020611_355931.json,AG2,12,3.0,3.0
animal_dissection,Education,free_debate,01_free_debate_20260916_020611_355931.json,AG2,13,3.0,3.0
animal_dissection,Education,free_debate,01_free_debate_20260916_020611_355931.json,AG2,14,4.0,4.0
animal_dissection,Education,free_debate,01_free_debate_20260916_020611_355931.json,AG2,15,2.0,2.0
animal_dissection,Education,free_debate,01_free_debate_20260916_020611_355931.json,AG2,16,3.0,3.0
animal_dissection,Education,mad,01_mad_20260916_020559_594553.json,AG1,1,3.0,3.0
animal_dissection,Education,mad,01_mad_20260916_020559_594553.json,AG1,2,2.0,2.0
animal_dissection,Education,mad,01_mad_20260916_020559_594553.json,AG1,3,3.0,3.0
animal_dissection,Education,mad,01_mad_20260916_020559_594553.json,AG1,4,3.0,3.0
animal_dissection,Education,mad,01_mad_20260916_020559_594553.json,AG1,5,2.0,2.0
animal_dissection,Education,mad,01_mad_20260916_020559_594553.json,AG1,6,4.0,4.0
animal_dissection,Education,mad,01_mad_20260916_020559_594553.json,AG1,7,6.0,6.0
animal_dissection,Education,mad,01_mad_20260916_020559_594553.json,AG1,8,3.0,3.0
animal_dissection,Education,mad,01_mad_20260916_020559_594553.json,AG1,9,2.0,2.0
animal_dissection,Education,mad,01_mad_20260916_020559_594553.json,AG1,10,3.0,3.0
animal_dissection,Education,mad,01_mad_20260916_020559_594553.json,AG1,11,2.0,2.0
animal_dissection,Education,mad,01_mad_20260916_020559_594553.json,AG1,12,2.0,2.0
animal_dissection,Education,mad,01_mad_20260916_020559_594553.json,AG1,13,3.0,3.0
animal_dissection,Education,mad,01_mad_20260916_020559_594553.json,AG1,14,2.0,2.0
animal_dissection,Education,mad,01_mad_20260916_020559_594553.json,AG1,15,2.0,2.0
animal_dissection,Education,mad,01_mad_20260916_020559_594553.json,AG1,16,3.0,3.0
animal_dissection,Education,mad,01_mad_20260916_020559_594553.json,AG2,1,6.0,6.0
animal_dissection,Education,mad,01_mad_20260916_020559_594553.json,AG2,2,4.0,4.0
animal_dissection,Education,mad,01_mad_20260916_020559_594553.json,AG2,3,2.0,2.0
animal_dissection,Education,mad,01_mad_20260916_020559_594553.json,AG2,4,5.0,5.0
animal_dissection,Education,mad,01_mad_20260916_020559_594553.json,AG2,5,2.0,2.0
animal_dissection,Education,mad,01_mad_20260916_020559_594553.json,AG2,6,4.0,4.0
animal_dissection,Education,mad,01_mad_20260916_020559_594553.json,AG2,7,6.0,6.0
animal_dissection,Education,mad,01_mad_20260916_020559_594553.json,AG2,8,6.0,6.0
animal_dissection,Education,mad,01_mad_20260916_020559_594553.json,AG2,9,2.0,2.0
animal_dissection,Education,mad,01_mad_20260916_020559_594553.json,AG2,10,3.0,3.0
animal_dissection,Education,mad,01_mad_20260916_020559_594553.json,AG2,11,2.0,2.0
animal_dissection,Education,mad,01_mad_20260916_020559_594553.json,AG2,12,2.0,2.0
animal_dissection,Education,mad,01_mad_20260916_020559_594553.json,AG2,13,3.0,3.0
animal_dissection,Education,mad,01_mad_20260916_020559_594553.json,AG2,14,2.0,2.0
animal_dissection,Education,mad,01_mad_20260916_020559_594553.json,AG2,15,2.0,2.0
animal_dissection,Education,mad,01_mad_20260916_020559_594553.json,AG2,16,3.0,3.0
animal_dissection,Education,no_schema,01_no_schema_20260916_020647_623761.json,AG1,1,4.0,4.0
animal_dissection,Education,no_schema,01_no_schema_20260916_020647_623761.json,AG1,2,3.0,3.0
animal_dissection,Education,no_schema,01_no_schema_20260916_020647_623761.json,AG1,3,3.0,3.0
animal_dissection,Education,no_schema,01_no_schema_20260916_020647_623761.json,AG1,4,4.0,4.0
animal_dissection,Education,no_schema,01_no_schema_20260916_020647_623761.json,AG1,5,3.0,3.0
animal_dissection,Education,no_schema,01_no_schema_20260916_020647_623761.json,AG1,6,4.0,4.0
animal_dissection,Education,no_schema,01_no_schema_20260916_020647_623761.json,AG1,7,5.0,5.0
animal_dissection,Education,no_schema,01_no_schema_20260916_020647_623761.json,AG1,8,4.0,4.0
animal_dissection,Education,no_schema,01_no_schema_20260916_020647_623761.json,AG1,9,2.0,2.0
animal_dissection,Education,no_schema,01_no_schema_20260916_020647_623761.json,AG1,10,3.0,3.0
animal_dissection,Education,no_schema,01_no_schema_20260916_020647_623761.json,AG1,11,4.0,4.0
animal_dissection,Education,no_schema,01_no_schema_20260916_020647_623761.json,AG1,12,2.0,2.0
animal_dissection,Education,no_schema,01_no_schema_20260916_020647_623761.json,AG1,13,3.0,3.0
animal_dissection,Education,no_schema,01_no_schema_20260916_020647_623761.json,AG1,14,3.0,3.0
animal_dissection,Education,no_schema,01_no_schema_20260916_020647_623761.json,AG1,15,3.0,3.0
animal_dissection,Education,no_schema,01_no_schema_20260916_020647_623761.json,AG1,16,3.0,3.0
animal_dissection,Education,no_schema,01_no_schema_20260916_020647_623761.json,AG2,1,6.0,6.0
animal_dissection,Education,no_schema,01_no_schema_20260916_020647_623761.json,AG2,2,3.0,3.0
animal_dissection,Education,no_schema,01_no_schema_20260916_020647_623761.json,AG2,3,2.0,2.0
animal_dissection,Education,no_schema,01_no_schema_20260916_020647_623761.json,AG2,4,5.0,5.0
animal_dissection,Education,no_schema,01_no_schema_20260916_020647_623761.json,AG2,5,2.0,2.0
animal_dissection,Education,no_schema,01_no_schema_20260916_020647_623761.json,AG2,6,4.0,4.0
animal_dissection,Education,no_schema,01_no_schema_20260916_020647_623761.json,AG2,7,6.0,6.0
animal_dissection,Education,no_schema,01_no_schema_20260916_020647_623761.json,AG2,8,4.0,4.0
animal_dissection,Education,no_schema,01_no_schema_20260916_020647_623761.json,AG2,9,3.0,3.0
animal_dissection,Education,no_schema,01_no_schema_20260916_020647_623761.json,AG2,10,3.0,3.0
animal_dissection,Education,no_schema,01_no_schema_20260916_020647_623761.json,AG2,11,4.0,4.0
animal_dissection,Education,no_schema,01_no_schema_20260916_020647_623761.json,AG2,12,3.0,3.0
animal_dissection,Education,no_schema,01_no_schema_20260916_020647_623761.json,AG2,13,2.0,2.0
animal_dissection,Education,no_schema,01_no_schema_20260916_020647_623761.json,AG2,14,3.0,3.0
animal_dissection,Education,no_schema,01_no_schema_20260916_020647_623761.json,AG2,15,2.0,2.0
animal_dissection,Education,no_schema,01_no_schema_20260916_020647_623761.json,AG2,16,3.0,3.0
animal_dissection,Education,schema,01_schema_20260916_020726_680904.json,AG1,1,5.0,5.0
animal_dissection,Education,schema,01_schema_20260916_020726_680904.json,AG1,2,3.0,3.0
animal_dissection,Education,schema,01_schema_20260916_020726_680904.json,AG1,3,4.0,4.0
animal_dissection,Education,schema,01_schema_20260916_020726_680904.json,AG1,4,4.0,4.0
animal_dissection,Education,schema,01_schema_20260916_020726_680904.json,AG1,5,2.0,2.0
animal_dissection,Education,schema,01_schema_20260916_020726_680904.json,AG1,6,4.0,4.0
animal_dissection,Education,schema,01_schema_20260916_020726_680904.json,AG1,7,4.0,4.0
animal_dissection,Education,schema,01_schema_20260916_020726_680904.json,AG1,8,3.0,3.0
animal_dissection,Education,schema,01_schema_20260916_020726_680904.json,AG1,9,3.0,3.0
animal_dissection,Education,schema,01_schema_20260916_020726_680904.json,AG1,10,4.0,4.0
animal_dissection,Education,schema,01_schema_20260916_020726_680904.json,AG1,11,4.0,4.0
animal_dissection,Education,schema,01_schema_20260916_020726_680904.json,AG1,12,3.0,3.0
animal_dissection,Education,schema,01_schema_20260916_020726_680904.json,AG1,13,3.0,3.0
animal_dissection,Education,schema,01_schema_20260916_020726_680904.json,AG1,14,4.0,4.0
animal_dissection,Education,schema,01_schema_20260916_020726_680904.json,AG1,15,3.0,3.0
animal_dissection,Education,schema,01_schema_20260916_020726_680904.json,AG1,16,3.0,3.0
animal_dissection,Education,schema,01_schema_20260916_020726_680904.json,AG2,1,6.0,6.0
animal_dissection,Education,schema,01_schema_20260916_020726_680904.json,AG2,2,3.0,3.0
animal_dissection,Education,schema,01_schema_20260916_020726_680904.json,AG2,3,2.0,2.0
animal_dissection,Education,schema,01_schema_20260916_020726_680904.json,AG2,4,5.0,5.0
animal_dissection,Education,schema,01_schema_20260916_020726_680904.json,AG2,5,2.0,2.0
animal_dissection,Education,schema,01_schema_20260916_020726_680904.json,AG2,6,4.0,4.0
animal_dissection,Education,schema,01_schema_20260916_020726_680904.json,AG2,7,6.0,6.0
animal_dissection,Education,schema,01_schema_20260916_020726_680904.json,AG2,8,4.0,4.0
animal_dissection,Education,schema,01_schema_20260916_020726_680904.json,AG2,9,2.0,2.0
animal_dissection,Education,schema,01_schema_20260916_020726_680904.json,AG2,10,3.0,3.0
animal_dissection,Education,schema,01_schema_20260916_020726_680904.json,AG2,11,3.0,3.0
animal_dissection,Education,schema,01_schema_20260916_020726_680904.json,AG2,12,2.0,2.0
animal_dissection,Education,schema,01_schema_20260916_020726_680904.json,AG2,13,3.0,3.0
animal_dissection,Education,schema,01_schema_20260916_020726_680904.json,AG2,14,3.0,3.0
animal_dissection,Education,schema,01_schema_20260916_020726_680904.json,AG2,15,2.0,2.0
animal_dissection,Education,schema,01_schema_20260916_020726_680904.json,AG2,16,3.0,3.0
animal_dissection,Education,free_debate,02_free_debate_20260916_020736_025277.json,AG1,1,2.0,2.0
animal_dissection,Education,free_debate,02_free_debate_20260916_020736_025277.json,AG1,2,1.0,1.0
animal_dissection,Education,free_debate,02_free_debate_20260916_020736_025277.json,AG1,3,3.0,3.0
animal_dissection,Education,free_debate,02_free_debate_20260916_020736_025277.json,AG1,4,2.0,2.0
animal_dissection,Education,free_debate,02_free_debate_20260916_020736_025277.json,AG1,5,2.0,2.0
animal_dissection,Education,free_debate,02_free_debate_20260916_020736_025277.json,AG1,6,3.0,3.0
animal_dissection,Education,free_debate,02_free_debate_20260916_020736_025277.json,AG1,7,5.0,5.0
animal_dissection,Education,free_debate,02_free_debate_20260916_020736_025277.json,AG1,8,3.0,3.0
animal_dissection,Education,free_debate,02_free_debate_20260916_020736_025277.json,AG1,9,3.0,3.0
animal_dissection,Education,free_debate,02_free_debate_20260916_020736_025277.json,AG1,10,2.0,2.0
animal_dissection,Education,free_debate,02_free_debate_20260916_020736_025277.json,AG1,11,2.0,2.0
animal_dissection,Education,free_debate,02_free_debate_20260916_020736_025277.json,AG1,12,2.0,2.0
animal_dissection,Education,free_debate,02_free_debate_20260916_020736_025277.json,AG1,13,3.0,3.0
animal_dissection,Education,free_debate,02_free_debate_20260916_020736_025277.json,AG1,14,2.0,2.0
animal_dissection,Education,free_debate,02_free_debate_20260916_020736_025277.json,AG1,15,3.0,3.0
animal_dissection,Education,free_debate,02_free_debate_20260916_020736_025277.json,AG1,16,3.0,3.0
animal_dissection,Education,free_debate,02_free_debate_20260916_020736_025277.json,AG2,1,6.0,6.0
animal_dissection,Education,free_debate,02_free_debate_20260916_020736_025277.json,AG2,2,6.0,6.0
animal_dissection,Education,free_debate,02_free_debate_20260916_020736_025277.json,AG2,3,2.0,2.0
animal_dissection,Education,free_debate,02_free_debate_20260916_020736_025277.json,AG2,4,5.0,5.0
animal_dissection,Education,free_debate,02_free_debate_20260916_020736_025277.json,AG2,5,2.0,2.0
animal_dissection,Education,free_debate,02_free_debate_20260916_020736_025277.json,AG2,6,4.0,4.0
animal_dissection,Education,free_debate,02_free_debate_20260916_020736_025277.json,AG2,7,6.0,6.0
animal_dissection,Education,free_debate,02_free_debate_20260916_020736_025277.json,AG2,8,4.0,4.0
animal_dissection,Education,free_debate,02_free_debate_20260916_020736_025277.json,AG2,9,2.0,2.0
animal_dissection,Education,free_debate,02_free_debate_20260916_020736_025277.json,AG2,10,3.0,3.0
animal_dissection,Education,free_debate,02_free_debate_20260916_020736_025277.json,AG2,11,3.0,3.0
animal_dissection,Education,free_debate,02_free_debate_20260916_020736_025277.json,AG2,12,2.0,2.0
animal_dissection,Education,free_debate,02_free_debate_20260916_020736_025277.json,AG2,13,3.0,3.0
animal_dissection,Education,free_debate,02_free_debate_20260916_020736_025277.json,AG2,14,2.0,2.0
animal_dissection,Education,free_debate,02_free_debate_20260916_020736_025277.json,AG2,15,2.0,2.0
animal_dissection,Education,free_debate,02_free_debate_20260916_020736_025277.json,AG2,16,2.0,2.0
animal_dissection,Education,mad,02_mad_20260916_020659_870831.json,AG1,1,6.0,6.0
animal_dissection,Education,mad,02_mad_20260916_020659_870831.json,AG1,2,5.0,5.0
animal_dissection,Education,mad,02_mad_20260916_020659_870831.json,AG1,3,2.0,2.0
animal_dissection,Education,mad,02_mad_20260916_020659_870831.json,AG1,4,6.0,6.0
animal_dissection,Education,mad,02_mad_20260916_020659_870831.json,AG1,5,2.0,2.0
animal_dissection,Education,mad,02_mad_20260916_020659_870831.json,AG1,6,6.0,6.0
animal_dissection,Education,mad,02_mad_20260916_020659_870831.json,AG1,7,6.0,6.0
animal_dissection,Education,mad,02_mad_20260916_020659_870831.json,AG1,8,6.0,6.0
animal_dissection,Education,mad,02_mad_20260916_020659_870831.json,AG1,9,3.0,3.0
animal_dissection,Education,mad,02_mad_20260916_020659_870831.json,AG1,10,4.0,4.0
animal_dissection,Education,mad,02_mad_20260916_020659_870831.json,AG1,11,5.0,5.0
animal_dissection,Education,mad,02_mad_20260916_020659_870831.json,AG1,12,3.0,3.0
animal_dissection,Education,mad,02_mad_20260916_020659_870831.json,AG1,13,2.0,2.0
animal_dissection,Education,mad,02_mad_20260916_020659_870831.json,AG1,14,2.0,2.0
animal_dissection,Education,mad,02_mad_20260916_020659_870831.json,AG1,15,2.0,2.0
animal_dissection,Education,mad,02_mad_20260916_020659_870831.json,AG1,16,2.0,2.0
animal_dissection,Education,mad,02_mad_20260916_020659_870831.json,AG2,1,6.0,6.0
animal_dissection,Education,mad,02_mad_20260916_020659_870831.json,AG2,2,2.0,2.0
animal_dissection,Education,mad,02_mad_20260916_020659_870831.json,AG2,3,2.0,2.0
animal_dissection,Education,mad,02_mad_20260916_020659_870831.json,AG2,4,5.0,5.0
animal_dissection,Education,mad,02_mad_20260916_020659_870831.json,AG2,5,1.0,1.0
animal_dissection,Education,mad,02_mad_20260916_020659_870831.json,AG2,6,4.0,4.0
animal_dissection,Education,mad,02_mad_20260916_020659_870831.json,AG2,7,7.0,7.0
animal_dissection,Education,mad,02_mad_20260916_020659_870831.json,AG2,8,4.0,4.0
animal_dissection,Education,mad,02_mad_20260916_020659_870831.json,AG2,9,2.0,2.0
animal_dissection,Education,mad,02_mad_20260916_020659_870831.json,AG2,10,2.0,2.0
animal_dissection,Education,mad,02_mad_20260916_020659_870831.json,AG2,11,2.0,2.0
animal_dissection,Education,mad,02_mad_20260916_020659_870831.json,AG2,12,2.0,2.0
animal_dissection,Education,mad,02_mad_20260916_020659_870831.json,AG2,13,2.0,2.0
animal_dissection,Education,mad,02_mad_20260916_020659_870831.json,AG2,14,2.0,2.0
animal_dissection,Education,mad,02_mad_20260916_020659_870831.json,AG2,15,2.0,2.0
animal_dissection,Education,mad,02_mad_20260916_020659_870831.json,AG2,16,2.0,2.0
animal_dissection,Education,no_schema,02_no_schema_20260916_020727_259403.json,AG1,1,3.0,3.0
animal_dissection,Education,no_schema,02_no_schema_20260916_020727_259403.json,AG1,2,2.0,2.0
animal_dissection,Education,no_schema,02_no_schema_20260916_020727_259403.json,AG1,3,3.0,3.0
animal_dissection,Education,no_schema,02_no_schema_20260916_020727_259403.json,AG1,4,4.0,4.0
animal_dissection,Education,no_schema,02_no_schema_20260916_020727_259403.json,AG1,5,3.0,3.0
animal_dissection,Education,no_schema,02_no_schema_20260916_020727_259403.json,AG1,6,4.0,4.0
animal_dissection,Education,no_schema,02_no_schema_20260916_020727_259403.json,AG1,7,5.0,5.0
animal_dissection,Education,no_schema,02_no_schema_20260916_020727_259403.json,AG1,8,4.0,4.0
animal_dissection,Education,no_schema,02_no_schema_20260916_020727_259403.json,AG1,9,2.0,2.0
animal_dissection,Education,no_schema,02_no_schema_20260916_020727_259403.json,AG1,10,4.0,4.0
animal_dissection,Education,no_schema,02_no_schema_20260916_020727_259403.json,AG1,11,2.0,2.0
animal_dissection,Education,no_schema,02_no_schema_20260916_020727_259403.json,AG1,12,2.0,2.0
animal_dissection,Education,no_schema,02_no_schema_20260916_020727_259403.json,AG1,13,4.0,4.0
animal_dissection,Education,no_schema,02_no_schema_20260916_020727_259403.json,AG1,14,4.0,4.0
animal_dissection,Education,no_schema,02_no_schema_20260916_020727_259403.json,AG1,15,3.0,3.0
animal_dissection,Education,no_schema,02_no_schema_20260916_020727_259403.json,AG1,16,4.0,4.0
animal_dissection,Education,no_schema,02_no_schema_20260916_020727_259403.json,AG2,1,6.0,6.0
animal_dissection,Education,no_schema,02_no_schema_20260916_020727_259403.json,AG2,2,4.0,4.0
animal_dissection,Education,no_schema,02_no_schema_20260916_020727_259403.json,AG2,3,3.0,3.0
animal_dissection,Education,no_schema,02_no_schema_20260916_020727_259403.json,AG2,4,5.0,5.0
animal_dissection,Education,no_schema,02_no_schema_20260916_020727_259403.json,AG2,5,4.0,4.0
animal_dissection,Education,no_schema,02_no_schema_20260916_020727_259403.json,AG2,6,4.0,4.0
animal_dissection,Education,no_schema,02_no_schema_20260916_020727_259403.json,AG2,7,6.0,6.0
animal_dissection,Education,no_schema,02_no_schema_20260916_020727_259403.json,AG2,8,4.0,4.0
animal_dissection,Education,no_schema,02_no_schema_20260916_020727_259403.json,AG2,9,3.0,3.0
animal_dissection,Education,no_schema,02_no_schema_20260916_020727_259403.json,AG2,10,3.0,3.0
animal_dissection,Education,no_schema,02_no_schema_20260916_020727_259403.json,AG2,11,4.0,4.0
animal_dissection,Education,no_schema,02_no_schema_20260916_020727_259403.json,AG2,12,3.0,3.0
animal_dissection,Education,no_schema,02_no_schema_20260916_020727_259403.json,AG2,13,4.0,4.0
animal_dissection,Education,no_schema,02_no_schema_20260916_020727_259403.json,AG2,14,4.0,4.0
animal_dissection,Education,no_schema,02_no_schema_20260916_020727_259403.json,AG2,15,3.0,3.0
animal_dissection,Education,no_schema,02_no_schema_20260916_020727_259403.json,AG2,16,3.0,3.0
animal_dissection,Education,schema,02_schema_20260916_021032_848846.json,AG1,1,5.0,5.0
animal_dissection,Education,schema,02_schema_20260916_021032_848846.json,AG1,2,3.0,3.0
animal_dissection,Education,schema,02_schema_20260916_021032_848846.json,AG1,3,2.0,2.0
animal_dissection,Education,schema,02_schema_20260916_021032_848846.json,AG1,4,4.0,4.0
animal_dissection,Education,schema,02_schema_20260916_021032_848846.json,AG1,5,1.0,1.0
animal_dissection,Education,schema,02_schema_20260916_021032_848846.json,AG1,6,6.0,6.0
animal_dissection,Education,schema,02_schema_20260916_021032_848846.json,AG1,7,5.0,5.0
animal_dissection,Education,schema,02_schema_20260916_021032_848846.json,AG1,8,4.0,4.0
animal_dissection,Education,schema,02_schema_20260916_021032_848846.json,AG1,9,3.0,3.0
animal_dissection,Education,schema,02_schema_20260916_021032_848846.json,AG1,10,4.0,4.0
animal_dissection,Education,schema,02_schema_20260916_021032_848846.json,AG1,11,3.0,3.0
animal_dissection,Education,schema,02_schema_20260916_021032_848846.json,AG1,12,3.0,3.0
animal_dissection,Education,schema,02_schema_20260916_021032_848846.json,AG1,13,4.0,4.0
animal_dissection,Education,schema,02_schema_20260916_021032_848846.json,AG1,14,3.0,3.0
animal_dissection,Education,schema,02_schema_20260916_021032_848846.json,AG1,15,3.0,3.0
animal_dissection,Education,schema,02_schema_20260916_021032_848846.json,AG1,16,4.0,4.0
animal_dissection,Education,schema,02_schema_20260916_021032_848846.json,AG2,1,5.0,5.0
animal_dissection,Education,schema,02_schema_20260916_021032_848846.json,AG2,2,4.0,4.0
animal_dissection,Education,schema,02_schema_20260916_021032_848846.json,AG2,3,2.0,2.0
animal_dissection,Education,schema,02_schema_20260916_021032_848846.json,AG2,4,4.0,4.0
animal_dissection,Education,schema,02_schema_20260916_021032_848846.json,AG2,5,2.0,2.0
animal_dissection,Education,schema,02_schema_20260916_021032_848846.json,AG2,6,4.0,4.0
animal_dissection,Education,schema,02_schema_20260916_021032_848846.json,AG2,7,6.0,6.0
animal_dissection,Education,schema,02_schema_20260916_021032_848846.json,AG2,8,5.0,5.0
animal_dissection,Education,schema,02_schema_20260916_021032_848846.json,AG2,9,3.0,3.0
animal_dissection,Education,schema,02_schema_20260916_021032_848846.json,AG2,10,4.0,4.0
animal_dissection,Education,schema,02_schema_20260916_021032_848846.json,AG2,11,4.0,4.0
animal_dissection,Education,schema,02_schema_20260916_021032_848846.json,AG2,12,3.0,3.0
animal_dissection,Education,schema,02_schema_20260916_021032_848846.json,AG2,13,2.0,2.0
animal_dissection,Education,schema,02_schema_20260916_021032_848846.json,AG2,14,3.0,3.0
animal_dissection,Education,schema,02_schema_20260916_021032_848846.json,AG2,15,2.0,2.0
animal_dissection,Education,schema,02_schema_20260916_021032_848846.json,AG2,16,3.0,3.0
animal_dissection,Education,free_debate,03_free_debate_20260916_020748_007858.json,AG1,1,3.0,3.0
animal_dissection,Education,free_debate,03_free_debate_20260916_020748_007858.json,AG1,2,2.0,2.0
animal_dissection,Education,free_debate,03_free_debate_20260916_020748_007858.json,AG1,3,4.0,4.0
animal_dissection,Education,free_debate,03_free_debate_20260916_020748_007858.json,AG1,4,3.0,3.0
animal_dissection,Education,free_debate,03_free_debate_20260916_020748_007858.json,AG1,5,2.0,2.0
animal_dissection,Education,free_debate,03_free_debate_20260916_020748_007858.json,AG1,6,4.0,4.0
animal_dissection,Education,free_debate,03_free_debate_20260916_020748_007858.json,AG1,7,4.0,4.0
animal_dissection,Education,free_debate,03_free_debate_20260916_020748_007858.json,AG1,8,4.0,4.0
animal_dissection,Education,free_debate,03_free_debate_20260916_020748_007858.json,AG1,9,4.0,4.0
animal_dissection,Education,free_debate,03_free_debate_20260916_020748_007858.json,AG1,10,4.0,4.0
animal_dissection,Education,free_debate,03_free_debate_20260916_020748_007858.json,AG1,11,3.0,3.0
animal_dissection,Education,free_debate,03_free_debate_20260916_020748_007858.json,AG1,12,2.0,2.0
animal_dissection,Education,free_debate,03_free_debate_20260916_020748_007858.json,AG1,13,4.0,4.0
animal_dissection,Education,free_debate,03_free_debate_20260916_020748_007858.json,AG1,14,4.0,4.0
animal_dissection,Education,free_debate,03_free_debate_20260916_020748_007858.json,AG1,15,4.0,4.0
animal_dissection,Education,free_debate,03_free_debate_20260916_020748_007858.json,AG1,16,4.0,4.0
animal_dissection,Education,free_debate,03_free_debate_20260916_020748_007858.json,AG2,1,6.0,6.0
animal_dissection,Education,free_debate,03_free_debate_20260916_020748_007858.json,AG2,2,5.0,5.0
animal_dissection,Education,free_debate,03_free_debate_20260916_020748_007858.json,AG2,3,2.0,2.0
animal_dissection,Education,free_debate,03_free_debate_20260916_020748_007858.json,AG2,4,6.0,6.0
animal_dissection,Education,free_debate,03_free_debate_20260916_020748_007858.json,AG2,5,2.0,2.0
animal_dissection,Education,free_debate,03_free_debate_20260916_020748_007858.json,AG2,6,6.0,6.0
animal_dissection,Education,free_debate,03_free_debate_20260916_020748_007858.json,AG2,7,6.0,6.0
animal_dissection,Education,free_debate,03_free_debate_20260916_020748_007858.json,AG2,8,5.0,5.0
animal_dissection,Education,free_debate,03_free_debate_20260916_020748_007858.json,AG2,9,3.0,3.0
animal_dissection,Education,free_debate,03_free_debate_20260916_020748_007858.json,AG2,10,4.0,4.0
animal_dissection,Education,free_debate,03_free_debate_20260916_020748_007858.json,AG2,11,4.0,4.0
animal_dissection,Education,free_debate,03_free_debate_20260916_020748_007858.json,AG2,12,2.0,2.0
animal_dissection,Education,free_debate,03_free_debate_20260916_020748_007858.json,AG2,13,2.0,2.0
animal_dissection,Education,free_debate,03_free_debate_20260916_020748_007858.json,AG2,14,3.0,3.0
animal_dissection,Education,free_debate,03_free_debate_20260916_020748_007858.json,AG2,15,2.0,2.0
animal_dissection,Education,free_debate,03_free_debate_20260916_020748_007858.json,AG2,16,3.0,3.0
animal_dissection,Education,mad,03_mad_20260916_020737_706142.json,AG1,1,6.0,6.0
animal_dissection,Education,mad,03_mad_20260916_020737_706142.json,AG1,2,5.0,5.0
animal_dissection,Education,mad,03_mad_20260916_020737_706142.json,AG1,3,1.0,1.0
animal_dissection,Education,mad,03_mad_20260916_020737_706142.json,AG1,4,6.0,6.0
animal_dissection,Education,mad,03_mad_20260916_020737_706142.json,AG1,5,1.0,1.0
animal_dissection,Education,mad,03_mad_20260916_020737_706142.json,AG1,6,4.0,4.0
animal_dissection,Education,mad,03_mad_20260916_020737_706142.json,AG1,7,6.0,6.0
animal_dissection,Education,mad,03_mad_20260916_020737_706142.json,AG1,8,2.0,2.0
animal_dissection,Education,mad,03_mad_20260916_020737_706142.json,AG1,9,3.0,3.0
animal_dissection,Education,mad,03_mad_20260916_020737_706142.json,AG1,10,4.0,4.0
animal_dissection,Education,mad,03_mad_20260916_020737_706142.json,AG1,11,5.0,5.0
animal_dissection,Education,mad,03_mad_20260916_020737_706142.json,AG1,12,3.0,3.0
animal_dissection,Education,mad,03_mad_20260916_020737_706142.json,AG1,13,3.0,3.0
animal_dissection,Education,mad,03_mad_20260916_020737_706142.json,AG1,14,2.0,2.0
animal_dissection,Education,mad,03_mad_20260916_020737_706142.json,AG1,15,2.0,2.0
animal_dissection,Education,mad,03_mad_20260916_020737_706142.json,AG1,16,3.0,3.0
animal_dissection,Education,mad,03_mad_20260916_020737_706142.json,AG2,1,6.0,6.0
animal_dissection,Education,mad,03_mad_20260916_020737_706142.json,AG2,2,5.0,5.0
animal_dissection,Education,mad,03_mad_20260916_020737_706142.json,AG2,3,2.0,2.0
animal_dissection,Education,mad,03_mad_20260916_020737_706142.json,AG2,4,6.0,6.0
animal_dissection,Education,mad,03_mad_20260916_020737_706142.json,AG2,5,1.0,1.0
animal_dissection,Education,mad,03_mad_20260916_020737_706142.json,AG2,6,4.0,4.0
animal_dissection,Education,mad,03_mad_20260916_020737_706142.json,AG2,7,6.0,6.0
animal_dissection,Education,mad,03_mad_20260916_020737_706142.json,AG2,8,4.0,4.0
animal_dissection,Education,mad,03_mad_20260916_020737_706142.json,AG2,9,2.0,2.0
animal_dissection,Education,mad,03_mad_20260916_020737_706142.json,AG2,10,2.0,2.0
animal_dissection,Education,mad,03_mad_20260916_020737_706142.json,AG2,11,4.0,4.0
animal_dissection,Education,mad,03_mad_20260916_020737_706142.json,AG2,12,2.0,2.0
animal_dissection,Education,mad,03_mad_20260916_020737_706142.json,AG2,13,2.0,2.0
animal_dissection,Education,mad,03_mad_20260916_020737_706142.json,AG2,14,2.0,2.0
animal_dissection,Education,mad,03_mad_20260916_020737_706142.json,AG2,15,2.0,2.0
animal_dissection,Education,mad,03_mad_20260916_020737_706142.json,AG2,16,3.0,3.0
animal_dissection,Education,no_schema,03_no_schema_20260916_020822_172073.json,AG1,1,3.0,3.0
animal_dissection,Education,no_schema,03_no_schema_20260916_020822_172073.json,AG1,2,2.0,2.0
animal_dissection,Education,no_schema,03_no_schema_20260916_020822_172073.json,AG1,3,3.0,3.0
animal_dissection,Education,no_schema,03_no_schema_20260916_020822_172073.json,AG1,4,3.0,3.0
animal_dissection,Education,no_schema,03_no_schema_20260916_020822_172073.json,AG1,5,2.0,2.0
animal_dissection,Education,no_schema,03_no_schema_20260916_020822_172073.json,AG1,6,4.0,4.0
animal_dissection,Education,no_schema,03_no_schema_20260916_020822_172073.json,AG1,7,5.0,5.0
animal_dissection,Education,no_schema,03_no_schema_20260916_020822_172073.json,AG1,8,4.0,4.0
animal_dissection,Education,no_schema,03_no_schema_20260916_020822_172073.json,AG1,9,2.0,2.0
animal_dissection,Education,no_schema,03_no_schema_20260916_020822_172073.json,AG1,10,3.0,3.0
animal_dissection,Education,no_schema,03_no_schema_20260916_020822_172073.json,AG1,11,3.0,3.0
animal_dissection,Education,no_schema,03_no_schema_20260916_020822_172073.json,AG1,12,2.0,2.0
animal_dissection,Education,no_schema,03_no_schema_20260916_020822_172073.json,AG1,13,4.0,4.0
animal_dissection,Education,no_schema,03_no_schema_20260916_020822_172073.json,AG1,14,3.0,3.0
animal_dissection,Education,no_schema,03_no_schema_20260916_020822_172073.json,AG1,15,3.0,3.0
animal_dissection,Education,no_schema,03_no_schema_20260916_020822_172073.json,AG1,16,3.0,3.0
animal_dissection,Education,no_schema,03_no_schema_20260916_020822_172073.json,AG2,1,5.0,5.0
animal_dissection,Education,no_schema,03_no_schema_20260916_020822_172073.json,AG2,2,4.0,4.0
animal_dissection,Education,no_schema,03_no_schema_20260916_020822_172073.json,AG2,3,2.0,2.0
animal_dissection,Education,no_schema,03_no_schema_20260916_020822_172073.json,AG2,4,4.0,4.0
animal_dissection,Education,no_schema,03_no_schema_20260916_020822_172073.json,AG2,5,2.0,2.0
animal_dissection,Education,no_schema,03_no_schema_20260916_020822_172073.json,AG2,6,4.0,4.0
animal_dissection,Education,no_schema,03_no_schema_20260916_020822_172073.json,AG2,7,6.0,6.0
animal_dissection,Education,no_schema,03_no_schema_20260916_020822_172073.json,AG2,8,4.0,4.0
animal_dissection,Education,no_schema,03_no_schema_20260916_020822_172073.json,AG2,9,2.0,2.0
animal_dissection,Education,no_schema,03_no_schema_20260916_020822_172073.json,AG2,10,3.0,3.0
animal_dissection,Education,no_schema,03_no_schema_20260916_020822_172073.json,AG2,11,4.0,4.0
animal_dissection,Education,no_schema,03_no_schema_20260916_020822_172073.json,AG2,12,3.0,3.0
animal_dissection,Education,no_schema,03_no_schema_20260916_020822_172073.json,AG2,13,3.0,3.0
animal_dissection,Education,no_schema,03_no_schema_20260916_020822_172073.json,AG2,14,3.0,3.0
animal_dissection,Education,no_schema,03_no_schema_20260916_020822_172073.json,AG2,15,2.0,2.0
animal_dissection,Education,no_schema,03_no_schema_20260916_020822_172073.json,AG2,16,3.0,3.0
animal_dissection,Education,schema,03_schema_20260916_020947_863575.json,AG1,1,7.0,7.0
animal_dissection,Education,schema,03_schema_20260916_020947_863575.json,AG1,2,6.0,6.0
animal_dissection,Education,schema,03_schema_20260916_020947_863575.json,AG1,3,1.0,1.0
animal_dissection,Education,schema,03_schema_20260916_020947_863575.json,AG1,4,6.0,6.0
animal_dissection,Education,schema,03_schema_20260916_020947_863575.json,AG1,5,1.0,1.0
animal_dissection,Education,schema,03_schema_20260916_020947_863575.json,AG1,6,6.0,6.0
animal_dissection,Education,schema,03_schema_20260916_020947_863575.json,AG1,7,7.0,7.0
animal_dissection,Education,schema,03_schema_20260916_020947_863575.json,AG1,8,5.0,5.0
animal_dissection,Education,schema,03_schema_20260916_020947_863575.json,AG1,9,1.0,1.0
animal_dissection,Education,schema,03_schema_20260916_020947_863575.json,AG1,10,2.0,2.0
animal_dissection,Education,schema,03_schema_20260916_020947_863575.json,AG1,11,3.0,3.0
animal_dissection,Education,schema,03_schema_20260916_020947_863575.json,AG1,12,2.0,2.0
animal_dissection,Education,schema,03_schema_20260916_020947_863575.json,AG1,13,2.0,2.0
animal_dissection,Education,schema,03_schema_20260916_020947_863575.json,AG1,14,1.0,1.0
animal_dissection,Education,schema,03_schema_20260916_020947_863575.json,AG1,15,1.0,1.0
animal_dissection,Education,schema,03_schema_20260916_020947_863575.json,AG1,16,2.0,2.0
animal_dissection,Education,schema,03_schema_20260916_020947_863575.json,AG2,1,6.0,6.0
animal_dissection,Education,schema,03_schema_20260916_020947_863575.json,AG2,2,4.0,4.0
animal_dissection,Education,schema,03_schema_20260916_020947_863575.json,AG2,3,1.0,1.0
animal_dissection,Education,schema,03_schema_20260916_020947_863575.json,AG2,4,5.0,5.0
animal_dissection,Education,schema,03_schema_20260916_020947_863575.json,AG2,5,2.0,2.0
animal_dissection,Education,schema,03_schema_20260916_020947_863575.json,AG2,6,4.0,4.0
animal_dissection,Education,schema,03_schema_20260916_020947_863575.json,AG2,7,6.0,6.0
animal_dissection,Education,schema,03_schema_20260916_020947_863575.json,AG2,8,4.0,4.0
animal_dissection,Education,schema,03_schema_20260916_020947_863575.json,AG2,9,2.0,2.0
animal_dissection,Education,schema,03_schema_20260916_020947_863575.json,AG2,10,3.0,3.0
animal_dissection,Education,schema,03_schema_20260916_020947_863575.json,AG2,11,3.0,3.0
animal_dissection,Education,schema,03_schema_20260916_020947_863575.json,AG2,12,2.0,2.0
animal_dissection,Education,schema,03_schema_20260916_020947_863575.json,AG2,13,2.0,2.0
animal_dissection,Education,schema,03_schema_20260916_020947_863575.json,AG2,14,2.0,2.0
animal_dissection,Education,schema,03_schema_20260916_020947_863575.json,AG2,15,2.0,2.0
animal_dissection,Education,schema,03_schema_20260916_020947_863575.json,AG2,16,1.0,1.0
animal_dissection,Education,free_debate,04_free_debate_20260916_020825_758803.json,AG1,1,2.0,2.0
animal_dissection,Education,free_debate,04_free_debate_20260916_020825_758803.json,AG1,2,1.0,1.0
animal_dissection,Education,free_debate,04_free_debate_20260916_020825_758803.json,AG1,3,4.0,4.0
animal_dissection,Education,free_debate,04_free_debate_20260916_020825_758803.json,AG1,4,2.0,2.0
animal_dissection,Education,free_debate,04_free_debate_20260916_020825_758803.json,AG1,5,2.0,2.0
animal_dissection,Education,free_debate,04_free_debate_20260916_020825_758803.json,AG1,6,4.0,4.0
animal_dissection,Education,free_debate,04_free_debate_20260916_020825_758803.json,AG1,7,3.0,3.0
animal_dissection,Education,free_debate,04_free_debate_20260916_020825_758803.json,AG1,8,2.0,2.0
animal_dissection,Education,free_debate,04_free_debate_20260916_020825_758803.json,AG1,9,2.0,2.0
animal_dissection,Education,free_debate,04_free_debate_20260916_020825_758803.json,AG1,10,3.0,3.0
animal_dissection,Education,free_debate,04_free_debate_20260916_020825_758803.json,AG1,11,2.0,2.0
animal_dissection,Education,free_debate,04_free_debate_20260916_020825_758803.json,AG1,12,2.0,2.0
animal_dissection,Education,free_debate,04_free_debate_20260916_020825_758803.json,AG1,13,3.0,3.0
animal_dissection,Education,free_debate,04_free_debate_20260916_020825_758803.json,AG1,14,2.0,2.0
animal_dissection,Education,free_debate,04_free_debate_20260916_020825_758803.json,AG1,15,2.0,2.0
animal_dissection,Education,free_debate,04_free_debate_20260916_020825_758803.json,AG1,16,2.0,2.0
animal_dissection,Education,free_debate,04_free_debate_20260916_020825_758803.json,AG2,1,5.0,5.0
animal_dissection,Education,free_debate,04_free_debate_20260916_020825_758803.json,AG2,2,4.0,4.0
animal_dissection,Education,free_debate,04_free_debate_20260916_020825_758803.json,AG2,3,2.0,2.0
animal_dissection,Education,free_debate,04_free_debate_20260916_020825_758803.json,AG2,4,5.0,5.0
animal_dissection,Education,free_debate,04_free_debate_20260916_020825_758803.json,AG2,5,2.0,2.0
animal_dissection,Education,free_debate,04_free_debate_20260916_020825_758803.json,AG2,6,4.0,4.0
animal_dissection,Education,free_debate,04_free_debate_20260916_020825_758803.json,AG2,7,6.0,6.0
animal_dissection,Education,free_debate,04_free_debate_20260916_020825_758803.json,AG2,8,4.0,4.0
animal_dissection,Education,free_debate,04_free_debate_20260916_020825_758803.json,AG2,9,3.0,3.0
animal_dissection,Education,free_debate,04_free_debate_20260916_020825_758803.json,AG2,10,3.0,3.0
animal_dissection,Education,free_debate,04_free_debate_20260916_020825_758803.json,AG2,11,4.0,4.0
animal_dissection,Education,free_debate,04_free_debate_20260916_020825_758803.json,AG2,12,3.0,3.0
animal_dissection,Education,free_debate,04_free_debate_20260916_020825_758803.json,AG2,13,3.0,3.0
animal_dissection,Education,free_debate,04_free_debate_20260916_020825_758803.json,AG2,14,3.0,3.0
animal_dissection,Education,free_debate,04_free_debate_20260916_020825_758803.json,AG2,15,2.0,2.0
animal_dissection,Education,free_debate,04_free_debate_20260916_020825_758803.json,AG2,16,3.0,3.0
animal_dissection,Education,mad,04_mad_20260916_020810_100164.json,AG1,1,2.0,2.0
animal_dissection,Education,mad,04_mad_20260916_020810_100164.json,AG1,2,1.0,1.0
animal_dissection,Education,mad,04_mad_20260916_020810_100164.json,AG1,3,4.0,4.0
animal_dissection,Education,mad,04_mad_20260916_020810_100164.json,AG1,4,2.0,2.0
animal_dissection,Education,mad,04_mad_20260916_020810_100164.json,AG1,5,2.0,2.0
animal_dissection,Education,mad,04_mad_20260916_020810_100164.json,AG1,6,4.0,4.0
animal_dissection,Education,mad,04_mad_20260916_020810_100164.json,AG1,7,5.0,5.0
animal_dissection,Education,mad,04_mad_20260916_020810_100164.json,AG1,8,2.0,2.0
animal_dissection,Education,mad,04_mad_20260916_020810_100164.json,AG1,9,2.0,2.0
animal_dissection,Education,mad,04_mad_20260916_020810_100164.json,AG1,10,2.0,2.0
animal_dissection,Education,mad,04_mad_20260916_020810_100164.json,AG1,11,1.0,1.0
animal_dissection,Education,mad,04_mad_20260916_020810_100164.json,AG1,12,2.0,2.0
animal_dissection,Education,mad,04_mad_20260916_020810_100164.json,AG1,13,2.0,2.0
animal_dissection,Education,mad,04_mad_20260916_020810_100164.json,AG1,14,2.0,2.0
animal_dissection,Education,mad,04_mad_20260916_020810_100164.json,AG1,15,2.0,2.0
animal_dissection,Education,mad,04_mad_20260916_020810_100164.json,AG1,16,3.0,3.0
animal_dissection,Education,mad,04_mad_20260916_020810_100164.json,AG2,1,6.0,6.0
animal_dissection,Education,mad,04_mad_20260916_020810_100164.json,AG2,2,6.0,6.0
animal_dissection,Education,mad,04_mad_20260916_020810_100164.json,AG2,3,2.0,2.0
animal_dissection,Education,mad,04_mad_20260916_020810_100164.json,AG2,4,5.0,5.0
animal_dissection,Education,mad,04_mad_20260916_020810_100164.json,AG2,5,2.0,2.0
animal_dissection,Education,mad,04_mad_20260916_020810_100164.json,AG2,6,4.0,4.0
animal_dissection,Education,mad,04_mad_20260916_020810_100164.json,AG2,7,7.0,7.0
animal_dissection,Education,mad,04_mad_20260916_020810_100164.json,AG2,8,4.0,4.0
animal_dissection,Education,mad,04_mad_20260916_020810_100164.json,AG2,9,2.0,2.0
animal_dissection,Education,mad,04_mad_20260916_020810_100164.json,AG2,10,2.0,2.0
animal_dissection,Education,mad,04_mad_20260916_020810_100164.json,AG2,11,3.0,3.0
animal_dissection,Education,mad,04_mad_20260916_020810_100164.json,AG2,12,2.0,2.0
animal_dissection,Education,mad,04_mad_20260916_020810_100164.json,AG2,13,2.0,2.0
animal_dissection,Education,mad,04_mad_20260916_020810_100164.json,AG2,14,2.0,2.0
animal_dissection,Education,mad,04_mad_20260916_020810_100164.json,AG2,15,1.0,1.0
animal_dissection,Education,mad,04_mad_20260916_020810_100164.json,AG2,16,2.0,2.0
animal_dissection,Education,no_schema,04_no_schema_20260916_020841_294226.json,AG1,1,3.0,3.0
animal_dissection,Education,no_schema,04_no_schema_20260916_020841_294226.json,AG1,2,2.0,2.0
animal_dissection,Education,no_schema,04_no_schema_20260916_020841_294226.json,AG1,3,3.0,3.0
animal_dissection,Education,no_schema,04_no_schema_20260916_020841_294226.json,AG1,4,4.0,4.0
animal_dissection,Education,no_schema,04_no_schema_20260916_020841_294226.json,AG1,5,2.0,2.0
animal_dissection,Education,no_schema,04_no_schema_20260916_020841_294226.json,AG1,6,4.0,4.0
animal_dissection,Education,no_schema,04_no_schema_20260916_020841_294226.json,AG1,7,4.0,4.0
animal_dissection,Education,no_schema,04_no_schema_20260916_020841_294226.json,AG1,8,4.0,4.0
animal_dissection,Education,no_schema,04_no_schema_20260916_020841_294226.json,AG1,9,3.0,3.0
animal_dissection,Education,no_schema,04_no_schema_20260916_020841_294226.json,AG1,10,3.0,3.0
animal_dissection,Education,no_schema,04_no_schema_20260916_020841_294226.json,AG1,11,2.0,2.0
animal_dissection,Education,no_schema,04_no_schema_20260916_020841_294226.json,AG1,12,2.0,2.0
animal_dissection,Education,no_schema,04_no_schema_20260916_020841_294226.json,AG1,13,4.0,4.0
animal_dissection,Education,no_schema,04_no_schema_20260916_020841_294226.json,AG1,14,3.0,3.0
animal_dissection,Education,no_schema,04_no_schema_20260916_020841_294226.json,AG1,15,3.0,3.0
animal_dissection,Education,no_schema,04_no_schema_20260916_020841_294226.json,AG1,16,3.0,3.0
animal_dissection,Education,no_schema,04_no_schema_20260916_020841_294226.json,AG2,1,5.0,5.0
animal_dissection,Education,no_schema,04_no_schema_20260916_020841_294226.json,AG2,2,4.0,4.0
animal_dissection,Education,no_schema,04_no_schema_20260916_020841_294226.json,AG2,3,2.0,2.0
animal_dissection,Education,no_schema,04_no_schema_20260916_020841_294226.json,AG2,4,5.0,5.0
animal_dissection,Education,no_schema,04_no_schema_20260916_020841_294226.json,AG2,5,2.0,2.0
animal_dissection,Education,no_schema,04_no_schema_20260916_020841_294226.json,AG2,6,4.0,4.0
animal_dissection,Education,no_schema,04_no_schema_20260916_020841_294226.json,AG2,7,6.0,6.0
animal_dissection,Education,no_schema,04_no_schema_20260916_020841_294226.json,AG2,8,4.0,4.0
animal_dissection,Education,no_schema,04_no_schema_20260916_020841_294226.json,AG2,9,2.0,2.0
animal_dissection,Education,no_schema,04_no_schema_20260916_020841_294226.json,AG2,10,3.0,3.0
animal_dissection,Education,no_schema,04_no_schema_20260916_020841_294226.json,AG2,11,5.0,5.0
animal_dissection,Education,no_schema,04_no_schema_20260916_020841_294226.json,AG2,12,3.0,3.0
animal_dissection,Education,no_schema,04_no_schema_20260916_020841_294226.json,AG2,13,3.0,3.0
animal_dissection,Education,no_schema,04_no_schema_20260916_020841_294226.json,AG2,14,4.0,4.0
animal_dissection,Education,no_schema,04_no_schema_20260916_020841_294226.json,AG2,15,2.0,2.0
animal_dissection,Education,no_schema,04_no_schema_20260916_020841_294226.json,AG2,16,3.0,3.0
animal_dissection,Education,schema,04_schema_20260916_021114_434213.json,AG1,1,3.0,3.0
animal_dissection,Education,schema,04_schema_20260916_021114_434213.json,AG1,2,2.0,2.0
animal_dissection,Education,schema,04_schema_20260916_021114_434213.json,AG1,3,3.0,3.0
animal_dissection,Education,schema,04_schema_20260916_021114_434213.json,AG1,4,3.0,3.0
animal_dissection,Education,schema,04_schema_20260916_021114_434213.json,AG1,5,2.0,2.0
animal_dissection,Education,schema,04_schema_20260916_021114_434213.json,AG1,6,4.0,4.0
animal_dissection,Education,schema,04_schema_20260916_021114_434213.json,AG1,7,3.0,3.0
animal_dissection,Education,schema,04_schema_20260916_021114_434213.json,AG1,8,3.0,3.0
animal_dissection,Education,schema,04_schema_20260916_021114_434213.json,AG1,9,2.0,2.0
animal_dissection,Education,schema,04_schema_20260916_021114_434213.json,AG1,10,3.0,3.0
animal_dissection,Education,schema,04_schema_20260916_021114_434213.json,AG1,11,3.0,3.0
animal_dissection,Education,schema,04_schema_20260916_021114_434213.json,AG1,12,2.0,2.0
animal_dissection,Education,schema,04_schema_20260916_021114_434213.json,AG1,13,4.0,4.0
animal_dissection,Education,schema,04_schema_20260916_021114_434213.json,AG1,14,4.0,4.0
animal_dissection,Education,schema,04_schema_20260916_021114_434213.json,AG1,15,3.0,3.0
animal_dissection,Education,schema,04_schema_20260916_021114_434213.json,AG1,16,4.0,4.0
animal_dissection,Education,schema,04_schema_20260916_021114_434213.json,AG2,1,6.0,6.0
animal_dissection,Education,schema,04_schema_20260916_021114_434213.json,AG2,2,5.0,5.0
animal_dissection,Education,schema,04_schema_20260916_021114_434213.json,AG2,3,2.0,2.0
animal_dissection,Education,schema,04_schema_20260916_021114_434213.json,AG2,4,5.0,5.0
animal_dissection,Education,schema,04_schema_20260916_021114_434213.json,AG2,5,2.0,2.0
animal_dissection,Education,schema,04_schema_20260916_021114_434213.json,AG2,6,5.0,5.0
animal_dissection,Education,schema,04_schema_20260916_021114_434213.json,AG2,7,6.0,6.0
animal_dissection,Education,schema,04_schema_20260916_021114_434213.json,AG2,8,5.0,5.0
animal_dissection,Education,schema,04_schema_20260916_021114_434213.json,AG2,9,3.0,3.0
animal_dissection,Education,schema,04_schema_20260916_021114_434213.json,AG2,10,4.0,4.0
animal_dissection,Education,schema,04_schema_20260916_021114_434213.json,AG2,11,4.0,4.0
animal_dissection,Education,schema,04_schema_20260916_021114_434213.json,AG2,12,4.0,4.0
animal_dissection,Education,schema,04_schema_20260916_021114_434213.json,AG2,13,3.0,3.0
animal_dissection,Education,schema,04_schema_20260916_021114_434213.json,AG2,14,4.0,4.0
animal_dissection,Education,schema,04_schema_20260916_021114_434213.json,AG2,15,3.0,3.0
animal_dissection,Education,schema,04_schema_20260916_021114_434213.json,AG2,16,4.0,4.0
animal_dissection,Education,free_debate,05_free_debate_20260916_020903_406641.json,AG1,1,5.0,5.0
animal_dissection,Education,free_debate,05_free_debate_20260916_020903_406641.json,AG1,2,4.0,4.0
animal_dissection,Education,free_debate,05_free_debate_20260916_020903_406641.json,AG1,3,2.0,2.0
animal_dissection,Education,free_debate,05_free_debate_20260916_020903_406641.json,AG1,4,4.0,4.0
animal_dissection,Education,free_debate,05_free_debate_20260916_020903_406641.json,AG1,5,1.0,1.0
animal_dissection,Education,free_debate,05_free_debate_20260916_020903_406641.json,AG1,6,4.0,4.0
animal_dissection,Education,free_debate,05_free_debate_20260916_020903_406641.json,AG1,7,6.0,6.0
animal_dissection,Education,free_debate,05_free_debate_20260916_020903_406641.json,AG1,8,4.0,4.0
animal_dissection,Education,free_debate,05_free_debate_20260916_020903_406641.json,AG1,9,3.0,3.0
animal_dissection,Education,free_debate,05_free_debate_20260916_020903_406641.json,AG1,10,3.0,3.0
animal_dissection,Education,free_debate,05_free_debate_20260916_020903_406641.json,AG1,11,3.0,3.0
animal_dissection,Education,free_debate,05_free_debate_20260916_020903_406641.json,AG1,12,2.0,2.0
animal_dissection,Education,free_debate,05_free_debate_20260916_020903_406641.json,AG1,13,2.0,2.0
animal_dissection,Education,free_debate,05_free_debate_20260916_020903_406641.json,AG1,14,2.0,2.0
animal_dissection,Education,free_debate,05_free_debate_20260916_020903_406641.json,AG1,15,2.0,2.0
animal_dissection,Education,free_debate,05_free_debate_20260916_020903_406641.json,AG1,16,3.0,3.0
animal_dissection,Education,free_debate,05_free_debate_20260916_020903_406641.json,AG2,1,6.0,6.0
animal_dissection,Education,free_debate,05_free_debate_20260916_020903_406641.json,AG2,2,5.0,5.0
animal_dissection,Education,free_debate,05_free_debate_20260916_020903_406641.json,AG2,3,2.0,2.0
animal_dissection,Education,free_debate,05_free_debate_20260916_020903_406641.json,AG2,4,5.0,5.0
animal_dissection,Education,free_debate,05_free_debate_20260916_020903_406641.json,AG2,5,1.0,1.0
animal_dissection,Education,free_debate,05_free_debate_20260916_020903_406641.json,AG2,6,4.0,4.0
animal_dissection,Education,free_debate,05_free_debate_20260916_020903_406641.json,AG2,7,6.0,6.0
animal_dissection,Education,free_debate,05_free_debate_20260916_020903_406641.json,AG2,8,4.0,4.0
animal_dissection,Education,free_debate,05_free_debate_20260916_020903_406641.json,AG2,9,3.0,3.0
animal_dissection,Education,free_debate,05_free_debate_20260916_020903_406641.json,AG2,10,3.0,3.0
animal_dissection,Education,free_debate,05_free_debate_20260916_020903_406641.json,AG2,11,3.0,3.0
animal_dissection,Education,free_debate,05_free_debate_20260916_020903_406641.json,AG2,12,2.0,2.0
animal_dissection,Education,free_debate,05_free_debate_20260916_020903_406641.json,AG2,13,3.0,3.0
animal_dissection,Education,free_debate,05_free_debate_20260916_020903_406641.json,AG2,14,2.0,2.0
animal_dissection,Education,free_debate,05_free_debate_20260916_020903_406641.json,AG2,15,2.0,2.0
animal_dissection,Education,free_debate,05_free_debate_20260916_020903_406641.json,AG2,16,3.0,3.0
animal_dissection,Education,mad,05_mad_20260916_020851_278938.json,AG1,1,6.0,6.0
animal_dissection,Education,mad,05_mad_20260916_020851_278938.json,AG1,2,2.0,2.0
animal_dissection,Education,mad,05_mad_20260916_020851_278938.json,AG1,3,2.0,2.0
animal_dissection,Education,mad,05_mad_20260916_020851_278938.json,AG1,4,5.0,5.0
animal_dissection,Education,mad,05_mad_20260916_020851_278938.json,AG1,5,2.0,2.0
animal_dissection,Education,mad,05_mad_20260916_020851_278938.json,AG1,6,3.0,3.0
animal_dissection,Education,mad,05_mad_20260916_020851_278938.json,AG1,7,6.0,6.0
animal_dissection,Education,mad,05_mad_20260916_020851_278938.json,AG1,8,2.0,2.0
animal_dissection,Education,mad,05_mad_20260916_020851_278938.json,AG1,9,2.0,2.0
animal_dissection,Education,mad,05_mad_20260916_020851_278938.json,AG1,10,3.0,3.0
animal_dissection,Education,mad,05_mad_20260916_020851_278938.json,AG1,11,4.0,4.0
animal_dissection,Education,mad,05_mad_20260916_020851_278938.json,AG1,12,2.0,2.0
animal_dissection,Education,mad,05_mad_20260916_020851_278938.json,AG1,13,2.0,2.0
animal_dissection,Education,mad,05_mad_20260916_020851_278938.json,AG1,14,2.0,2.0
animal_dissection,Education,mad,05_mad_20260916_020851_278938.json,AG1,15,2.0,2.0
animal_dissection,Education,mad,05_mad_20260916_020851_278938.json,AG1,16,3.0,3.0
animal_dissection,Education,mad,05_mad_20260916_020851_278938.json,AG2,1,6.0,6.0
animal_dissection,Education,mad,05_mad_20260916_020851_278938.json,AG2,2,2.0,2.0
animal_dissection,Education,mad,05_mad_20260916_020851_278938.json,AG2,3,5.0,5.0
animal_dissection,Education,mad,05_mad_20260916_020851_278938.json,AG2,4,6.0,6.0
animal_dissection,Education,mad,05_mad_20260916_020851_278938.json,AG2,5,2.0,2.0
animal_dissection,Education,mad,05_mad_20260916_020851_278938.json,AG2,6,3.0,3.0
animal_dissection,Education,mad,05_mad_20260916_020851_278938.json,AG2,7,6.0,6.0
animal_dissection,Education,mad,05_mad_20260916_020851_278938.json,AG2,8,4.0,4.0
animal_dissection,Education,mad,05_mad_20260916_020851_278938.json,AG2,9,2.0,2.0
animal_dissection,Education,mad,05_mad_20260916_020851_278938.json,AG2,10,3.0,3.0
animal_dissection,Education,mad,05_mad_20260916_020851_278938.json,AG2,11,4.0,4.0
animal_dissection,Education,mad,05_mad_20260916_020851_278938.json,AG2,12,2.0,2.0
animal_dissection,Education,mad,05_mad_20260916_020851_278938.json,AG2,13,2.0,2.0
animal_dissection,Education,mad,05_mad_20260916_020851_278938.json,AG2,14,3.0,3.0
animal_dissection,Education,mad,05_mad_20260916_020851_278938.json,AG2,15,2.0,2.0
animal_dissection,Education,mad,05_mad_20260916_020851_278938.json,AG2,16,3.0,3.0
animal_dissection,Education,no_schema,05_no_schema_20260916_020909_570783.json,AG1,1,5.0,5.0
animal_dissection,Education,no_schema,05_no_schema_20260916_020909_570783.json,AG1,2,3.0,3.0
animal_dissection,Education,no_schema,05_no_schema_20260916_020909_570783.json,AG1,3,2.0,2.0
animal_dissection,Education,no_schema,05_no_schema_20260916_020909_570783.json,AG1,4,4.0,4.0
animal_dissection,Education,no_schema,05_no_schema_20260916_020909_570783.json,AG1,5,2.0,2.0
animal_dissection,Education,no_schema,05_no_schema_20260916_020909_570783.json,AG1,6,4.0,4.0
animal_dissection,Education,no_schema,05_no_schema_20260916_020909_570783.json,AG1,7,4.0,4.0
animal_dissection,Education,no_schema,05_no_schema_20260916_020909_570783.json,AG1,8,3.0,3.0
animal_dissection,Education,no_schema,05_no_schema_20260916_020909_570783.json,AG1,9,3.0,3.0
animal_dissection,Education,no_schema,05_no_schema_20260916_020909_570783.json,AG1,10,3.0,3.0
animal_dissection,Education,no_schema,05_no_schema_20260916_020909_570783.json,AG1,11,3.0,3.0
animal_dissection,Education,no_schema,05_no_schema_20260916_020909_570783.json,AG1,12,2.0,2.0
animal_dissection,Education,no_schema,05_no_schema_20260916_020909_570783.json,AG1,13,3.0,3.0
animal_dissection,Education,no_schema,05_no_schema_20260916_020909_570783.json,AG1,14,2.0,2.0
animal_dissection,Education,no_schema,05_no_schema_20260916_020909_570783.json,AG1,15,2.0,2.0
animal_dissection,Education,no_schema,05_no_schema_20260916_020909_570783.json,AG1,16,2.0,2.0
animal_dissection,Education,no_schema,05_no_schema_20260916_020909_570783.json,AG2,1,6.0,6.0
animal_dissection,Education,no_schema,05_no_schema_20260916_020909_570783.json,AG2,2,5.0,5.0
animal_dissection,Education,no_schema,05_no_schema_20260916_020909_570783.json,AG2,3,2.0,2.0
animal_dissection,Education,no_schema,05_no_schema_20260916_020909_570783.json,AG2,4,6.0,6.0
animal_dissection,Education,no_schema,05_no_schema_20260916_020909_570783.json,AG2,5,2.0,2.0
animal_dissection,Education,no_schema,05_no_schema_20260916_020909_570783.json,AG2,6,4.0,4.0
animal_dissection,Education,no_schema,05_no_schema_20260916_020909_570783.json,AG2,7,6.0,6.0
animal_dissection,Education,no_schema,05_no_schema_20260916_020909_570783.json,AG2,8,4.0,4.0
animal_dissection,Education,no_schema,05_no_schema_20260916_020909_570783.json,AG2,9,4.0,4.0
animal_dissection,Education,no_schema,05_no_schema_20260916_020909_570783.json,AG2,10,5.0,5.0
animal_dissection,Education,no_schema,05_no_schema_20260916_020909_570783.json,AG2,11,4.0,4.0
animal_dissection,Education,no_schema,05_no_schema_20260916_020909_570783.json,AG2,12,4.0,4.0
animal_dissection,Education,no_schema,05_no_schema_20260916_020909_570783.json,AG2,13,3.0,3.0
animal_dissection,Education,no_schema,05_no_schema_20260916_020909_570783.json,AG2,14,3.0,3.0
animal_dissection,Education,no_schema,05_no_schema_20260916_020909_570783.json,AG2,15,2.0,2.0
animal_dissection,Education,no_schema,05_no_schema_20260916_020909_570783.json,AG2,16,3.0,3.0
animal_dissection,Education,schema,05_schema_20260916_021209_772405.json,AG1,1,6.0,6.0
animal_dissection,Education,schema,05_schema_20260916_021209_772405.json,AG1,2,4.0,4.0
animal_dissection,Education,schema,05_schema_20260916_021209_772405.json,AG1,3,2.0,2.0
animal_dissection,Education,schema,05_schema_20260916_021209_772405.json,AG1,4,5.0,5.0
animal_dissection,Education,schema,05_schema_20260916_021209_772405.json,AG1,5,2.0,2.0
animal_dissection,Education,schema,05_schema_20260916_021209_772405.json,AG1,6,4.0,4.0
animal_dissection,Education,schema,05_schema_20260916_021209_772405.json,AG1,7,6.0,6.0
animal_dissection,Education,schema,05_schema_20260916_021209_772405.json,AG1,8,4.0,4.0
animal_dissection,Education,schema,05_schema_20260916_021209_772405.json,AG1,9,3.0,3.0
animal_dissection,Education,schema,05_schema_20260916_021209_772405.json,AG1,10,4.0,4.0
animal_dissection,Education,schema,05_schema_20260916_021209_772405.json,AG1,11,6.0,6.0
animal_dissection,Education,schema,05_schema_20260916_021209_772405.json,AG1,12,4.0,4.0
animal_dissection,Education,schema,05_schema_20260916_021209_772405.json,AG1,13,2.0,2.0
animal_dissection,Education,schema,05_schema_20260916_021209_772405.json,AG1,14,3.0,3.0
animal_dissection,Education,schema,05_schema_20260916_021209_772405.json,AG1,15,2.0,2.0
animal_dissection,Education,schema,05_schema_20260916_021209_772405.json,AG1,16,3.0,3.0
animal_dissection,Education,schema,05_schema_20260916_021209_772405.json,AG2,1,6.0,6.0
animal_dissection,Education,schema,05_schema_20260916_021209_772405.json,AG2,2,5.0,5.0
animal_dissection,Education,schema,05_schema_20260916_021209_772405.json,AG2,3,2.0,2.0
animal_dissection,Education,schema,05_schema_20260916_021209_772405.json,AG2,4,6.0,6.0
animal_dissection,Education,schema,05_schema_20260916_021209_772405.json,AG2,5,2.0,2.0
animal_dissection,Education,schema,05_schema_20260916_021209_772405.json,AG2,6,4.0,4.0
animal_dissection,Education,schema,05_schema_20260916_021209_772405.json,AG2,7,6.0,6.0
animal_dissection,Education,schema,05_schema_20260916_021209_772405.json,AG2,8,4.0,4.0
animal_dissection,Education,schema,05_schema_20260916_021209_772405.json,AG2,9,3.0,3.0
animal_dissection,Education,schema,05_schema_20260916_021209_772405.json,AG2,10,4.0,4.0
animal_dissection,Education,schema,05_schema_20260916_021209_772405.json,AG2,11,5.0,5.0
animal_dissection,Education,schema,05_schema_20260916_021209_772405.json,AG2,12,4.0,4.0
animal_dissection,Education,schema,05_schema_20260916_021209_772405.json,AG2,13,3.0,3.0
animal_dissection,Education,schema,05_schema_20260916_021209_772405.json,AG2,14,3.0,3.0
animal_dissection,Education,schema,05_schema_20260916_021209_772405.json,AG2,15,2.0,2.0
animal_dissection,Education,schema,05_schema_20260916_021209_772405.json,AG2,16,3.0,3.0
artificial_intelligence,Digital_Life_Science_Technology,free_debate,01_free_debate_20260916_020356_173149.json,AG1,1,6.0,6.0
artificial_intelligence,Digital_Life_Science_Technology,free_debate,01_free_debate_20260916_020356_173149.json,AG1,2,4.0,4.0
artificial_intelligence,Digital_Life_Science_Technology,free_debate,01_free_debate_20260916_020356_173149.json,AG1,3,2.0,2.0
artificial_intelligence,Digital_Life_Science_Technology,free_debate,01_free_debate_20260916_020356_173149.json,AG1,4,5.0,5.0
artificial_intelligence,Digital_Life_Science_Technology,free_debate,01_free_debate_20260916_020356_173149.json,AG1,5,2.0,2.0
artificial_intelligence,Digital_Life_Science_Technology,free_debate,01_free_debate_20260916_020356_173149.json,AG1,6,4.0,4.0
artificial_intelligence,Digital_Life_Science_Technology,free_debate,01_free_debate_20260916_020356_173149.json,AG1,7,6.0,6.0
artificial_intelligence,Digital_Life_Science_Technology,free_debate,01_free_debate_20260916_020356_173149.json,AG1,8,4.0,4.0
artificial_intelligence,Digital_Life_Science_Technology,free_debate,01_free_debate_20260916_020356_173149.json,AG1,9,2.0,2.0
artificial_intelligence,Digital_Life_Science_Technology,free_debate,01_free_debate_20260916_020356_173149.json,AG1,10,3.0,3.0
artificial_intelligence,Digital_Life_Science_Technology,free_debate,01_free_debate_20260916_020356_173149.json,AG1,11,2.0,2.0
artificial_intelligence,Digital_Life_Science_Technology,free_debate,01_free_debate_20260916_020356_173149.json,AG1,12,2.0,2.0
artificial_intelligence,Digital_Life_Science_Technology,free_debate,01_free_debate_20260916_020356_173149.json,AG1,13,2.0,2.0
artificial_intelligence,Digital_Life_Science_Technology,free_debate,01_free_debate_20260916_020356_173149.json,AG1,14,3.0,3.0
artificial_intelligence,Digital_Life_Science_Technology,free_debate,01_free_debate_20260916_020356_173149.json,AG1,15,2.0,2.0
artificial_intelligence,Digital_Life_Science_Technology,free_debate,01_free_debate_20260916_020356_173149.json,AG1,16,2.0,2.0
artificial_intelligence,Digital_Life_Science_Technology,free_debate,01_free_debate_20260916_020356_173149.json,AG2,1,5.0,5.0
artificial_intelligence,Digital_Life_Science_Technology,free_debate,01_free_debate_20260916_020356_173149.json,AG2,2,2.0,2.0
artificial_intelligence,Digital_Life_Science_Technology,free_debate,01_free_debate_20260916_020356_173149.json,AG2,3,2.0,2.0
artificial_intelligence,Digital_Life_Science_Technology,free_debate,01_free_debate_20260916_020356_173149.json,AG2,4,4.0,4.0
artificial_intelligence,Digital_Life_Science_Technology,free_debate,01_free_debate_20260916_020356_173149.json,AG2,5,2.0,2.0
artificial_intelligence,Digital_Life_Science_Technology,free_debate,01_free_debate_20260916_020356_173149.json,AG2,6,3.0,3.0
artificial_intelligence,Digital_Life_Science_Technology,free_debate,01_free_debate_20260916_020356_173149.json,AG2,7,6.0,6.0
artificial_intelligence,Digital_Life_Science_Technology,free_debate,01_free_debate_20260916_020356_173149.json,AG2,8,2.0,2.0
artificial_intelligence,Digital_Life_Science_Technology,free_debate,01_free_debate_20260916_020356_173149.json,AG2,9,2.0,2.0
artificial_intelligence,Digital_Life_Science_Technology,free_debate,01_free_debate_20260916_020356_173149.json,AG2,10,3.0,3.0
artificial_intelligence,Digital_Life_Science_Technology,free_debate,01_free_debate_20260916_020356_173149.json,AG2,11,2.0,2.0
artificial_intelligence,Digital_Life_Science_Technology,free_debate,01_free_debate_20260916_020356_173149.json,AG2,12,2.0,2.0
artificial_intelligence,Digital_Life_Science_Technology,free_debate,01_free_debate_20260916_020356_173149.json,AG2,13,2.0,2.0
artificial_intelligence,Digital_Life_Science_Technology,free_debate,01_free_debate_20260916_020356_173149.json,AG2,14,2.0,2.0
artificial_intelligence,Digital_Life_Science_Technology,free_debate,01_free_debate_20260916_020356_173149.json,AG2,15,2.0,2.0
artificial_intelligence,Digital_Life_Science_Technology,free_debate,01_free_debate_20260916_020356_173149.json,AG2,16,2.0,2.0
artificial_intelligence,Digital_Life_Science_Technology,mad,01_mad_20260916_020354_181818.json,AG1,1,3.0,3.0
artificial_intelligence,Digital_Life_Science_Technology,mad,01_mad_20260916_020354_181818.json,AG1,2,2.0,2.0
artificial_intelligence,Digital_Life_Science_Technology,mad,01_mad_20260916_020354_181818.json,AG1,3,2.0,2.0
artificial_intelligence,Digital_Life_Science_Technology,mad,01_mad_20260916_020354_181818.json,AG1,4,4.0,4.0
artificial_intelligence,Digital_Life_Science_Technology,mad,01_mad_20260916_020354_181818.json,AG1,5,2.0,2.0
artificial_intelligence,Digital_Life_Science_Technology,mad,01_mad_20260916_020354_181818.json,AG1,6,4.0,4.0
artificial_intelligence,Digital_Life_Science_Technology,mad,01_mad_20260916_020354_181818.json,AG1,7,6.0,6.0
artificial_intelligence,Digital_Life_Science_Technology,mad,01_mad_20260916_020354_181818.json,AG1,8,4.0,4.0
artificial_intelligence,Digital_Life_Science_Technology,mad,01_mad_20260916_020354_181818.json,AG1,9,3.0,3.0
artificial_intelligence,Digital_Life_Science_Technology,mad,01_mad_20260916_020354_181818.json,AG1,10,3.0,3.0
artificial_intelligence,Digital_Life_Science_Technology,mad,01_mad_20260916_020354_181818.json,AG1,11,2.0,2.0
artificial_intelligence,Digital_Life_Science_Technology,mad,01_mad_20260916_020354_181818.json,AG1,12,3.0,3.0
artificial_intelligence,Digital_Life_Science_Technology,mad,01_mad_20260916_020354_181818.json,AG1,13,3.0,3.0
artificial_intelligence,Digital_Life_Science_Technology,mad,01_mad_20260916_020354_181818.json,AG1,14,2.0,2.0
artificial_intelligence,Digital_Life_Science_Technology,mad,01_mad_20260916_020354_181818.json,AG1,15,3.0,3.0
artificial_intelligence,Digital_Life_Science_Technology,mad,01_mad_20260916_020354_181818.json,AG1,16,3.0,3.0
artificial_intelligence,Digital_Life_Science_Technology,mad,01_mad_20260916_020354_181818.json,AG2,1,5.0,5.0
artificial_intelligence,Digital_Life_Science_Technology,mad,01_mad_20260916_020354_181818.json,AG2,2,3.0,3.0
artificial_intelligence,Digital_Life_Science_Technology,mad,01_mad_20260916_020354_181818.json,AG2,3,2.0,2.0
artificial_intelligence,Digital_Life_Science_Technology,mad,01_mad_20260916_020354_181818.json,AG2,4,4.0,4.0
artificial_intelligence,Digital_Life_Science_Technology,mad,01_mad_20260916_020354_181818.json,AG2,5,1.0,1.0
artificial_intelligence,Digital_Life_Science_Technology,mad,01_mad_20260916_020354_181818.json,AG2,6,4.0,4.0
artificial_intelligence,Digital_Life_Science_Technology,mad,01_mad_20260916_020354_181818.json,AG2,7,6.0,6.0
artificial_intelligence,Digital_Life_Science_Technology,mad,01_mad_20260916_020354_181818.json,AG2,8,4.0,4.0
artificial_intelligence,Digital_Life_Science_Technology,mad,01_mad_20260916_020354_181818.json,AG2,9,3.0,3.0
artificial_intelligence,Digital_Life_Science_Technology,mad,01_mad_20260916_020354_181818.json,AG2,10,3.0,3.0
artificial_intelligence,Digital_Life_Science_Technology,mad,01_mad_20260916_020354_181818.json,AG2,11,4.0,4.0
artificial_intelligence,Digital_Life_Science_Technology,mad,01_mad_20260916_020354_181818.json,AG2,12,3.0,3.0
artificial_intelligence,Digital_Life_Science_Technology,mad,01_mad_20260916_020354_181818.json,AG2,13,3.0,3.0
artificial_intelligence,Digital_Life_Science_Technology,mad,01_mad_20260916_020354_181818.json,AG2,14,3.0,3.0
artificial_intelligence,Digital_Life_Science_Technology,mad,01_mad_20260916_020354_181818.json,AG2,15,2.0,2.0
artificial_intelligence,Digital_Life_Science_Technology,mad,01_mad_20260916_020354_181818.json,AG2,16,3.0,3.0
artificial_intelligence,Digital_Life_Science_Technology,no_schema,01_no_schema_20260916_020427_481790.json,AG1,1,4.0,4.0
artificial_intelligence,Digital_Life_Science_Technology,no_schema,01_no_schema_20260916_020427_481790.json,AG1,2,4.0,4.0
artificial_intelligence,Digital_Life_Science_Technology,no_schema,01_no_schema_20260916_020427_481790.json,AG1,3,2.0,2.0
artificial_intelligence,Digital_Life_Science_Technology,no_schema,01_no_schema_20260916_020427_481790.json,AG1,4,5.0,5.0
artificial_intelligence,Digital_Life_Science_Technology,no_schema,01_no_schema_20260916_020427_481790.json,AG1,5,1.0,1.0
artificial_intelligence,Digital_Life_Science_Technology,no_schema,01_no_schema_20260916_020427_481790.json,AG1,6,5.0,5.0
artificial_intelligence,Digital_Life_Science_Technology,no_schema,01_no_schema_20260916_020427_481790.json,AG1,7,6.0,6.0
artificial_intelligence,Digital_Life_Science_Technology,no_schema,01_no_schema_20260916_020427_481790.json,AG1,8,4.0,4.0
artificial_intelligence,Digital_Life_Science_Technology,no_schema,01_no_schema_20260916_020427_481790.json,AG1,9,3.0,3.0
artificial_intelligence,Digital_Life_Science_Technology,no_schema,01_no_schema_20260916_020427_481790.json,AG1,10,4.0,4.0
artificial_intelligence,Digital_Life_Science_Technology,no_schema,01_no_schema_20260916_020427_481790.json,AG1,11,4.0,4.0
artificial_intelligence,Digital_Life_Science_Technology,no_schema,01_no_schema_20260916_020427_481790.json,AG1,12,4.0,4.0
artificial_intelligence,Digital_Life_Science_Technology,no_schema,01_no_schema_20260916_020427_481790.json,AG1,13,3.0,3.0
artificial_intelligence,Digital_Life_Science_Technology,no_schema,01_no_schema_20260916_020427_481790.json,AG1,14,3.0,3.0
artificial_intelligence,Digital_Life_Science_Technology,no_schema,01_no_schema_20260916_020427_481790.json,AG1,15,3.0,3.0
artificial_intelligence,Digital_Life_Science_Technology,no_schema,01_no_schema_20260916_020427_481790.json,AG1,16,4.0,4.0
artificial_intelligence,Digital_Life_Science_Technology,no_schema,01_no_schema_20260916_020427_481790.json,AG2,1,2.0,2.0
artificial_intelligence,Digital_Life_Science_Technology,no_schema,01_no_schema_20260916_020427_481790.json,AG2,2,1.0,1.0
artificial_intelligence,Digital_Life_Science_Technology,no_schema,01_no_schema_20260916_020427_481790.json,AG2,3,3.0,3.0
artificial_intelligence,Digital_Life_Science_Technology,no_schema,01_no_schema_20260916_020427_481790.json,AG2,4,3.0,3.0
artificial_intelligence,Digital_Life_Science_Technology,no_schema,01_no_schema_20260916_020427_481790.json,AG2,5,2.0,2.0
artificial_intelligence,Digital_Life_Science_Technology,no_schema,01_no_schema_20260916_020427_481790.json,AG2,6,4.0,4.0
artificial_intelligence,Digital_Life_Science_Technology,no_schema,01_no_schema_20260916_020427_481790.json,AG2,7,4.0,4.0
artificial_intelligence,Digital_Life_Science_Technology,no_schema,01_no_schema_20260916_020427_481790.json,AG2,8,2.0,2.0
artificial_intelligence,Digital_Life_Science_Technology,no_schema,01_no_schema_20260916_020427_481790.json,AG2,9,3.0,3.0
artificial_intelligence,Digital_Life_Science_Technology,no_schema,01_no_schema_20260916_020427_481790.json,AG2,10,2.0,2.0
artificial_intelligence,Digital_Life_Science_Technology,no_schema,01_no_schema_20260916_020427_481790.json,AG2,11,2.0,2.0
artificial_intelligence,Digital_Life_Science_Technology,no_schema,01_no_schema_20260916_020427_481790.json,AG2,12,3.0,3.0
artificial_intelligence,Digital_Life_Science_Technology,no_schema,01_no_schema_20260916_020427_481790.json,AG2,13,2.0,2.0
artificial_intelligence,Digital_Life_Science_Technology,no_schema,01_no_schema_20260916_020427_481790.json,AG2,14,2.0,2.0
artificial_intelligence,Digital_Life_Science_Technology,no_schema,01_no_schema_20260916_020427_481790.json,AG2,15,2.0,2.0
artificial_intelligence,Digital_Life_Science_Technology,no_schema,01_no_schema_20260916_020427_481790.json,AG2,16,2.0,2.0
artificial_intelligence,Digital_Life_Science_Technology,schema,01_schema_20260916_020643_746719.json,AG1,1,5.0,5.0
artificial_intelligence,Digital_Life_Science_Technology,schema,01_schema_20260916_020643_746719.json,AG1,2,4.0,4.0
artificial_intelligence,Digital_Life_Science_Technology,schema,01_schema_20260916_020643_746719.json,AG1,3,1.0,1.0
artificial_intelligence,Digital_Life_Science_Technology,schema,01_schema_20260916_020643_746719.json,AG1,4,4.0,4.0
artificial_intelligence,Digital_Life_Science_Technology,schema,01_schema_20260916_020643_746719.json,AG1,5,1.0,1.0
artificial_intelligence,Digital_Life_Science_Technology,schema,01_schema_20260916_020643_746719.json,AG1,6,4.0,4.0
artificial_intelligence,Digital_Life_Science_Technology,schema,01_schema_20260916_020643_746719.json,AG1,7,6.0,6.0
artificial_intelligence,Digital_Life_Science_Technology,schema,01_schema_20260916_020643_746719.json,AG1,8,4.0,4.0
artificial_intelligence,Digital_Life_Science_Technology,schema,01_schema_20260916_020643_746719.json,AG1,9,3.0,3.0
artificial_intelligence,Digital_Life_Science_Technology,schema,01_schema_20260916_020643_746719.json,AG1,10,4.0,4.0
artificial_intelligence,Digital_Life_Science_Technology,schema,01_schema_20260916_020643_746719.json,AG1,11,4.0,4.0
artificial_intelligence,Digital_Life_Science_Technology,schema,01_schema_20260916_020643_746719.json,AG1,12,3.0,3.0
artificial_intelligence,Digital_Life_Science_Technology,schema,01_schema_20260916_020643_746719.json,AG1,13,3.0,3.0
artificial_intelligence,Digital_Life_Science_Technology,schema,01_schema_20260916_020643_746719.json,AG1,14,3.0,3.0
artificial_intelligence,Digital_Life_Science_Technology,schema,01_schema_20260916_020643_746719.json,AG1,15,3.0,3.0
artificial_intelligence,Digital_Life_Science_Technology,schema,01_schema_20260916_020643_746719.json,AG1,16,4.0,4.0
artificial_intelligence,Digital_Life_Science_Technology,schema,01_schema_20260916_020643_746719.json,AG2,1,5.0,5.0
artificial_intelligence,Digital_Life_Science_Technology,schema,01_schema_20260916_020643_746719.json,AG2,2,3.0,3.0
artificial_intelligence,Digital_Life_Science_Technology,schema,01_schema_20260916_020643_746719.json,AG2,3,2.0,2.0
artificial_intelligence,Digital_Life_Science_Technology,schema,01_schema_20260916_020643_746719.json,AG2,4,4.0,4.0
artificial_intelligence,Digital_Life_Science_Technology,schema,01_schema_20260916_020643_746719.json,AG2,5,2.0,2.0
artificial_intelligence,Digital_Life_Science_Technology,schema,01_schema_20260916_020643_746719.json,AG2,6,4.0,4.0
artificial_intelligence,Digital_Life_Science_Technology,schema,01_schema_20260916_020643_746719.json,AG2,7,6.0,6.0
artificial_intelligence,Digital_Life_Science_Technology,schema,01_schema_20260916_020643_746719.json,AG2,8,3.0,3.0
artificial_intelligence,Digital_Life_Science_Technology,schema,01_schema_20260916_020643_746719.json,AG2,9,3.0,3.0
artificial_intelligence,Digital_Life_Science_Technology,schema,01_schema_20260916_020643_746719.json,AG2,10,4.0,4.0
artificial_intelligence,Digital_Life_Science_Technology,schema,01_schema_20260916_020643_746719.json,AG2,11,3.0,3.0
artificial_intelligence,Digital_Life_Science_Technology,schema,01_schema_20260916_020643_746719.json,AG2,12,3.0,3.0
artificial_intelligence,Digital_Life_Science_Technology,schema,01_schema_20260916_020643_746719.json,AG2,13,3.0,3.0
artificial_intelligence,Digital_Life_Science_Technology,schema,01_schema_20260916_020643_746719.json,AG2,14,3.0,3.0
artificial_intelligence,Digital_Life_Science_Technology,schema,01_schema_20260916_020643_746719.json,AG2,15,2.0,2.0
artificial_intelligence,Digital_Life_Science_Technology,schema,01_schema_20260916_020643_746719.json,AG2,16,2.0,2.0
artificial_intelligence,Digital_Life_Science_Technology,free_debate,02_free_debate_20260916_020351_630365.json,AG1,1,5.0,5.0
artificial_intelligence,Digital_Life_Science_Technology,free_debate,02_free_debate_20260916_020351_630365.json,AG1,2,4.0,4.0
artificial_intelligence,Digital_Life_Science_Technology,free_debate,02_free_debate_20260916_020351_630365.json,AG1,3,2.0,2.0
artificial_intelligence,Digital_Life_Science_Technology,free_debate,02_free_debate_20260916_020351_630365.json,AG1,4,5.0,5.0
artificial_intelligence,Digital_Life_Science_Technology,free_debate,02_free_debate_20260916_020351_630365.json,AG1,5,1.0,1.0
artificial_intelligence,Digital_Life_Science_Technology,free_debate,02_free_debate_20260916_020351_630365.json,AG1,6,4.0,4.0
artificial_intelligence,Digital_Life_Science_Technology,free_debate,02_free_debate_20260916_020351_630365.json,AG1,7,6.0,6.0
artificial_intelligence,Digital_Life_Science_Technology,free_debate,02_free_debate_20260916_020351_630365.json,AG1,8,4.0,4.0
artificial_intelligence,Digital_Life_Science_Technology,free_debate,02_free_debate_20260916_020351_630365.json,AG1,9,2.0,2.0
artificial_intelligence,Digital_Life_Science_Technology,free_debate,02_free_debate_20260916_020351_630365.json,AG1,10,3.0,3.0
artificial_intelligence,Digital_Life_Science_Technology,free_debate,02_free_debate_20260916_020351_630365.json,AG1,11,3.0,3.0
artificial_intelligence,Digital_Life_Science_Technology,free_debate,02_free_debate_20260916_020351_630365.json,AG1,12,3.0,3.0
artificial_intelligence,Digital_Life_Science_Technology,free_debate,02_free_debate_20260916_020351_630365.json,AG1,13,3.0,3.0
artificial_intelligence,Digital_Life_Science_Technology,free_debate,02_free_debate_20260916_020351_630365.json,AG1,14,2.0,2.0
artificial_intelligence,Digital_Life_Science_Technology,free_debate,02_free_debate_20260916_020351_630365.json,AG1,15,2.0,2.0
artificial_intelligence,Digital_Life_Science_Technology,free_debate,02_free_debate_20260916_020351_630365.json,AG1,16,2.0,2.0
artificial_intelligence,Digital_Life_Science_Technology,free_debate,02_free_debate_20260916_020351_630365.json,AG2,1,5.0,5.0
artificial_intelligence,Digital_Life_Science_Technology,free_debate,02_free_debate_20260916_020351_630365.json,AG2,2,3.0,3.0
artificial_intelligence,Digital_Life_Science_Technology,free_debate,02_free_debate_20260916_020351_630365.json,AG2,3,2.0,2.0
artificial_intelligence,Digital_Life_Science_Technology,free_debate,02_free_debate_20260916_020351_630365.json,AG2,4,4.0,4.0
artificial_intelligence,Digital_Life_Science_Technology,free_debate,02_free_debate_20260916_020351_630365.json,AG2,5,2.0,2.0
artificial_intelligence,Digital_Life_Science_Technology,free_debate,02_free_debate_20260916_020351_630365.json,AG2,6,4.0,4.0
artificial_intelligence,Digital_Life_Science_Technology,free_debate,02_free_debate_20260916_020351_630365.json,AG2,7,6.0,6.0
artificial_intelligence,Digital_Life_Science_Technology,free_debate,02_free_debate_20260916_020351_630365.json,AG2,8,4.0,4.0
artificial_intelligence,Digital_Life_Science_Technology,free_debate,02_free_debate_20260916_020351_630365.json,AG2,9,3.0,3.0
artificial_intelligence,Digital_Life_Science_Technology,free_debate,02_free_debate_20260916_020351_630365.json,AG2,10,3.0,3.0
artificial_intelligence,Digital_Life_Science_Technology,free_debate,02_free_debate_20260916_020351_630365.json,AG2,11,2.0,2.0
artificial_intelligence,Digital_Life_Science_Technology,free_debate,02_free_debate_20260916_020351_630365.json,AG2,12,3.0,3.0
artificial_intelligence,Digital_Life_Science_Technology,free_debate,02_free_debate_20260916_020351_630365.json,AG2,13,2.0,2.0
artificial_intelligence,Digital_Life_Science_Technology,free_debate,02_free_debate_20260916_020351_630365.json,AG2,14,3.0,3.0
artificial_intelligence,Digital_Life_Science_Technology,free_debate,02_free_debate_20260916_020351_630365.json,AG2,15,2.0,2.0
artificial_intelligence,Digital_Life_Science_Technology,free_debate,02_free_debate_20260916_020351_630365.json,AG2,16,3.0,3.0
artificial_intelligence,Digital_Life_Science_Technology,mad,02_mad_20260916_020350_821589.json,AG1,1,2.0,2.0
artificial_intelligence,Digital_Life_Science_Technology,mad,02_mad_20260916_020350_821589.json,AG1,2,1.0,1.0
artificial_intelligence,Digital_Life_Science_Technology,mad,02_mad_20260916_020350_821589.json,AG1,3,3.0,3.0
artificial_intelligence,Digital_Life_Science_Technology,mad,02_mad_20260916_020350_821589.json,AG1,4,2.0,2.0
artificial_intelligence,Digital_Life_Science_Technology,mad,02_mad_20260916_020350_821589.json,AG1,5,2.0,2.0
artificial_intelligence,Digital_Life_Science_Technology,mad,02_mad_20260916_020350_821589.json,AG1,6,3.0,3.0
artificial_intelligence,Digital_Life_Science_Technology,mad,02_mad_20260916_020350_821589.json,AG1,7,4.0,4.0
artificial_intelligence,Digital_Life_Science_Technology,mad,02_mad_20260916_020350_821589.json,AG1,8,3.0,3.0
artificial_intelligence,Digital_Life_Science_Technology,mad,02_mad_20260916_020350_821589.json,AG1,9,2.0,2.0
artificial_intelligence,Digital_Life_Science_Technology,mad,02_mad_20260916_020350_821589.json,AG1,10,3.0,3.0
artificial_intelligence,Digital_Life_Science_Technology,mad,02_mad_20260916_020350_821589.json,AG1,11,2.0,2.0
artificial_intelligence,Digital_Life_Science_Technology,mad,02_mad_20260916_020350_821589.json,AG1,12,2.0,2.0
artificial_intelligence,Digital_Life_Science_Technology,mad,02_mad_20260916_020350_821589.json,AG1,13,2.0,2.0
artificial_intelligence,Digital_Life_Science_Technology,mad,02_mad_20260916_020350_821589.json,AG1,14,2.0,2.0
artificial_intelligence,Digital_Life_Science_Technology,mad,02_mad_20260916_020350_821589.json,AG1,15,2.0,2.0
artificial_intelligence,Digital_Life_Science_Technology,mad,02_mad_20260916_020350_821589.json,AG1,16,2.0,2.0
artificial_intelligence,Digital_Life_Science_Technology,mad,02_mad_20260916_020350_821589.json,AG2,1,6.0,6.0
artificial_intelligence,Digital_Life_Science_Technology,mad,02_mad_20260916_020350_821589.json,AG2,2,3.0,3.0
artificial_intelligence,Digital_Life_Science_Technology,mad,02_mad_20260916_020350_821589.json,AG2,3,3.0,3.0
artificial_intelligence,Digital_Life_Science_Technology,mad,02_mad_20260916_020350_821589.json,AG2,4,4.0,4.0
artificial_intelligence,Digital_Life_Science_Technology,mad,02_mad_20260916_020350_821589.json,AG2,5,2.0,2.0
artificial_intelligence,Digital_Life_Science_Technology,mad,02_mad_20260916_020350_821589.json,AG2,6,4.0,4.0
artificial_intelligence,Digital_Life_Science_Technology,mad,02_mad_20260916_020350_821589.json,AG2,7,6.0,6.0
artificial_intelligence,Digital_Life_Science_Technology,mad,02_mad_20260916_020350_821589.json,AG2,8,2.0,2.0
artificial_intelligence,Digital_Life_Science_Technology,mad,02_mad_20260916_020350_821589.json,AG2,9,2.0,2.0
artificial_intelligence,Digital_Life_Science_Technology,mad,02_mad_20260916_020350_821589.json,AG2,10,2.0,2.0
artificial_intelligence,Digital_Life_Science_Technology,mad,02_mad_20260916_020350_821589.json,AG2,11,2.0,2.0
artificial_intelligence,Digital_Life_Science_Technology,mad,02_mad_20260916_020350_821589.json,AG2,12,2.0,2.0
artificial_intelligence,Digital_Life_Science_Technology,mad,02_mad_20260916_020350_821589.json,AG2,13,2.0,2.0
artificial_intelligence,Digital_Life_Science_Technology,mad,02_mad_20260916_020350_821589.json,AG2,14,2.0,2.0
artificial_intelligence,Digital_Life_Science_Technology,mad,02_mad_20260916_020350_821589.json,AG2,15,2.0,2.0
artificial_intelligence,Digital_Life_Science_Technology,mad,02_mad_20260916_020350_821589.json,AG2,16,2.0,2.0
artificial_intelligence,Digital_Life_Science_Technology,no_schema,02_no_schema_20260916_020414_215938.json,AG1,1,3.0,3.0
artificial_intelligence,Digital_Life_Science_Technology,no_schema,02_no_schema_20260916_020414_215938.json,AG1,2,2.0,2.0
artificial_intelligence,Digital_Life_Science_Technology,no_schema,02_no_schema_20260916_020414_215938.json,AG1,3,2.0,2.0
artificial_intelligence,Digital_Life_Science_Technology,no_schema,02_no_schema_20260916_020414_215938.json,AG1,4,4.0,4.0
artificial_intelligence,Digital_Life_Science_Technology,no_schema,02_no_schema_20260916_020414_215938.json,AG1,5,2.0,2.0
artificial_intelligence,Digital_Life_Science_Technology,no_schema,02_no_schema_20260916_020414_215938.json,AG1,6,4.0,4.0
artificial_intelligence,Digital_Life_Science_Technology,no_schema,02_no_schema_20260916_020414_215938.json,AG1,7,5.0,5.0
artificial_intelligence,Digital_Life_Science_Technology,no_schema,02_no_schema_20260916_020414_215938.json,AG1,8,4.0,4.0
artificial_intelligence,Digital_Life_Science_Technology,no_schema,02_no_schema_20260916_020414_215938.json,AG1,9,3.0,3.0
artificial_intelligence,Digital_Life_Science_Technology,no_schema,02_no_schema_20260916_020414_215938.json,AG1,10,4.0,4.0
artificial_intelligence,Digital_Life_Science_Technology,no_schema,02_no_schema_20260916_020414_215938.json,AG1,11,3.0,3.0
artificial_intelligence,Digital_Life_Science_Technology,no_schema,02_no_schema_20260916_020414_215938.json,AG1,12,3.0,3.0
artificial_intelligence,Digital_Life_Science_Technology,no_schema,02_no_schema_20260916_020414_215938.json,AG1,13,3.0,3.0
artificial_intelligence,Digital_Life_Science_Technology,no_schema,02_no_schema_20260916_020414_215938.json,AG1,14,3.0,3.0
artificial_intelligence,Digital_Life_Science_Technology,no_schema,02_no_schema_20260916_020414_215938.json,AG1,15,2.0,2.0
artificial_intelligence,Digital_Life_Science_Technology,no_schema,02_no_schema_20260916_020414_215938.json,AG1,16,3.0,3.0
artificial_intelligence,Digital_Life_Science_Technology,no_schema,02_no_schema_20260916_020414_215938.json,AG2,1,2.0,2.0
artificial_intelligence,Digital_Life_Science_Technology,no_schema,02_no_schema_20260916_020414_215938.json,AG2,2,2.0,2.0
artificial_intelligence,Digital_Life_Science_Technology,no_schema,02_no_schema_20260916_020414_215938.json,AG2,3,3.0,3.0
artificial_intelligence,Digital_Life_Science_Technology,no_schema,02_no_schema_20260916_020414_215938.json,AG2,4,4.0,4.0
artificial_intelligence,Digital_Life_Science_Technology,no_schema,02_no_schema_20260916_020414_215938.json,AG2,5,2.0,2.0
artificial_intelligence,Digital_Life_Science_Technology,no_schema,02_no_schema_20260916_020414_215938.json,AG2,6,4.0,4.0
artificial_intelligence,Digital_Life_Science_Technology,no_schema,02_no_schema_20260916_020414_215938.json,AG2,7,5.0,5.0
artificial_intelligence,Digital_Life_Science_Technology,no_schema,02_no_schema_20260916_020414_215938.json,AG2,8,4.0,4.0
artificial_intelligence,Digital_Life_Science_Technology,no_schema,02_no_schema_20260916_020414_215938.json,AG2,9,3.0,3.0
artificial_intelligence,Digital_Life_Science_Technology,no_schema,02_no_schema_20260916_020414_215938.json,AG2,10,3.0,3.0
artificial_intelligence,Digital_Life_Science_Technology,no_schema,02_no_schema_20260916_020414_215938.json,AG2,11,3.0,3.0
artificial_intelligence,Digital_Life_Science_Technology,no_schema,02_no_schema_20260916_020414_215938.json,AG2,12,3.0,3.0
artificial_intelligence,Digital_Life_Science_Technology,no_schema,02_no_schema_20260916_020414_215938.json,AG2,13,3.0,3.0
artificial_intelligence,Digital_Life_Science_Technology,no_schema,02_no_schema_20260916_020414_215938.json,AG2,14,3.0,3.0
artificial_intelligence,Digital_Life_Science_Technology,no_schema,02_no_schema_20260916_020414_215938.json,AG2,15,2.0,2.0
artificial_intelligence,Digital_Life_Science_Technology,no_schema,02_no_schema_20260916_020414_215938.json,AG2,16,3.0,3.0
artificial_intelligence,Digital_Life_Science_Technology,schema,02_schema_20260916_020655_635256.json,AG1,1,5.0,5.0
artificial_intelligence,Digital_Life_Science_Technology,schema,02_schema_20260916_020655_635256.json,AG1,2,4.0,4.0
artificial_intelligence,Digital_Life_Science_Technology,schema,02_schema_20260916_020655_635256.json,AG1,3,2.0,2.0
artificial_intelligence,Digital_Life_Science_Technology,schema,02_schema_20260916_020655_635256.json,AG1,4,5.0,5.0
artificial_intelligence,Digital_Life_Science_Technology,schema,02_schema_20260916_020655_635256.json,AG1,5,2.0,2.0
artificial_intelligence,Digital_Life_Science_Technology,schema,02_schema_20260916_020655_635256.json,AG1,6,4.0,4.0
artificial_intelligence,Digital_Life_Science_Technology,schema,02_schema_20260916_020655_635256.json,AG1,7,6.0,6.0
artificial_intelligence,Digital_Life_Science_Technology,schema,02_schema_20260916_020655_635256.json,AG1,8,4.0,4.0
artificial_intelligence,Digital_Life_Science_Technology,schema,02_schema_20260916_020655_635256.json,AG1,9,3.0,3.0
artificial_intelligence,Digital_Life_Science_Technology,schema,02_schema_20260916_020655_635256.json,AG1,10,4.0,4.0
artificial_intelligence,Digital_Life_Science_Technology,schema,02_schema_20260916_020655_635256.json,AG1,11,4.0,4.0
artificial_intelligence,Digital_Life_Science_Technology,schema,02_schema_20260916_020655_635256.json,AG1,12,4.0,4.0
artificial_intelligence,Digital_Life_Science_Technology,schema,02_schema_20260916_020655_635256.json,AG1,13,3.0,3.0
artificial_intelligence,Digital_Life_Science_Technology,schema,02_schema_20260916_020655_635256.json,AG1,14,3.0,3.0
artificial_intelligence,Digital_Life_Science_Technology,schema,02_schema_20260916_020655_635256.json,AG1,15,2.0,2.0
artificial_intelligence,Digital_Life_Science_Technology,schema,02_schema_20260916_020655_635256.json,AG1,16,3.0,3.0
artificial_intelligence,Digital_Life_Science_Technology,schema,02_schema_20260916_020655_635256.json,AG2,1,3.0,3.0
artificial_intelligence,Digital_Life_Science_Technology,schema,02_schema_20260916_020655_635256.json,AG2,2,3.0,3.0
artificial_intelligence,Digital_Life_Science_Technology,schema,02_schema_20260916_020655_635256.json,AG2,3,3.0,3.0
artificial_intelligence,Digital_Life_Science_Technology,schema,02_schema_20260916_020655_635256.json,AG2,4,4.0,4.0
artificial_intelligence,Digital_Life_Science_Technology,schema,02_schema_20260916_020655_635256.json,AG2,5,3.0,3.0
artificial_intelligence,Digital_Life_Science_Technology,schema,02_schema_20260916_020655_635256.json,AG2,6,4.0,4.0
artificial_intelligence,Digital_Life_Science_Technology,schema,02_schema_20260916_020655_635256.json,AG2,7,6.0,6.0
artificial_intelligence,Digital_Life_Science_Technology,schema,02_schema_20260916_020655_635256.json,AG2,8,3.0,3.0
artificial_intelligence,Digital_Life_Science_Technology,schema,02_schema_20260916_020655_635256.json,AG2,9,4.0,4.0
artificial_intelligence,Digital_Life_Science_Technology,schema,02_schema_20260916_020655_635256.json,AG2,10,3.0,3.0
artificial_intelligence,Digital_Life_Science_Technology,schema,02_schema_20260916_020655_635256.json,AG2,11,4.0,4.0
artificial_intelligence,Digital_Life_Science_Technology,schema,02_schema_20260916_020655_635256.json,AG2,12,3.0,3.0
artificial_intelligence,Digital_Life_Science_Technology,schema,02_schema_20260916_020655_635256.json,AG2,13,3.0,3.0
artificial_intelligence,Digital_Life_Science_Technology,schema,02_schema_20260916_020655_635256.json,AG2,14,3.0,3.0
artificial_intelligence,Digital_Life_Science_Technology,schema,02_schema_20260916_020655_635256.json,AG2,15,2.0,2.0
artificial_intelligence,Digital_Life_Science_Technology,schema,02_schema_20260916_020655_635256.json,AG2,16,3.0,3.0
artificial_intelligence,Digital_Life_Science_Technology,free_debate,03_free_debate_20260916_020439_050767.json,AG1,1,5.0,5.0
artificial_intelligence,Digital_Life_Science_Technology,free_debate,03_free_debate_20260916_020439_050767.json,AG1,2,3.0,3.0
artificial_intelligence,Digital_Life_Science_Technology,free_debate,03_free_debate_20260916_020439_050767.json,AG1,3,3.0,3.0
artificial_intelligence,Digital_Life_Science_Technology,free_debate,03_free_debate_20260916_020439_050767.json,AG1,4,3.0,3.0
artificial_intelligence,Digital_Life_Science_Technology,free_debate,03_free_debate_20260916_020439_050767.json,AG1,5,2.0,2.0
artificial_intelligence,Digital_Life_Science_Technology,free_debate,03_free_debate_20260916_020439_050767.json,AG1,6,4.0,4.0
artificial_intelligence,Digital_Life_Science_Technology,free_debate,03_free_debate_20260916_020439_050767.json,AG1,7,4.0,4.0
artificial_intelligence,Digital_Life_Science_Technology,free_debate,03_free_debate_20260916_020439_050767.json,AG1,8,3.0,3.0
artificial_intelligence,Digital_Life_Science_Technology,free_debate,03_free_debate_20260916_020439_050767.json,AG1,9,4.0,4.0
artificial_intelligence,Digital_Life_Science_Technology,free_debate,03_free_debate_20260916_020439_050767.json,AG1,10,3.0,3.0
artificial_intelligence,Digital_Life_Science_Technology,free_debate,03_free_debate_20260916_020439_050767.json,AG1,11,2.0,2.0
artificial_intelligence,Digital_Life_Science_Technology,free_debate,03_free_debate_20260916_020439_050767.json,AG1,12,3.0,3.0
artificial_intelligence,Digital_Life_Science_Technology,free_debate,03_free_debate_20260916_020439_050767.json,AG1,13,2.0,2.0
artificial_intelligence,Digital_Life_Science_Technology,free_debate,03_free_debate_20260916_020439_050767.json,AG1,14,2.0,2.0
artificial_intelligence,Digital_Life_Science_Technology,free_debate,03_free_debate_20260916_020439_050767.json,AG1,15,2.0,2.0
artificial_intelligence,Digital_Life_Science_Technology,free_debate,03_free_debate_20260916_020439_050767.json,AG1,16,3.0,3.0
artificial_intelligence,Digital_Life_Science_Technology,free_debate,03_free_debate_20260916_020439_050767.json,AG2,1,5.0,5.0
artificial_intelligence,Digital_Life_Science_Technology,free_debate,03_free_debate_20260916_020439_050767.json,AG2,2,4.0,4.0
artificial_intelligence,Digital_Life_Science_Technology,free_debate,03_free_debate_20260916_020439_050767.json,AG2,3,2.0,2.0
artificial_intelligence,Digital_Life_Science_Technology,free_debate,03_free_debate_20260916_020439_050767.json,AG2,4,4.0,4.0
artificial_intelligence,Digital_Life_Science_Technology,free_debate,03_free_debate_20260916_020439_050767.json,AG2,5,2.0,2.0
artificial_intelligence,Digital_Life_Science_Technology,free_debate,03_free_debate_20260916_020439_050767.json,AG2,6,4.0,4.0
artificial_intelligence,Digital_Life_Science_Technology,free_debate,03_free_debate_20260916_020439_050767.json,AG2,7,6.0,6.0
artificial_intelligence,Digital_Life_Science_Technology,free_debate,03_free_debate_20260916_020439_050767.json,AG2,8,4.0,4.0
artificial_intelligence,Digital_Life_Science_Technology,free_debate,03_free_debate_20260916_020439_050767.json,AG2,9,3.0,3.0
artificial_intelligence,Digital_Life_Science_Technology,free_debate,03_free_debate_20260916_020439_050767.json,AG2,10,3.0,3.0
artificial_intelligence,Digital_Life_Science_Technology,free_debate,03_free_debate_20260916_020439_050767.json,AG2,11,3.0,3.0
artificial_intelligence,Digital_Life_Science_Technology,free_debate,03_free_debate_20260916_020439_050767.json,AG2,12,3.0,3.0
artificial_intelligence,Digital_Life_Science_Technology,free_debate,03_free_debate_20260916_020439_050767.json,AG2,13,2.0,2.0
artificial_intelligence,Digital_Life_Science_Technology,free_debate,03_free_debate_20260916_020439_050767.json,AG2,14,2.0,2.0
artificial_intelligence,Digital_Life_Science_Technology,free_debate,03_free_debate_20260916_020439_050767.json,AG2,15,2.0,2.0
artificial_intelligence,Digital_Life_Science_Technology,free_debate,03_free_debate_20260916_020439_050767.json,AG2,16,2.0,2.0
artificial_intelligence,Digital_Life_Science_Technology,mad,03_mad_20260916_020431_208234.json,AG1,1,5.0,5.0
artificial_intelligence,Digital_Life_Science_Technology,mad,03_mad_20260916_020431_208234.json,AG1,2,4.0,4.0
artificial_intelligence,Digital_Life_Science_Technology,mad,03_mad_20260916_020431_208234.json,AG1,3,3.0,3.0
artificial_intelligence,Digital_Life_Science_Technology,mad,03_mad_20260916_020431_208234.json,AG1,4,4.0,4.0
artificial_intelligence,Digital_Life_Science_Technology,mad,03_mad_20260916_020431_208234.json,AG1,5,2.0,2.0
artificial_intelligence,Digital_Life_Science_Technology,mad,03_mad_20260916_020431_208234.json,AG1,6,5.0,5.0
artificial_intelligence,Digital_Life_Science_Technology,mad,03_mad_20260916_020431_208234.json,AG1,7,6.0,6.0
artificial_intelligence,Digital_Life_Science_Technology,mad,03_mad_20260916_020431_208234.json,AG1,8,5.0,5.0
artificial_intelligence,Digital_Life_Science_Technology,mad,03_mad_20260916_020431_208234.json,AG1,9,4.0,4.0
artificial_intelligence,Digital_Life_Science_Technology,mad,03_mad_20260916_020431_208234.json,AG1,10,4.0,4.0
artificial_intelligence,Digital_Life_Science_Technology,mad,03_mad_20260916_020431_208234.json,AG1,11,4.0,4.0
artificial_intelligence,Digital_Life_Science_Technology,mad,03_mad_20260916_020431_208234.json,AG1,12,3.0,3.0
artificial_intelligence,Digital_Life_Science_Technology,mad,03_mad_20260916_020431_208234.json,AG1,13,3.0,3.0
artificial_intelligence,Digital_Life_Science_Technology,mad,03_mad_20260916_020431_208234.json,AG1,14,3.0,3.0
artificial_intelligence,Digital_Life_Science_Technology,mad,03_mad_20260916_020431_208234.json,AG1,15,3.0,3.0
artificial_intelligence,Digital_Life_Science_Technology,mad,03_mad_20260916_020431_208234.json,AG1,16,3.0,3.0
artificial_intelligence,Digital_Life_Science_Technology,mad,03_mad_20260916_020431_208234.json,AG2,1,6.0,6.0
artificial_intelligence,Digital_Life_Science_Technology,mad,03_mad_20260916_020431_208234.json,AG2,2,5.0,5.0
artificial_intelligence,Digital_Life_Science_Technology,mad,03_mad_20260916_020431_208234.json,AG2,3,2.0,2.0
artificial_intelligence,Digital_Life_Science_Technology,mad,03_mad_20260916_020431_208234.json,AG2,4,3.0,3.0
artificial_intelligence,Digital_Life_Science_Technology,mad,03_mad_20260916_020431_208234.json,AG2,5,2.0,2.0
artificial_intelligence,Digital_Life_Science_Technology,mad,03_mad_20260916_020431_208234.json,AG2,6,4.0,4.0
artificial_intelligence,Digital_Life_Science_Technology,mad,03_mad_20260916_020431_208234.json,AG2,7,6.0,6.0
artificial_intelligence,Digital_Life_Science_Technology,mad,03_mad_20260916_020431_208234.json,AG2,8,4.0,4.0
artificial_intelligence,Digital_Life_Science_Technology,mad,03_mad_20260916_020431_208234.json,AG2,9,3.0,3.0
artificial_intelligence,Digital_Life_Science_Technology,mad,03_mad_20260916_020431_208234.json,AG2,10,3.0,3.0
artificial_intelligence,Digital_Life_Science_Technology,mad,03_mad_20260916_020431_208234.json,AG2,11,4.0,4.0
artificial_intelligence,Digital_Life_Science_Technology,mad,03_mad_20260916_020431_208234.json,AG2,12,3.0,3.0
artificial_intelligence,Digital_Life_Science_Technology,mad,03_mad_20260916_020431_208234.json,AG2,13,3.0,3.0
artificial_intelligence,Digital_Life_Science_Technology,mad,03_mad_20260916_020431_208234.json,AG2,14,2.0,2.0
artificial_intelligence,Digital_Life_Science_Technology,mad,03_mad_20260916_020431_208234.json,AG2,15,2.0,2.0
artificial_intelligence,Digital_Life_Science_Technology,mad,03_mad_20260916_020431_208234.json,AG2,16,3.0,3.0
artificial_intelligence,Digital_Life_Science_Technology,no_schema,03_no_schema_20260916_020422_693386.json,AG1,1,6.0,6.0
artificial_intelligence,Digital_Life_Science_Technology,no_schema,03_no_schema_20260916_020422_693386.json,AG1,2,5.0,5.0
artificial_intelligence,Digital_Life_Science_Technology,no_schema,03_no_schema_20260916_020422_693386.json,AG1,3,2.0,2.0
artificial_intelligence,Digital_Life_Science_Technology,no_schema,03_no_schema_20260916_020422_693386.json,AG1,4,5.0,5.0
artificial_intelligence,Digital_Life_Science_Technology,no_schema,03_no_schema_20260916_020422_693386.json,AG1,5,2.0,2.0
artificial_intelligence,Digital_Life_Science_Technology,no_schema,03_no_schema_20260916_020422_693386.json,AG1,6,6.0,6.0
artificial_intelligence,Digital_Life_Science_Technology,no_schema,03_no_schema_20260916_020422_693386.json,AG1,7,6.0,6.0
artificial_intelligence,Digital_Life_Science_Technology,no_schema,03_no_schema_20260916_020422_693386.json,AG1,8,4.0,4.0
artificial_intelligence,Digital_Life_Science_Technology,no_schema,03_no_schema_20260916_020422_693386.json,AG1,9,2.0,2.0
artificial_intelligence,Digital_Life_Science_Technology,no_schema,03_no_schema_20260916_020422_693386.json,AG1,10,4.0,4.0
artificial_intelligence,Digital_Life_Science_Technology,no_schema,03_no_schema_20260916_020422_693386.json,AG1,11,4.0,4.0
artificial_intelligence,Digital_Life_Science_Technology,no_schema,03_no_schema_20260916_020422_693386.json,AG1,12,3.0,3.0
artificial_intelligence,Digital_Life_Science_Technology,no_schema,03_no_schema_20260916_020422_693386.json,AG1,13,3.0,3.0
artificial_intelligence,Digital_Life_Science_Technology,no_schema,03_no_schema_20260916_020422_693386.json,AG1,14,3.0,3.0
artificial_intelligence,Digital_Life_Science_Technology,no_schema,03_no_schema_20260916_020422_693386.json,AG1,15,3.0,3.0
artificial_intelligence,Digital_Life_Science_Technology,no_schema,03_no_schema_20260916_020422_693386.json,AG1,16,3.0,3.0
artificial_intelligence,Digital_Life_Science_Technology,no_schema,03_no_schema_20260916_020422_693386.json,AG2,1,3.0,3.0
artificial_intelligence,Digital_Life_Science_Technology,no_schema,03_no_schema_20260916_020422_693386.json,AG2,2,2.0,2.0
artificial_intelligence,Digital_Life_Science_Technology,no_schema,03_no_schema_20260916_020422_693386.json,AG2,3,3.0,3.0
artificial_intelligence,Digital_Life_Science_Technology,no_schema,03_no_schema_20260916_020422_693386.json,AG2,4,4.0,4.0
artificial_intelligence,Digital_Life_Science_Technology,no_schema,03_no_schema_20260916_020422_693386.json,AG2,5,2.0,2.0
artificial_intelligence,Digital_Life_Science_Technology,no_schema,03_no_schema_20260916_020422_693386.json,AG2,6,4.0,4.0
artificial_intelligence,Digital_Life_Science_Technology,no_schema,03_no_schema_20260916_020422_693386.json,AG2,7,4.0,4.0
artificial_intelligence,Digital_Life_Science_Technology,no_schema,03_no_schema_20260916_020422_693386.json,AG2,8,3.0,3.0
artificial_intelligence,Digital_Life_Science_Technology,no_schema,03_no_schema_20260916_020422_693386.json,AG2,9,3.0,3.0
artificial_intelligence,Digital_Life_Science_Technology,no_schema,03_no_schema_20260916_020422_693386.json,AG2,10,3.0,3.0
artificial_intelligence,Digital_Life_Science_Technology,no_schema,03_no_schema_20260916_020422_693386.json,AG2,11,2.0,2.0
artificial_intelligence,Digital_Life_Science_Technology,no_schema,03_no_schema_20260916_020422_693386.json,AG2,12,3.0,3.0
artificial_intelligence,Digital_Life_Science_Technology,no_schema,03_no_schema_20260916_020422_693386.json,AG2,13,3.0,3.0
artificial_intelligence,Digital_Life_Science_Technology,no_schema,03_no_schema_20260916_020422_693386.json,AG2,14,3.0,3.0
artificial_intelligence,Digital_Life_Science_Technology,no_schema,03_no_schema_20260916_020422_693386.json,AG2,15,3.0,3.0
artificial_intelligence,Digital_Life_Science_Technology,no_schema,03_no_schema_20260916_020422_693386.json,AG2,16,3.0,3.0
artificial_intelligence,Digital_Life_Science_Technology,schema,03_schema_20260916_020718_378443.json,AG1,1,3.0,3.0
artificial_intelligence,Digital_Life_Science_Technology,schema,03_schema_20260916_020718_378443.json,AG1,2,2.0,2.0
artificial_intelligence,Digital_Life_Science_Technology,schema,03_schema_20260916_020718_378443.json,AG1,3,3.0,3.0
artificial_intelligence,Digital_Life_Science_Technology,schema,03_schema_20260916_020718_378443.json,AG1,4,4.0,4.0
artificial_intelligence,Digital_Life_Science_Technology,schema,03_schema_20260916_020718_378443.json,AG1,5,2.0,2.0
artificial_intelligence,Digital_Life_Science_Technology,schema,03_schema_20260916_020718_378443.json,AG1,6,4.0,4.0
artificial_intelligence,Digital_Life_Science_Technology,schema,03_schema_20260916_020718_378443.json,AG1,7,6.0,6.0
artificial_intelligence,Digital_Life_Science_Technology,schema,03_schema_20260916_020718_378443.json,AG1,8,2.0,2.0
artificial_intelligence,Digital_Life_Science_Technology,schema,03_schema_20260916_020718_378443.json,AG1,9,2.0,2.0
artificial_intelligence,Digital_Life_Science_Technology,schema,03_schema_20260916_020718_378443.json,AG1,10,3.0,3.0
artificial_intelligence,Digital_Life_Science_Technology,schema,03_schema_20260916_020718_378443.json,AG1,11,3.0,3.0
artificial_intelligence,Digital_Life_Science_Technology,schema,03_schema_20260916_020718_378443.json,AG1,12,3.0,3.0
artificial_intelligence,Digital_Life_Science_Technology,schema,03_schema_20260916_020718_378443.json,AG1,13,3.0,3.0
artificial_intelligence,Digital_Life_Science_Technology,schema,03_schema_20260916_020718_378443.json,AG1,14,3.0,3.0
artificial_intelligence,Digital_Life_Science_Technology,schema,03_schema_20260916_020718_378443.json,AG1,15,2.0,2.0
artificial_intelligence,Digital_Life_Science_Technology,schema,03_schema_20260916_020718_378443.json,AG1,16,3.0,3.0
artificial_intelligence,Digital_Life_Science_Technology,schema,03_schema_20260916_020718_378443.json,AG2,1,5.0,5.0
artificial_intelligence,Digital_Life_Science_Technology,schema,03_schema_20260916_020718_378443.json,AG2,2,4.0,4.0
artificial_intelligence,Digital_Life_Science_Technology,schema,03_schema_20260916_020718_378443.json,AG2,3,3.0,3.0
artificial_intelligence,Digital_Life_Science_Technology,schema,03_schema_20260916_020718_378443.json,AG2,4,4.0,4.0
artificial_intelligence,Digital_Life_Science_Technology,schema,03_schema_20260916_020718_378443.json,AG2,5,2.0,2.0
artificial_intelligence,Digital_Life_Science_Technology,schema,03_schema_20260916_020718_378443.json,AG2,6,4.0,4.0
artificial_intelligence,Digital_Life_Science_Technology,schema,03_schema_20260916_020718_378443.json,AG2,7,6.0,6.0
artificial_intelligence,Digital_Life_Science_Technology,schema,03_schema_20260916_020718_378443.json,AG2,8,3.0,3.0
artificial_intelligence,Digital_Life_Science_Technology,schema,03_schema_20260916_020718_378443.json,AG2,9,3.0,3.0
artificial_intelligence,Digital_Life_Science_Technology,schema,03_schema_20260916_020718_378443.json,AG2,10,3.0,3.0
artificial_intelligence,Digital_Life_Science_Technology,schema,03_schema_20260916_020718_378443.json,AG2,11,3.0,3.0
artificial_intelligence,Digital_Life_Science_Technology,schema,03_schema_20260916_020718_378443.json,AG2,12,3.0,3.0
artificial_intelligence,Digital_Life_Science_Technology,schema,03_schema_20260916_020718_378443.json,AG2,13,2.0,2.0
artificial_intelligence,Digital_Life_Science_Technology,schema,03_schema_20260916_020718_378443.json,AG2,14,3.0,3.0
artificial_intelligence,Digital_Life_Science_Technology,schema,03_schema_20260916_020718_378443.json,AG2,15,2.0,2.0
artificial_intelligence,Digital_Life_Science_Technology,schema,03_schema_20260916_020718_378443.json,AG2,16,3.0,3.0
artificial_intelligence,Digital_Life_Science_Technology,free_debate,04_free_debate_20260916_020510_867478.json,AG1,1,5.0,5.0
artificial_intelligence,Digital_Life_Science_Technology,free_debate,04_free_debate_20260916_020510_867478.json,AG1,2,2.0,2.0
artificial_intelligence,Digital_Life_Science_Technology,free_debate,04_free_debate_20260916_020510_867478.json,AG1,3,2.0,2.0
artificial_intelligence,Digital_Life_Science_Technology,free_debate,04_free_debate_20260916_020510_867478.json,AG1,4,3.0,3.0
artificial_intelligence,Digital_Life_Science_Technology,free_debate,04_free_debate_20260916_020510_867478.json,AG1,5,2.0,2.0
artificial_intelligence,Digital_Life_Science_Technology,free_debate,04_free_debate_20260916_020510_867478.json,AG1,6,3.0,3.0
artificial_intelligence,Digital_Life_Science_Technology,free_debate,04_free_debate_20260916_020510_867478.json,AG1,7,5.0,5.0
artificial_intelligence,Digital_Life_Science_Technology,free_debate,04_free_debate_20260916_020510_867478.json,AG1,8,2.0,2.0
artificial_intelligence,Digital_Life_Science_Technology,free_debate,04_free_debate_20260916_020510_867478.json,AG1,9,2.0,2.0
artificial_intelligence,Digital_Life_Science_Technology,free_debate,04_free_debate_20260916_020510_867478.json,AG1,10,2.0,2.0
artificial_intelligence,Digital_Life_Science_Technology,free_debate,04_free_debate_20260916_020510_867478.json,AG1,11,3.0,3.0
artificial_intelligence,Digital_Life_Science_Technology,free_debate,04_free_debate_20260916_020510_867478.json,AG1,12,2.0,2.0
artificial_intelligence,Digital_Life_Science_Technology,free_debate,04_free_debate_20260916_020510_867478.json,AG1,13,2.0,2.0
artificial_intelligence,Digital_Life_Science_Technology,free_debate,04_free_debate_20260916_020510_867478.json,AG1,14,3.0,3.0
artificial_intelligence,Digital_Life_Science_Technology,free_debate,04_free_debate_20260916_020510_867478.json,AG1,15,2.0,2.0
artificial_intelligence,Digital_Life_Science_Technology,free_debate,04_free_debate_20260916_020510_867478.json,AG1,16,2.0,2.0
artificial_intelligence,Digital_Life_Science_Technology,free_debate,04_free_debate_20260916_020510_867478.json,AG2,1,5.0,5.0
artificial_intelligence,Digital_Life_Science_Technology,free_debate,04_free_debate_20260916_020510_867478.json,AG2,2,2.0,2.0
artificial_intelligence,Digital_Life_Science_Technology,free_debate,04_free_debate_20260916_020510_867478.json,AG2,3,2.0,2.0
artificial_intelligence,Digital_Life_Science_Technology,free_debate,04_free_debate_20260916_020510_867478.json,AG2,4,2.0,2.0
artificial_intelligence,Digital_Life_Science_Technology,free_debate,04_free_debate_20260916_020510_867478.json,AG2,5,2.0,2.0
artificial_intelligence,Digital_Life_Science_Technology,free_debate,04_free_debate_20260916_020510_867478.json,AG2,6,4.0,4.0
artificial_intelligence,Digital_Life_Science_Technology,free_debate,04_free_debate_20260916_020510_867478.json,AG2,7,6.0,6.0
artificial_intelligence,Digital_Life_Science_Technology,free_debate,04_free_debate_20260916_020510_867478.json,AG2,8,2.0,2.0
artificial_intelligence,Digital_Life_Science_Technology,free_debate,04_free_debate_20260916_020510_867478.json,AG2,9,3.0,3.0
artificial_intelligence,Digital_Life_Science_Technology,free_debate,04_free_debate_20260916_020510_867478.json,AG2,10,3.0,3.0
artificial_intelligence,Digital_Life_Science_Technology,free_debate,04_free_debate_20260916_020510_867478.json,AG2,11,2.0,2.0
artificial_intelligence,Digital_Life_Science_Technology,free_debate,04_free_debate_20260916_020510_867478.json,AG2,12,2.0,2.0
artificial_intelligence,Digital_Life_Science_Technology,free_debate,04_free_debate_20260916_020510_867478.json,AG2,13,2.0,2.0
artificial_intelligence,Digital_Life_Science_Technology,free_debate,04_free_debate_20260916_020510_867478.json,AG2,14,2.0,2.0
artificial_intelligence,Digital_Life_Science_Technology,free_debate,04_free_debate_20260916_020510_867478.json,AG2,15,1.0,1.0
artificial_intelligence,Digital_Life_Science_Technology,free_debate,04_free_debate_20260916_020510_867478.json,AG2,16,3.0,3.0
artificial_intelligence,Digital_Life_Science_Technology,mad,04_mad_20260916_020454_507396.json,AG1,1,3.0,3.0
artificial_intelligence,Digital_Life_Science_Technology,mad,04_mad_20260916_020454_507396.json,AG1,2,2.0,2.0
artificial_intelligence,Digital_Life_Science_Technology,mad,04_mad_20260916_020454_507396.json,AG1,3,2.0,2.0
artificial_intelligence,Digital_Life_Science_Technology,mad,04_mad_20260916_020454_507396.json,AG1,4,4.0,4.0
artificial_intelligence,Digital_Life_Science_Technology,mad,04_mad_20260916_020454_507396.json,AG1,5,2.0,2.0
artificial_intelligence,Digital_Life_Science_Technology,mad,04_mad_20260916_020454_507396.json,AG1,6,5.0,5.0
artificial_intelligence,Digital_Life_Science_Technology,mad,04_mad_20260916_020454_507396.json,AG1,7,6.0,6.0
artificial_intelligence,Digital_Life_Science_Technology,mad,04_mad_20260916_020454_507396.json,AG1,8,4.0,4.0
artificial_intelligence,Digital_Life_Science_Technology,mad,04_mad_20260916_020454_507396.json,AG1,9,2.0,2.0
artificial_intelligence,Digital_Life_Science_Technology,mad,04_mad_20260916_020454_507396.json,AG1,10,3.0,3.0
artificial_intelligence,Digital_Life_Science_Technology,mad,04_mad_20260916_020454_507396.json,AG1,11,2.0,2.0
artificial_intelligence,Digital_Life_Science_Technology,mad,04_mad_20260916_020454_507396.json,AG1,12,2.0,2.0
artificial_intelligence,Digital_Life_Science_Technology,mad,04_mad_20260916_020454_507396.json,AG1,13,2.0,2.0
artificial_intelligence,Digital_Life_Science_Technology,mad,04_mad_20260916_020454_507396.json,AG1,14,2.0,2.0
artificial_intelligence,Digital_Life_Science_Technology,mad,04_mad_20260916_020454_507396.json,AG1,15,2.0,2.0
artificial_intelligence,Digital_Life_Science_Technology,mad,04_mad_20260916_020454_507396.json,AG1,16,3.0,3.0
artificial_intelligence,Digital_Life_Science_Technology,mad,04_mad_20260916_020454_507396.json,AG2,1,5.0,5.0
artificial_intelligence,Digital_Life_Science_Technology,mad,04_mad_20260916_020454_507396.json,AG2,2,3.0,3.0
artificial_intelligence,Digital_Life_Science_Technology,mad,04_mad_20260916_020454_507396.json,AG2,3,2.0,2.0
artificial_intelligence,Digital_Life_Science_Technology,mad,04_mad_20260916_020454_507396.json,AG2,4,4.0,4.0
artificial_intelligence,Digital_Life_Science_Technology,mad,04_mad_20260916_020454_507396.json,AG2,5,2.0,2.0
artificial_intelligence,Digital_Life_Science_Technology,mad,04_mad_20260916_020454_507396.json,AG2,6,4.0,4.0
artificial_intelligence,Digital_Life_Science_Technology,mad,04_mad_20260916_020454_507396.json,AG2,7,6.0,6.0
artificial_intelligence,Digital_Life_Science_Technology,mad,04_mad_20260916_020454_507396.json,AG2,8,3.0,3.0
artificial_intelligence,Digital_Life_Science_Technology,mad,04_mad_20260916_020454_507396.json,AG2,9,2.0,2.0
artificial_intelligence,Digital_Life_Science_Technology,mad,04_mad_20260916_020454_507396.json,AG2,10,3.0,3.0
artificial_intelligence,Digital_Life_Science_Technology,mad,04_mad_20260916_020454_507396.json,AG2,11,2.0,2.0
artificial_intelligence,Digital_Life_Science_Technology,mad,04_mad_20260916_020454_507396.json,AG2,12,2.0,2.0
artificial_intelligence,Digital_Life_Science_Technology,mad,04_mad_20260916_020454_507396.json,AG2,13,3.0,3.0
artificial_intelligence,Digital_Life_Science_Technology,mad,04_mad_20260916_020454_507396.json,AG2,14,3.0,3.0
artificial_intelligence,Digital_Life_Science_Technology,mad,04_mad_20260916_020454_507396.json,AG2,15,2.0,2.0
artificial_intelligence,Digital_Life_Science_Technology,mad,04_mad_20260916_020454_507396.json,AG2,16,2.0,2.0
artificial_intelligence,Digital_Life_Science_Technology,no_schema,04_no_schema_20260916_020507_413216.json,AG1,1,6.0,6.0
artificial_intelligence,Digital_Life_Science_Technology,no_schema,04_no_schema_20260916_020507_413216.json,AG1,2,4.0,4.0
artificial_intelligence,Digital_Life_Science_Technology,no_schema,04_no_schema_20260916_020507_413216.json,AG1,3,1.0,1.0
artificial_intelligence,Digital_Life_Science_Technology,no_schema,04_no_schema_20260916_020507_413216.json,AG1,4,6.0,6.0
artificial_intelligence,Digital_Life_Science_Technology,no_schema,04_no_schema_20260916_020507_413216.json,AG1,5,2.0,2.0
artificial_intelligence,Digital_Life_Science_Technology,no_schema,04_no_schema_20260916_020507_413216.json,AG1,6,5.0,5.0
artificial_intelligence,Digital_Life_Science_Technology,no_schema,04_no_schema_20260916_020507_413216.json,AG1,7,6.0,6.0
artificial_intelligence,Digital_Life_Science_Technology,no_schema,04_no_schema_20260916_020507_413216.json,AG1,8,5.0,5.0
artificial_intelligence,Digital_Life_Science_Technology,no_schema,04_no_schema_20260916_020507_413216.json,AG1,9,3.0,3.0
artificial_intelligence,Digital_Life_Science_Technology,no_schema,04_no_schema_20260916_020507_413216.json,AG1,10,3.0,3.0
artificial_intelligence,Digital_Life_Science_Technology,no_schema,04_no_schema_20260916_020507_413216.json,AG1,11,4.0,4.0
artificial_intelligence,Digital_Life_Science_Technology,no_schema,04_no_schema_20260916_020507_413216.json,AG1,12,3.0,3.0
artificial_intelligence,Digital_Life_Science_Technology,no_schema,04_no_schema_20260916_020507_413216.json,AG1,13,3.0,3.0
artificial_intelligence,Digital_Life_Science_Technology,no_schema,04_no_schema_20260916_020507_413216.json,AG1,14,3.0,3.0
artificial_intelligence,Digital_Life_Science_Technology,no_schema,04_no_schema_20260916_020507_413216.json,AG1,15,2.0,2.0
artificial_intelligence,Digital_Life_Science_Technology,no_schema,04_no_schema_20260916_020507_413216.json,AG1,16,4.0,4.0
artificial_intelligence,Digital_Life_Science_Technology,no_schema,04_no_schema_20260916_020507_413216.json,AG2,1,3.0,3.0
artificial_intelligence,Digital_Life_Science_Technology,no_schema,04_no_schema_20260916_020507_413216.json,AG2,2,2.0,2.0
artificial_intelligence,Digital_Life_Science_Technology,no_schema,04_no_schema_20260916_020507_413216.json,AG2,3,4.0,4.0
artificial_intelligence,Digital_Life_Science_Technology,no_schema,04_no_schema_20260916_020507_413216.json,AG2,4,3.0,3.0
artificial_intelligence,Digital_Life_Science_Technology,no_schema,04_no_schema_20260916_020507_413216.json,AG2,5,2.0,2.0
artificial_intelligence,Digital_Life_Science_Technology,no_schema,04_no_schema_20260916_020507_413216.json,AG2,6,4.0,4.0
artificial_intelligence,Digital_Life_Science_Technology,no_schema,04_no_schema_20260916_020507_413216.json,AG2,7,5.0,5.0
artificial_intelligence,Digital_Life_Science_Technology,no_schema,04_no_schema_20260916_020507_413216.json,AG2,8,2.0,2.0
artificial_intelligence,Digital_Life_Science_Technology,no_schema,04_no_schema_20260916_020507_413216.json,AG2,9,2.0,2.0
artificial_intelligence,Digital_Life_Science_Technology,no_schema,04_no_schema_20260916_020507_413216.json,AG2,10,2.0,2.0
artificial_intelligence,Digital_Life_Science_Technology,no_schema,04_no_schema_20260916_020507_413216.json,AG2,11,3.0,3.0
artificial_intelligence,Digital_Life_Science_Technology,no_schema,04_no_schema_20260916_020507_413216.json,AG2,12,2.0,2.0
artificial_intelligence,Digital_Life_Science_Technology,no_schema,04_no_schema_20260916_020507_413216.json,AG2,13,3.0,3.0
artificial_intelligence,Digital_Life_Science_Technology,no_schema,04_no_schema_20260916_020507_413216.json,AG2,14,2.0,2.0
artificial_intelligence,Digital_Life_Science_Technology,no_schema,04_no_schema_20260916_020507_413216.json,AG2,15,2.0,2.0
artificial_intelligence,Digital_Life_Science_Technology,no_schema,04_no_schema_20260916_020507_413216.json,AG2,16,2.0,2.0
artificial_intelligence,Digital_Life_Science_Technology,schema,04_schema_20260916_020657_234647.json,AG1,1,5.0,5.0
artificial_intelligence,Digital_Life_Science_Technology,schema,04_schema_20260916_020657_234647.json,AG1,2,3.0,3.0
artificial_intelligence,Digital_Life_Science_Technology,schema,04_schema_20260916_020657_234647.json,AG1,3,2.0,2.0
artificial_intelligence,Digital_Life_Science_Technology,schema,04_schema_20260916_020657_234647.json,AG1,4,4.0,4.0
artificial_intelligence,Digital_Life_Science_Technology,schema,04_schema_20260916_020657_234647.json,AG1,5,2.0,2.0
artificial_intelligence,Digital_Life_Science_Technology,schema,04_schema_20260916_020657_234647.json,AG1,6,4.0,4.0
artificial_intelligence,Digital_Life_Science_Technology,schema,04_schema_20260916_020657_234647.json,AG1,7,6.0,6.0
artificial_intelligence,Digital_Life_Science_Technology,schema,04_schema_20260916_020657_234647.json,AG1,8,4.0,4.0
artificial_intelligence,Digital_Life_Science_Technology,schema,04_schema_20260916_020657_234647.json,AG1,9,2.0,2.0
artificial_intelligence,Digital_Life_Science_Technology,schema,04_schema_20260916_020657_234647.json,AG1,10,3.0,3.0
artificial_intelligence,Digital_Life_Science_Technology,schema,04_schema_20260916_020657_234647.json,AG1,11,4.0,4.0
artificial_intelligence,Digital_Life_Science_Technology,schema,04_schema_20260916_020657_234647.json,AG1,12,3.0,3.0
artificial_intelligence,Digital_Life_Science_Technology,schema,04_schema_20260916_020657_234647.json,AG1,13,2.0,2.0
artificial_intelligence,Digital_Life_Science_Technology,schema,04_schema_20260916_020657_234647.json,AG1,14,2.0,2.0
artificial_intelligence,Digital_Life_Science_Technology,schema,04_schema_20260916_020657_234647.json,AG1,15,2.0,2.0
artificial_intelligence,Digital_Life_Science_Technology,schema,04_schema_20260916_020657_234647.json,AG1,16,2.0,2.0
artificial_intelligence,Digital_Life_Science_Technology,schema,04_schema_20260916_020657_234647.json,AG2,1,3.0,3.0
artificial_intelligence,Digital_Life_Science_Technology,schema,04_schema_20260916_020657_234647.json,AG2,2,2.0,2.0
artificial_intelligence,Digital_Life_Science_Technology,schema,04_schema_20260916_020657_234647.json,AG2,3,4.0,4.0
artificial_intelligence,Digital_Life_Science_Technology,schema,04_schema_20260916_020657_234647.json,AG2,4,3.0,3.0
artificial_intelligence,Digital_Life_Science_Technology,schema,04_schema_20260916_020657_234647.json,AG2,5,2.0,2.0
artificial_intelligence,Digital_Life_Science_Technology,schema,04_schema_20260916_020657_234647.json,AG2,6,4.0,4.0
artificial_intelligence,Digital_Life_Science_Technology,schema,04_schema_20260916_020657_234647.json,AG2,7,6.0,6.0
artificial_intelligence,Digital_Life_Science_Technology,schema,04_schema_20260916_020657_234647.json,AG2,8,2.0,2.0
artificial_intelligence,Digital_Life_Science_Technology,schema,04_schema_20260916_020657_234647.json,AG2,9,4.0,4.0
artificial_intelligence,Digital_Life_Science_Technology,schema,04_schema_20260916_020657_234647.json,AG2,10,3.0,3.0
artificial_intelligence,Digital_Life_Science_Technology,schema,04_schema_20260916_020657_234647.json,AG2,11,3.0,3.0
artificial_intelligence,Digital_Life_Science_Technology,schema,04_schema_20260916_020657_234647.json,AG2,12,3.0,3.0
artificial_intelligence,Digital_Life_Science_Technology,schema,04_schema_20260916_020657_234647.json,AG2,13,2.0,2.0
artificial_intelligence,Digital_Life_Science_Technology,schema,04_schema_20260916_020657_234647.json,AG2,14,2.0,2.0
artificial_intelligence,Digital_Life_Science_Technology,schema,04_schema_20260916_020657_234647.json,AG2,15,2.0,2.0
artificial_intelligence,Digital_Life_Science_Technology,schema,04_schema_20260916_020657_234647.json,AG2,16,2.0,2.0
artificial_intelligence,Digital_Life_Science_Technology,free_debate,05_free_debate_20260916_020531_434500.json,AG1,1,2.0,2.0
artificial_intelligence,Digital_Life_Science_Technology,free_debate,05_free_debate_20260916_020531_434500.json,AG1,2,2.0,2.0
artificial_intelligence,Digital_Life_Science_Technology,free_debate,05_free_debate_20260916_020531_434500.json,AG1,3,3.0,3.0
artificial_intelligence,Digital_Life_Science_Technology,free_debate,05_free_debate_20260916_020531_434500.json,AG1,4,3.0,3.0
artificial_intelligence,Digital_Life_Science_Technology,free_debate,05_free_debate_20260916_020531_434500.json,AG1,5,2.0,2.0
artificial_intelligence,Digital_Life_Science_Technology,free_debate,05_free_debate_20260916_020531_434500.json,AG1,6,4.0,4.0
artificial_intelligence,Digital_Life_Science_Technology,free_debate,05_free_debate_20260916_020531_434500.json,AG1,7,3.0,3.0
artificial_intelligence,Digital_Life_Science_Technology,free_debate,05_free_debate_20260916_020531_434500.json,AG1,8,2.0,2.0
artificial_intelligence,Digital_Life_Science_Technology,free_debate,05_free_debate_20260916_020531_434500.json,AG1,9,3.0,3.0
artificial_intelligence,Digital_Life_Science_Technology,free_debate,05_free_debate_20260916_020531_434500.json,AG1,10,3.0,3.0
artificial_intelligence,Digital_Life_Science_Technology,free_debate,05_free_debate_20260916_020531_434500.json,AG1,11,2.0,2.0
artificial_intelligence,Digital_Life_Science_Technology,free_debate,05_free_debate_20260916_020531_434500.json,AG1,12,2.0,2.0
artificial_intelligence,Digital_Life_Science_Technology,free_debate,05_free_debate_20260916_020531_434500.json,AG1,13,2.0,2.0
artificial_intelligence,Digital_Life_Science_Technology,free_debate,05_free_debate_20260916_020531_434500.json,AG1,14,3.0,3.0
artificial_intelligence,Digital_Life_Science_Technology,free_debate,05_free_debate_20260916_020531_434500.json,AG1,15,3.0,3.0
artificial_intelligence,Digital_Life_Science_Technology,free_debate,05_free_debate_20260916_020531_434500.json,AG1,16,3.0,3.0
artificial_intelligence,Digital_Life_Science_Technology,free_debate,05_free_debate_20260916_020531_434500.json,AG2,1,5.0,5.0
artificial_intelligence,Digital_Life_Science_Technology,free_debate,05_free_debate_20260916_020531_434500.json,AG2,2,3.0,3.0
artificial_intelligence,Digital_Life_Science_Technology,free_debate,05_free_debate_20260916_020531_434500.json,AG2,3,2.0,2.0
artificial_intelligence,Digital_Life_Science_Technology,free_debate,05_free_debate_20260916_020531_434500.json,AG2,4,4.0,4.0
artificial_intelligence,Digital_Life_Science_Technology,free_debate,05_free_debate_20260916_020531_434500.json,AG2,5,2.0,2.0
artificial_intelligence,Digital_Life_Science_Technology,free_debate,05_free_debate_20260916_020531_434500.json,AG2,6,4.0,4.0
artificial_intelligence,Digital_Life_Science_Technology,free_debate,05_free_debate_20260916_020531_434500.json,AG2,7,6.0,6.0
artificial_intelligence,Digital_Life_Science_Technology,free_debate,05_free_debate_20260916_020531_434500.json,AG2,8,3.0,3.0
artificial_intelligence,Digital_Life_Science_Technology,free_debate,05_free_debate_20260916_020531_434500.json,AG2,9,4.0,4.0
artificial_intelligence,Digital_Life_Science_Technology,free_debate,05_free_debate_20260916_020531_434500.json,AG2,10,4.0,4.0
artificial_intelligence,Digital_Life_Science_Technology,free_debate,05_free_debate_20260916_020531_434500.json,AG2,11,3.0,3.0
artificial_intelligence,Digital_Life_Science_Technology,free_debate,05_free_debate_20260916_020531_434500.json,AG2,12,3.0,3.0
artificial_intelligence,Digital_Life_Science_Technology,free_debate,05_free_debate_20260916_020531_434500.json,AG2,13,4.0,4.0
artificial_intelligence,Digital_Life_Science_Technology,free_debate,05_free_debate_20260916_020531_434500.json,AG2,14,3.0,3.0
artificial_intelligence,Digital_Life_Science_Technology,free_debate,05_free_debate_20260916_020531_434500.json,AG2,15,3.0,3.0
artificial_intelligence,Digital_Life_Science_Technology,free_debate,05_free_debate_20260916_020531_434500.json,AG2,16,3.0,3.0
artificial_intelligence,Digital_Life_Science_Technology,mad,05_mad_20260916_020520_273853.json,AG1,1,4.0,4.0
artificial_intelligence,Digital_Life_Science_Technology,mad,05_mad_20260916_020520_273853.json,AG1,2,2.0,2.0
artificial_intelligence,Digital_Life_Science_Technology,mad,05_mad_20260916_020520_273853.json,AG1,3,3.0,3.0
artificial_intelligence,Digital_Life_Science_Technology,mad,05_mad_20260916_020520_273853.json,AG1,4,3.0,3.0
artificial_intelligence,Digital_Life_Science_Technology,mad,05_mad_20260916_020520_273853.json,AG1,5,2.0,2.0
artificial_intelligence,Digital_Life_Science_Technology,mad,05_mad_20260916_020520_273853.json,AG1,6,4.0,4.0
artificial_intelligence,Digital_Life_Science_Technology,mad,05_mad_20260916_020520_273853.json,AG1,7,6.0,6.0
artificial_intelligence,Digital_Life_Science_Technology,mad,05_mad_20260916_020520_273853.json,AG1,8,3.0,3.0
artificial_intelligence,Digital_Life_Science_Technology,mad,05_mad_20260916_020520_273853.json,AG1,9,4.0,4.0
artificial_intelligence,Digital_Life_Science_Technology,mad,05_mad_20260916_020520_273853.json,AG1,10,3.0,3.0
artificial_intelligence,Digital_Life_Science_Technology,mad,05_mad_20260916_020520_273853.json,AG1,11,2.0,2.0
artificial_intelligence,Digital_Life_Science_Technology,mad,05_mad_20260916_020520_273853.json,AG1,12,3.0,3.0
artificial_intelligence,Digital_Life_Science_Technology,mad,05_mad_20260916_020520_273853.json,AG1,13,2.0,2.0
artificial_intelligence,Digital_Life_Science_Technology,mad,05_mad_20260916_020520_273853.json,AG1,14,2.0,2.0
artificial_intelligence,Digital_Life_Science_Technology,mad,05_mad_20260916_020520_273853.json,AG1,15,2.0,2.0
artificial_intelligence,Digital_Life_Science_Technology,mad,05_mad_20260916_020520_273853.json,AG1,16,3.0,3.0
artificial_intelligence,Digital_Life_Science_Technology,mad,05_mad_20260916_020520_273853.json,AG2,1,5.0,5.0
artificial_intelligence,Digital_Life_Science_Technology,mad,05_mad_20260916_020520_273853.json,AG2,2,2.0,2.0
artificial_intelligence,Digital_Life_Science_Technology,mad,05_mad_20260916_020520_273853.json,AG2,3,2.0,2.0
artificial_intelligence,Digital_Life_Science_Technology,mad,05_mad_20260916_020520_273853.json,AG2,4,2.0,2.0
artificial_intelligence,Digital_Life_Science_Technology,mad,05_mad_20260916_020520_273853.json,AG2,5,1.0,1.0
artificial_intelligence,Digital_Life_Science_Technology,mad,05_mad_20260916_020520_273853.json,AG2,6,4.0,4.0
artificial_intelligence,Digital_Life_Science_Technology,mad,05_mad_20260916_020520_273853.json,AG2,7,6.0,6.0
artificial_intelligence,Digital_Life_Science_Technology,mad,05_mad_20260916_020520_273853.json,AG2,8,4.0,4.0
artificial_intelligence,Digital_Life_Science_Technology,mad,05_mad_20260916_020520_273853.json,AG2,9,3.0,3.0
artificial_intelligence,Digital_Life_Science_Technology,mad,05_mad_20260916_020520_273853.json,AG2,10,3.0,3.0
artificial_intelligence,Digital_Life_Science_Technology,mad,05_mad_20260916_020520_273853.json,AG2,11,3.0,3.0
artificial_intelligence,Digital_Life_Science_Technology,mad,05_mad_20260916_020520_273853.json,AG2,12,3.0,3.0
artificial_intelligence,Digital_Life_Science_Technology,mad,05_mad_20260916_020520_273853.json,AG2,13,2.0,2.0
artificial_intelligence,Digital_Life_Science_Technology,mad,05_mad_20260916_020520_273853.json,AG2,14,2.0,2.0
artificial_intelligence,Digital_Life_Science_Technology,mad,05_mad_20260916_020520_273853.json,AG2,15,2.0,2.0
artificial_intelligence,Digital_Life_Science_Technology,mad,05_mad_20260916_020520_273853.json,AG2,16,2.0,2.0
artificial_intelligence,Digital_Life_Science_Technology,no_schema,05_no_schema_20260916_020546_160563.json,AG1,1,5.0,5.0
artificial_intelligence,Digital_Life_Science_Technology,no_schema,05_no_schema_20260916_020546_160563.json,AG1,2,4.0,4.0
artificial_intelligence,Digital_Life_Science_Technology,no_schema,05_no_schema_20260916_020546_160563.json,AG1,3,2.0,2.0
artificial_intelligence,Digital_Life_Science_Technology,no_schema,05_no_schema_20260916_020546_160563.json,AG1,4,5.0,5.0
artificial_intelligence,Digital_Life_Science_Technology,no_schema,05_no_schema_20260916_020546_160563.json,AG1,5,2.0,2.0
artificial_intelligence,Digital_Life_Science_Technology,no_schema,05_no_schema_20260916_020546_160563.json,AG1,6,5.0,5.0
artificial_intelligence,Digital_Life_Science_Technology,no_schema,05_no_schema_20260916_020546_160563.json,AG1,7,6.0,6.0
artificial_intelligence,Digital_Life_Science_Technology,no_schema,05_no_schema_20260916_020546_160563.json,AG1,8,4.0,4.0
artificial_intelligence,Digital_Life_Science_Technology,no_schema,05_no_schema_20260916_020546_160563.json,AG1,9,4.0,4.0
artificial_intelligence,Digital_Life_Science_Technology,no_schema,05_no_schema_20260916_020546_160563.json,AG1,10,4.0,4.0
artificial_intelligence,Digital_Life_Science_Technology,no_schema,05_no_schema_20260916_020546_160563.json,AG1,11,3.0,3.0
artificial_intelligence,Digital_Life_Science_Technology,no_schema,05_no_schema_20260916_020546_160563.json,AG1,12,4.0,4.0
artificial_intelligence,Digital_Life_Science_Technology,no_schema,05_no_schema_20260916_020546_160563.json,AG1,13,3.0,3.0
artificial_intelligence,Digital_Life_Science_Technology,no_schema,05_no_schema_20260916_020546_160563.json,AG1,14,4.0,4.0
artificial_intelligence,Digital_Life_Science_Technology,no_schema,05_no_schema_20260916_020546_160563.json,AG1,15,3.0,3.0
artificial_intelligence,Digital_Life_Science_Technology,no_schema,05_no_schema_20260916_020546_160563.json,AG1,16,4.0,4.0
artificial_intelligence,Digital_Life_Science_Technology,no_schema,05_no_schema_20260916_020546_160563.json,AG2,1,4.0,4.0
artificial_intelligence,Digital_Life_Science_Technology,no_schema,05_no_schema_20260916_020546_160563.json,AG2,2,5.0,5.0
artificial_intelligence,Digital_Life_Science_Technology,no_schema,05_no_schema_20260916_020546_160563.json,AG2,3,3.0,3.0
artificial_intelligence,Digital_Life_Science_Technology,no_schema,05_no_schema_20260916_020546_160563.json,AG2,4,4.0,4.0
artificial_intelligence,Digital_Life_Science_Technology,no_schema,05_no_schema_20260916_020546_160563.json,AG2,5,2.0,2.0
artificial_intelligence,Digital_Life_Science_Technology,no_schema,05_no_schema_20260916_020546_160563.json,AG2,6,4.0,4.0
artificial_intelligence,Digital_Life_Science_Technology,no_schema,05_no_schema_20260916_020546_160563.json,AG2,7,6.0,6.0
artificial_intelligence,Digital_Life_Science_Technology,no_schema,05_no_schema_20260916_020546_160563.json,AG2,8,2.0,2.0
artificial_intelligence,Digital_Life_Science_Technology,no_schema,05_no_schema_20260916_020546_160563.json,AG2,9,3.0,3.0
artificial_intelligence,Digital_Life_Science_Technology,no_schema,05_no_schema_20260916_020546_160563.json,AG2,10,4.0,4.0
artificial_intelligence,Digital_Life_Science_Technology,no_schema,05_no_schema_20260916_020546_160563.json,AG2,11,3.0,3.0
artificial_intelligence,Digital_Life_Science_Technology,no_schema,05_no_schema_20260916_020546_160563.json,AG2,12,3.0,3.0
artificial_intelligence,Digital_Life_Science_Technology,no_schema,05_no_schema_20260916_020546_160563.json,AG2,13,2.0,2.0
artificial_intelligence,Digital_Life_Science_Technology,no_schema,05_no_schema_20260916_020546_160563.json,AG2,14,2.0,2.0
artificial_intelligence,Digital_Life_Science_Technology,no_schema,05_no_schema_20260916_020546_160563.json,AG2,15,2.0,2.0
artificial_intelligence,Digital_Life_Science_Technology,no_schema,05_no_schema_20260916_020546_160563.json,AG2,16,3.0,3.0
artificial_intelligence,Digital_Life_Science_Technology,schema,05_schema_20260916_020813_700061.json,AG1,1,5.0,5.0
artificial_intelligence,Digital_Life_Science_Technology,schema,05_schema_20260916_020813_700061.json,AG1,2,3.0,3.0
artificial_intelligence,Digital_Life_Science_Technology,schema,05_schema_20260916_020813_700061.json,AG1,3,2.0,2.0
artificial_intelligence,Digital_Life_Science_Technology,schema,05_schema_20260916_020813_700061.json,AG1,4,4.0,4.0
artificial_intelligence,Digital_Life_Science_Technology,schema,05_schema_20260916_020813_700061.json,AG1,5,2.0,2.0
artificial_intelligence,Digital_Life_Science_Technology,schema,05_schema_20260916_020813_700061.json,AG1,6,4.0,4.0
artificial_intelligence,Digital_Life_Science_Technology,schema,05_schema_20260916_020813_700061.json,AG1,7,5.0,5.0
artificial_intelligence,Digital_Life_Science_Technology,schema,05_schema_20260916_020813_700061.json,AG1,8,4.0,4.0
artificial_intelligence,Digital_Life_Science_Technology,schema,05_schema_20260916_020813_700061.json,AG1,9,2.0,2.0
artificial_intelligence,Digital_Life_Science_Technology,schema,05_schema_20260916_020813_700061.json,AG1,10,3.0,3.0
artificial_intelligence,Digital_Life_Science_Technology,schema,05_schema_20260916_020813_700061.json,AG1,11,4.0,4.0
artificial_intelligence,Digital_Life_Science_Technology,schema,05_schema_20260916_020813_700061.json,AG1,12,2.0,2.0
artificial_intelligence,Digital_Life_Science_Technology,schema,05_schema_20260916_020813_700061.json,AG1,13,3.0,3.0
artificial_intelligence,Digital_Life_Science_Technology,schema,05_schema_20260916_020813_700061.json,AG1,14,3.0,3.0
artificial_intelligence,Digital_Life_Science_Technology,schema,05_schema_20260916_020813_700061.json,AG1,15,2.0,2.0
artificial_intelligence,Digital_Life_Science_Technology,schema,05_schema_20260916_020813_700061.json,AG1,16,3.0,3.0
artificial_intelligence,Digital_Life_Science_Technology,schema,05_schema_20260916_020813_700061.json,AG2,1,6.0,6.0
artificial_intelligence,Digital_Life_Science_Technology,schema,05_schema_20260916_020813_700061.json,AG2,2,3.0,3.0
artificial_intelligence,Digital_Life_Science_Technology,schema,05_schema_20260916_020813_700061.json,AG2,3,2.0,2.0
artificial_intelligence,Digital_Life_Science_Technology,schema,05_schema_20260916_020813_700061.json,AG2,4,4.0,4.0
artificial_intelligence,Digital_Life_Science_Technology,schema,05_schema_20260916_020813_700061.json,AG2,5,2.0,2.0
artificial_intelligence,Digital_Life_Science_Technology,schema,05_schema_20260916_020813_700061.json,AG2,6,4.0,4.0
artificial_intelligence,Digital_Life_Science_Technology,schema,05_schema_20260916_020813_700061.json,AG2,7,6.0,6.0
artificial_intelligence,Digital_Life_Science_Technology,schema,05_schema_20260916_020813_700061.json,AG2,8,2.0,2.0
artificial_intelligence,Digital_Life_Science_Technology,schema,05_schema_20260916_020813_700061.json,AG2,9,2.0,2.0
artificial_intelligence,Digital_Life_Science_Technology,schema,05_schema_20260916_020813_700061.json,AG2,10,3.0,3.0
artificial_intelligence,Digital_Life_Science_Technology,schema,05_schema_20260916_020813_700061.json,AG2,11,3.0,3.0
artificial_intelligence,Digital_Life_Science_Technology,schema,05_schema_20260916_020813_700061.json,AG2,12,2.0,2.0
artificial_intelligence,Digital_Life_Science_Technology,schema,05_schema_20260916_020813_700061.json,AG2,13,2.0,2.0
artificial_intelligence,Digital_Life_Science_Technology,schema,05_schema_20260916_020813_700061.json,AG2,14,2.0,2.0
artificial_intelligence,Digital_Life_Science_Technology,schema,05_schema_20260916_020813_700061.json,AG2,15,2.0,2.0
artificial_intelligence,Digital_Life_Science_Technology,schema,05_schema_20260916_020813_700061.json,AG2,16,3.0,3.0
election_day,Elections_Presidents,free_debate,01_free_debate_20260916_020936_789406.json,AG1,1,6.0,6.0
election_day,Elections_Presidents,free_debate,01_free_debate_20260916_020936_789406.json,AG1,2,4.0,4.0
election_day,Elections_Presidents,free_debate,01_free_debate_20260916_020936_789406.json,AG1,3,2.0,2.0
election_day,Elections_Presidents,free_debate,01_free_debate_20260916_020936_789406.json,AG1,4,3.0,3.0
election_day,Elections_Presidents,free_debate,01_free_debate_20260916_020936_789406.json,AG1,5,2.0,2.0
election_day,Elections_Presidents,free_debate,01_free_debate_20260916_020936_789406.json,AG1,6,4.0,4.0
election_day,Elections_Presidents,free_debate,01_free_debate_20260916_020936_789406.json,AG1,7,6.0,6.0
election_day,Elections_Presidents,free_debate,01_free_debate_20260916_020936_789406.json,AG1,8,4.0,4.0
election_day,Elections_Presidents,free_debate,01_free_debate_20260916_020936_789406.json,AG1,9,3.0,3.0
election_day,Elections_Presidents,free_debate,01_free_debate_20260916_020936_789406.json,AG1,10,4.0,4.0
election_day,Elections_Presidents,free_debate,01_free_debate_20260916_020936_789406.json,AG1,11,3.0,3.0
election_day,Elections_Presidents,free_debate,01_free_debate_20260916_020936_789406.json,AG1,12,3.0,3.0
election_day,Elections_Presidents,free_debate,01_free_debate_20260916_020936_789406.json,AG1,13,4.0,4.0
election_day,Elections_Presidents,free_debate,01_free_debate_20260916_020936_789406.json,AG1,14,3.0,3.0
election_day,Elections_Presidents,free_debate,01_free_debate_20260916_020936_789406.json,AG1,15,4.0,4.0
election_day,Elections_Presidents,free_debate,01_free_debate_20260916_020936_789406.json,AG1,16,4.0,4.0
election_day,Elections_Presidents,free_debate,01_free_debate_20260916_020936_789406.json,AG2,1,6.0,6.0
election_day,Elections_Presidents,free_debate,01_free_debate_20260916_020936_789406.json,AG2,2,5.0,5.0
election_day,Elections_Presidents,free_debate,01_free_debate_20260916_020936_789406.json,AG2,3,2.0,2.0
election_day,Elections_Presidents,free_debate,01_free_debate_20260916_020936_789406.json,AG2,4,6.0,6.0
election_day,Elections_Presidents,free_debate,01_free_debate_20260916_020936_789406.json,AG2,5,2.0,2.0
election_day,Elections_Presidents,free_debate,01_free_debate_20260916_020936_789406.json,AG2,6,4.0,4.0
election_day,Elections_Presidents,free_debate,01_free_debate_20260916_020936_789406.json,AG2,7,6.0,6.0
election_day,Elections_Presidents,free_debate,01_free_debate_20260916_020936_789406.json,AG2,8,4.0,4.0
election_day,Elections_Presidents,free_debate,01_free_debate_20260916_020936_789406.json,AG2,9,4.0,4.0
election_day,Elections_Presidents,free_debate,01_free_debate_20260916_020936_789406.json,AG2,10,4.0,4.0
election_day,Elections_Presidents,free_debate,01_free_debate_20260916_020936_789406.json,AG2,11,4.0,4.0
election_day,Elections_Presidents,free_debate,01_free_debate_20260916_020936_789406.json,AG2,12,4.0,4.0
election_day,Elections_Presidents,free_debate,01_free_debate_20260916_020936_789406.json,AG2,13,3.0,3.0
election_day,Elections_Presidents,free_debate,01_free_debate_20260916_020936_789406.json,AG2,14,3.0,3.0
election_day,Elections_Presidents,free_debate,01_free_debate_20260916_020936_789406.json,AG2,15,4.0,4.0
election_day,Elections_Presidents,free_debate,01_free_debate_20260916_020936_789406.json,AG2,16,4.0,4.0
election_day,Elections_Presidents,mad,01_mad_20260916_020922_785757.json,AG1,1,6.0,6.0
election_day,Elections_Presidents,mad,01_mad_20260916_020922_785757.json,AG1,2,6.0,6.0
election_day,Elections_Presidents,mad,01_mad_20260916_020922_785757.json,AG1,3,2.0,2.0
election_day,Elections_Presidents,mad,01_mad_20260916_020922_785757.json,AG1,4,6.0,6.0
election_day,Elections_Presidents,mad,01_mad_20260916_020922_785757.json,AG1,5,1.0,1.0
election_day,Elections_Presidents,mad,01_mad_20260916_020922_785757.json,AG1,6,4.0,4.0
election_day,Elections_Presidents,mad,01_mad_20260916_020922_785757.json,AG1,7,6.0,6.0
election_day,Elections_Presidents,mad,01_mad_20260916_020922_785757.json,AG1,8,4.0,4.0
election_day,Elections_Presidents,mad,01_mad_20260916_020922_785757.json,AG1,9,3.0,3.0
election_day,Elections_Presidents,mad,01_mad_20260916_020922_785757.json,AG1,10,3.0,3.0
election_day,Elections_Presidents,mad,01_mad_20260916_020922_785757.json,AG1,11,4.0,4.0
election_day,Elections_Presidents,mad,01_mad_20260916_020922_785757.json,AG1,12,3.0,3.0
election_day,Elections_Presidents,mad,01_mad_20260916_020922_785757.json,AG1,13,3.0,3.0
election_day,Elections_Presidents,mad,01_mad_20260916_020922_785757.json,AG1,14,2.0,2.0
election_day,Elections_Presidents,mad,01_mad_20260916_020922_785757.json,AG1,15,2.0,2.0
election_day,Elections_Presidents,mad,01_mad_20260916_020922_785757.json,AG1,16,3.0,3.0
election_day,Elections_Presidents,mad,01_mad_20260916_020922_785757.json,AG2,1,5.0,5.0
election_day,Elections_Presidents,mad,01_mad_20260916_020922_785757.json,AG2,2,3.0,3.0
election_day,Elections_Presidents,mad,01_mad_20260916_020922_785757.json,AG2,3,2.0,2.0
election_day,Elections_Presidents,mad,01_mad_20260916_020922_785757.json,AG2,4,5.0,5.0
election_day,Elections_Presidents,mad,01_mad_20260916_020922_785757.json,AG2,5,2.0,2.0
election_day,Elections_Presidents,mad,01_mad_20260916_020922_785757.json,AG2,6,4.0,4.0
election_day,Elections_Presidents,mad,01_mad_20260916_020922_785757.json,AG2,7,6.0,6.0
election_day,Elections_Presidents,mad,01_mad_20260916_020922_785757.json,AG2,8,4.0,4.0
election_day,Elections_Presidents,mad,01_mad_20260916_020922_785757.json,AG2,9,4.0,4.0
election_day,Elections_Presidents,mad,01_mad_20260916_020922_785757.json,AG2,10,4.0,4.0
election_day,Elections_Presidents,mad,01_mad_20260916_020922_785757.json,AG2,11,3.0,3.0
election_day,Elections_Presidents,mad,01_mad_20260916_020922_785757.json,AG2,12,4.0,4.0
election_day,Elections_Presidents,mad,01_mad_20260916_020922_785757.json,AG2,13,3.0,3.0
election_day,Elections_Presidents,mad,01_mad_20260916_020922_785757.json,AG2,14,3.0,3.0
election_day,Elections_Presidents,mad,01_mad_20260916_020922_785757.json,AG2,15,3.0,3.0
election_day,Elections_Presidents,mad,01_mad_20260916_020922_785757.json,AG2,16,3.0,3.0
election_day,Elections_Presidents,no_schema,01_no_schema_20260916_020945_772641.json,AG1,1,5.0,5.0
election_day,Elections_Presidents,no_schema,01_no_schema_20260916_020945_772641.json,AG1,2,4.0,4.0
election_day,Elections_Presidents,no_schema,01_no_schema_20260916_020945_772641.json,AG1,3,2.0,2.0
election_day,Elections_Presidents,no_schema,01_no_schema_20260916_020945_772641.json,AG1,4,5.0,5.0
election_day,Elections_Presidents,no_schema,01_no_schema_20260916_020945_772641.json,AG1,5,2.0,2.0
election_day,Elections_Presidents,no_schema,01_no_schema_20260916_020945_772641.json,AG1,6,5.0,5.0
election_day,Elections_Presidents,no_schema,01_no_schema_20260916_020945_772641.json,AG1,7,5.0,5.0
election_day,Elections_Presidents,no_schema,01_no_schema_20260916_020945_772641.json,AG1,8,5.0,5.0
election_day,Elections_Presidents,no_schema,01_no_schema_20260916_020945_772641.json,AG1,9,3.0,3.0
election_day,Elections_Presidents,no_schema,01_no_schema_20260916_020945_772641.json,AG1,10,4.0,4.0
election_day,Elections_Presidents,no_schema,01_no_schema_20260916_020945_772641.json,AG1,11,4.0,4.0
election_day,Elections_Presidents,no_schema,01_no_schema_20260916_020945_772641.json,AG1,12,4.0,4.0
election_day,Elections_Presidents,no_schema,01_no_schema_20260916_020945_772641.json,AG1,13,4.0,4.0
election_day,Elections_Presidents,no_schema,01_no_schema_20260916_020945_772641.json,AG1,14,4.0,4.0
election_day,Elections_Presidents,no_schema,01_no_schema_20260916_020945_772641.json,AG1,15,4.0,4.0
election_day,Elections_Presidents,no_schema,01_no_schema_20260916_020945_772641.json,AG1,16,4.0,4.0
election_day,Elections_Presidents,no_schema,01_no_schema_20260916_020945_772641.json,AG2,1,4.0,4.0
election_day,Elections_Presidents,no_schema,01_no_schema_20260916_020945_772641.json,AG2,2,3.0,3.0
election_day,Elections_Presidents,no_schema,01_no_schema_20260916_020945_772641.json,AG2,3,3.0,3.0
election_day,Elections_Presidents,no_schema,01_no_schema_20260916_020945_772641.json,AG2,4,4.0,4.0
election_day,Elections_Presidents,no_schema,01_no_schema_20260916_020945_772641.json,AG2,5,3.0,3.0
election_day,Elections_Presidents,no_schema,01_no_schema_20260916_020945_772641.json,AG2,6,4.0,4.0
election_day,Elections_Presidents,no_schema,01_no_schema_20260916_020945_772641.json,AG2,7,5.0,5.0
election_day,Elections_Presidents,no_schema,01_no_schema_20260916_020945_772641.json,AG2,8,4.0,4.0
election_day,Elections_Presidents,no_schema,01_no_schema_20260916_020945_772641.json,AG2,9,4.0,4.0
election_day,Elections_Presidents,no_schema,01_no_schema_20260916_020945_772641.json,AG2,10,4.0,4.0
election_day,Elections_Presidents,no_schema,01_no_schema_20260916_020945_772641.json,AG2,11,3.0,3.0
election_day,Elections_Presidents,no_schema,01_no_schema_20260916_020945_772641.json,AG2,12,4.0,4.0
election_day,Elections_Presidents,no_schema,01_no_schema_20260916_020945_772641.json,AG2,13,4.0,4.0
election_day,Elections_Presidents,no_schema,01_no_schema_20260916_020945_772641.json,AG2,14,3.0,3.0
election_day,Elections_Presidents,no_schema,01_no_schema_20260916_020945_772641.json,AG2,15,3.0,3.0
election_day,Elections_Presidents,no_schema,01_no_schema_20260916_020945_772641.json,AG2,16,4.0,4.0
election_day,Elections_Presidents,schema,01_schema_20260916_021121_537575.json,AG1,1,3.0,3.0
election_day,Elections_Presidents,schema,01_schema_20260916_021121_537575.json,AG1,2,2.0,2.0
election_day,Elections_Presidents,schema,01_schema_20260916_021121_537575.json,AG1,3,3.0,3.0
election_day,Elections_Presidents,schema,01_schema_20260916_021121_537575.json,AG1,4,3.0,3.0
election_day,Elections_Presidents,schema,01_schema_20260916_021121_537575.json,AG1,5,2.0,2.0
election_day,Elections_Presidents,schema,01_schema_20260916_021121_537575.json,AG1,6,4.0,4.0
election_day,Elections_Presidents,schema,01_schema_20260916_021121_537575.json,AG1,7,3.0,3.0
election_day,Elections_Presidents,schema,01_schema_20260916_021121_537575.json,AG1,8,3.0,3.0
election_day,Elections_Presidents,schema,01_schema_20260916_021121_537575.json,AG1,9,2.0,2.0
election_day,Elections_Presidents,schema,01_schema_20260916_021121_537575.json,AG1,10,3.0,3.0
election_day,Elections_Presidents,schema,01_schema_20260916_021121_537575.json,AG1,11,3.0,3.0
election_day,Elections_Presidents,schema,01_schema_20260916_021121_537575.json,AG1,12,2.0,2.0
election_day,Elections_Presidents,schema,01_schema_20260916_021121_537575.json,AG1,13,4.0,4.0
election_day,Elections_Presidents,schema,01_schema_20260916_021121_537575.json,AG1,14,3.0,3.0
election_day,Elections_Presidents,schema,01_schema_20260916_021121_537575.json,AG1,15,3.0,3.0
election_day,Elections_Presidents,schema,01_schema_20260916_021121_537575.json,AG1,16,3.0,3.0
election_day,Elections_Presidents,schema,01_schema_20260916_021121_537575.json,AG2,1,4.0,4.0
election_day,Elections_Presidents,schema,01_schema_20260916_021121_537575.json,AG2,2,4.0,4.0
election_day,Elections_Presidents,schema,01_schema_20260916_021121_537575.json,AG2,3,2.0,2.0
election_day,Elections_Presidents,schema,01_schema_20260916_021121_537575.json,AG2,4,4.0,4.0
election_day,Elections_Presidents,schema,01_schema_20260916_021121_537575.json,AG2,5,2.0,2.0
election_day,Elections_Presidents,schema,01_schema_20260916_021121_537575.json,AG2,6,4.0,4.0
election_day,Elections_Presidents,schema,01_schema_20260916_021121_537575.json,AG2,7,5.0,5.0
election_day,Elections_Presidents,schema,01_schema_20260916_021121_537575.json,AG2,8,4.0,4.0
election_day,Elections_Presidents,schema,01_schema_20260916_021121_537575.json,AG2,9,3.0,3.0
election_day,Elections_Presidents,schema,01_schema_20260916_021121_537575.json,AG2,10,3.0,3.0
election_day,Elections_Presidents,schema,01_schema_20260916_021121_537575.json,AG2,11,4.0,4.0
election_day,Elections_Presidents,schema,01_schema_20260916_021121_537575.json,AG2,12,3.0,3.0
election_day,Elections_Presidents,schema,01_schema_20260916_021121_537575.json,AG2,13,3.0,3.0
election_day,Elections_Presidents,schema,01_schema_20260916_021121_537575.json,AG2,14,3.0,3.0
election_day,Elections_Presidents,schema,01_schema_20260916_021121_537575.json,AG2,15,3.0,3.0
election_day,Elections_Presidents,schema,01_schema_20260916_021121_537575.json,AG2,16,4.0,4.0
election_day,Elections_Presidents,free_debate,02_free_debate_20260916_021018_801328.json,AG1,1,5.0,5.0
election_day,Elections_Presidents,free_debate,02_free_debate_20260916_021018_801328.json,AG1,2,4.0,4.0
election_day,Elections_Presidents,free_debate,02_free_debate_20260916_021018_801328.json,AG1,3,2.0,2.0
election_day,Elections_Presidents,free_debate,02_free_debate_20260916_021018_801328.json,AG1,4,5.0,5.0
election_day,Elections_Presidents,free_debate,02_free_debate_20260916_021018_801328.json,AG1,5,2.0,2.0
election_day,Elections_Presidents,free_debate,02_free_debate_20260916_021018_801328.json,AG1,6,4.0,4.0
election_day,Elections_Presidents,free_debate,02_free_debate_20260916_021018_801328.json,AG1,7,6.0,6.0
election_day,Elections_Presidents,free_debate,02_free_debate_20260916_021018_801328.json,AG1,8,4.0,4.0
election_day,Elections_Presidents,free_debate,02_free_debate_20260916_021018_801328.json,AG1,9,3.0,3.0
election_day,Elections_Presidents,free_debate,02_free_debate_20260916_021018_801328.json,AG1,10,4.0,4.0
election_day,Elections_Presidents,free_debate,02_free_debate_20260916_021018_801328.json,AG1,11,4.0,4.0
election_day,Elections_Presidents,free_debate,02_free_debate_20260916_021018_801328.json,AG1,12,4.0,4.0
election_day,Elections_Presidents,free_debate,02_free_debate_20260916_021018_801328.json,AG1,13,4.0,4.0
election_day,Elections_Presidents,free_debate,02_free_debate_20260916_021018_801328.json,AG1,14,4.0,4.0
election_day,Elections_Presidents,free_debate,02_free_debate_20260916_021018_801328.json,AG1,15,4.0,4.0
election_day,Elections_Presidents,free_debate,02_free_debate_20260916_021018_801328.json,AG1,16,4.0,4.0
election_day,Elections_Presidents,free_debate,02_free_debate_20260916_021018_801328.json,AG2,1,3.0,3.0
election_day,Elections_Presidents,free_debate,02_free_debate_20260916_021018_801328.json,AG2,2,3.0,3.0
election_day,Elections_Presidents,free_debate,02_free_debate_20260916_021018_801328.json,AG2,3,2.0,2.0
election_day,Elections_Presidents,free_debate,02_free_debate_20260916_021018_801328.json,AG2,4,4.0,4.0
election_day,Elections_Presidents,free_debate,02_free_debate_20260916_021018_801328.json,AG2,5,2.0,2.0
election_day,Elections_Presidents,free_debate,02_free_debate_20260916_021018_801328.json,AG2,6,4.0,4.0
election_day,Elections_Presidents,free_debate,02_free_debate_20260916_021018_801328.json,AG2,7,4.0,4.0
election_day,Elections_Presidents,free_debate,02_free_debate_20260916_021018_801328.json,AG2,8,3.0,3.0
election_day,Elections_Presidents,free_debate,02_free_debate_20260916_021018_801328.json,AG2,9,3.0,3.0
election_day,Elections_Presidents,free_debate,02_free_debate_20260916_021018_801328.json,AG2,10,4.0,4.0
election_day,Elections_Presidents,free_debate,02_free_debate_20260916_021018_801328.json,AG2,11,3.0,3.0
election_day,Elections_Presidents,free_debate,02_free_debate_20260916_021018_801328.json,AG2,12,3.0,3.0
election_day,Elections_Presidents,free_debate,02_free_debate_20260916_021018_801328.json,AG2,13,4.0,4.0
election_day,Elections_Presidents,free_debate,02_free_debate_20260916_021018_801328.json,AG2,14,4.0,4.0
election_day,Elections_Presidents,free_debate,02_free_debate_20260916_021018_801328.json,AG2,15,4.0,4.0
election_day,Elections_Presidents,free_debate,02_free_debate_20260916_021018_801328.json,AG2,16,4.0,4.0
election_day,Elections_Presidents,mad,02_mad_20260916_020958_032547.json,AG1,1,4.0,4.0
election_day,Elections_Presidents,mad,02_mad_20260916_020958_032547.json,AG1,2,4.0,4.0
election_day,Elections_Presidents,mad,02_mad_20260916_020958_032547.json,AG1,3,2.0,2.0
election_day,Elections_Presidents,mad,02_mad_20260916_020958_032547.json,AG1,4,5.0,5.0
election_day,Elections_Presidents,mad,02_mad_20260916_020958_032547.json,AG1,5,2.0,2.0
election_day,Elections_Presidents,mad,02_mad_20260916_020958_032547.json,AG1,6,4.0,4.0
election_day,Elections_Presidents,mad,02_mad_20260916_020958_032547.json,AG1,7,6.0,6.0
election_day,Elections_Presidents,mad,02_mad_20260916_020958_032547.json,AG1,8,4.0,4.0
election_day,Elections_Presidents,mad,02_mad_20260916_020958_032547.json,AG1,9,3.0,3.0
election_day,Elections_Presidents,mad,02_mad_20260916_020958_032547.json,AG1,10,3.0,3.0
election_day,Elections_Presidents,mad,02_mad_20260916_020958_032547.json,AG1,11,3.0,3.0
election_day,Elections_Presidents,mad,02_mad_20260916_020958_032547.json,AG1,12,2.0,2.0
election_day,Elections_Presidents,mad,02_mad_20260916_020958_032547.json,AG1,13,3.0,3.0
election_day,Elections_Presidents,mad,02_mad_20260916_020958_032547.json,AG1,14,3.0,3.0
election_day,Elections_Presidents,mad,02_mad_20260916_020958_032547.json,AG1,15,3.0,3.0
election_day,Elections_Presidents,mad,02_mad_20260916_020958_032547.json,AG1,16,3.0,3.0
election_day,Elections_Presidents,mad,02_mad_20260916_020958_032547.json,AG2,1,6.0,6.0
election_day,Elections_Presidents,mad,02_mad_20260916_020958_032547.json,AG2,2,5.0,5.0
election_day,Elections_Presidents,mad,02_mad_20260916_020958_032547.json,AG2,3,2.0,2.0
election_day,Elections_Presidents,mad,02_mad_20260916_020958_032547.json,AG2,4,6.0,6.0
election_day,Elections_Presidents,mad,02_mad_20260916_020958_032547.json,AG2,5,2.0,2.0
election_day,Elections_Presidents,mad,02_mad_20260916_020958_032547.json,AG2,6,4.0,4.0
election_day,Elections_Presidents,mad,02_mad_20260916_020958_032547.json,AG2,7,6.0,6.0
election_day,Elections_Presidents,mad,02_mad_20260916_020958_032547.json,AG2,8,4.0,4.0
election_day,Elections_Presidents,mad,02_mad_20260916_020958_032547.json,AG2,9,3.0,3.0
election_day,Elections_Presidents,mad,02_mad_20260916_020958_032547.json,AG2,10,3.0,3.0
election_day,Elections_Presidents,mad,02_mad_20260916_020958_032547.json,AG2,11,4.0,4.0
election_day,Elections_Presidents,mad,02_mad_20260916_020958_032547.json,AG2,12,3.0,3.0
election_day,Elections_Presidents,mad,02_mad_20260916_020958_032547.json,AG2,13,4.0,4.0
election_day,Elections_Presidents,mad,02_mad_20260916_020958_032547.json,AG2,14,3.0,3.0
election_day,Elections_Presidents,mad,02_mad_20260916_020958_032547.json,AG2,15,3.0,3.0
election_day,Elections_Presidents,mad,02_mad_20260916_020958_032547.json,AG2,16,3.0,3.0
election_day,Elections_Presidents,no_schema,02_no_schema_20260916_020939_932578.json,AG1,1,6.0,6.0
election_day,Elections_Presidents,no_schema,02_no_schema_20260916_020939_932578.json,AG1,2,5.0,5.0
election_day,Elections_Presidents,no_schema,02_no_schema_20260916_020939_932578.json,AG1,3,1.0,1.0
election_day,Elections_Presidents,no_schema,02_no_schema_20260916_020939_932578.json,AG1,4,5.0,5.0
election_day,Elections_Presidents,no_schema,02_no_schema_20260916_020939_932578.json,AG1,5,2.0,2.0
election_day,Elections_Presidents,no_schema,02_no_schema_20260916_020939_932578.json,AG1,6,4.0,4.0
election_day,Elections_Presidents,no_schema,02_no_schema_20260916_020939_932578.json,AG1,7,6.0,6.0
election_day,Elections_Presidents,no_schema,02_no_schema_20260916_020939_932578.json,AG1,8,7.0,7.0
election_day,Elections_Presidents,no_schema,02_no_schema_20260916_020939_932578.json,AG1,9,3.0,3.0
election_day,Elections_Presidents,no_schema,02_no_schema_20260916_020939_932578.json,AG1,10,4.0,4.0
election_day,Elections_Presidents,no_schema,02_no_schema_20260916_020939_932578.json,AG1,11,6.0,6.0
election_day,Elections_Presidents,no_schema,02_no_schema_20260916_020939_932578.json,AG1,12,3.0,3.0
election_day,Elections_Presidents,no_schema,02_no_schema_20260916_020939_932578.json,AG1,13,4.0,4.0
election_day,Elections_Presidents,no_schema,02_no_schema_20260916_020939_932578.json,AG1,14,4.0,4.0
election_day,Elections_Presidents,no_schema,02_no_schema_20260916_020939_932578.json,AG1,15,3.0,3.0
election_day,Elections_Presidents,no_schema,02_no_schema_20260916_020939_932578.json,AG1,16,4.0,4.0
election_day,Elections_Presidents,no_schema,02_no_schema_20260916_020939_932578.json,AG2,1,2.0,2.0
election_day,Elections_Presidents,no_schema,02_no_schema_20260916_020939_932578.json,AG2,2,1.0,1.0
election_day,Elections_Presidents,no_schema,02_no_schema_20260916_020939_932578.json,AG2,3,3.0,3.0
election_day,Elections_Presidents,no_schema,02_no_schema_20260916_020939_932578.json,AG2,4,2.0,2.0
election_day,Elections_Presidents,no_schema,02_no_schema_20260916_020939_932578.json,AG2,5,2.0,2.0
election_day,Elections_Presidents,no_schema,02_no_schema_20260916_020939_932578.json,AG2,6,3.0,3.0
election_day,Elections_Presidents,no_schema,02_no_schema_20260916_020939_932578.json,AG2,7,2.0,2.0
election_day,Elections_Presidents,no_schema,02_no_schema_20260916_020939_932578.json,AG2,8,2.0,2.0
election_day,Elections_Presidents,no_schema,02_no_schema_20260916_020939_932578.json,AG2,9,2.0,2.0
election_day,Elections_Presidents,no_schema,02_no_schema_20260916_020939_932578.json,AG2,10,2.0,2.0
election_day,Elections_Presidents,no_schema,02_no_schema_20260916_020939_932578.json,AG2,11,1.0,1.0
election_day,Elections_Presidents,no_schema,02_no_schema_20260916_020939_932578.json,AG2,12,2.0,2.0
election_day,Elections_Presidents,no_schema,02_no_schema_20260916_020939_932578.json,AG2,13,3.0,3.0
election_day,Elections_Presidents,no_schema,02_no_schema_20260916_020939_932578.json,AG2,14,2.0,2.0
election_day,Elections_Presidents,no_schema,02_no_schema_20260916_020939_932578.json,AG2,15,2.0,2.0
election_day,Elections_Presidents,no_schema,02_no_schema_20260916_020939_932578.json,AG2,16,2.0,2.0
election_day,Elections_Presidents,schema,02_schema_20260916_021256_160130.json,AG1,1,5.0,5.0
election_day,Elections_Presidents,schema,02_schema_20260916_021256_160130.json,AG1,2,4.0,4.0
election_day,Elections_Presidents,schema,02_schema_20260916_021256_160130.json,AG1,3,2.0,2.0
election_day,Elections_Presidents,schema,02_schema_20260916_021256_160130.json,AG1,4,4.0,4.0
election_day,Elections_Presidents,schema,02_schema_20260916_021256_160130.json,AG1,5,2.0,2.0
election_day,Elections_Presidents,schema,02_schema_20260916_021256_160130.json,AG1,6,4.0,4.0
election_day,Elections_Presidents,schema,02_schema_20260916_021256_160130.json,AG1,7,5.0,5.0
election_day,Elections_Presidents,schema,02_schema_20260916_021256_160130.json,AG1,8,4.0,4.0
election_day,Elections_Presidents,schema,02_schema_20260916_021256_160130.json,AG1,9,3.0,3.0
election_day,Elections_Presidents,schema,02_schema_20260916_021256_160130.json,AG1,10,4.0,4.0
election_day,Elections_Presidents,schema,02_schema_20260916_021256_160130.json,AG1,11,4.0,4.0
election_day,Elections_Presidents,schema,02_schema_20260916_021256_160130.json,AG1,12,3.0,3.0
election_day,Elections_Presidents,schema,02_schema_20260916_021256_160130.json,AG1,13,3.0,3.0
election_day,Elections_Presidents,schema,02_schema_20260916_021256_160130.json,AG1,14,3.0,3.0
election_day,Elections_Presidents,schema,02_schema_20260916_021256_160130.json,AG1,15,3.0,3.0
election_day,Elections_Presidents,schema,02_schema_20260916_021256_160130.json,AG1,16,4.0,4.0
election_day,Elections_Presidents,schema,02_schema_20260916_021256_160130.json,AG2,1,3.0,3.0
election_day,Elections_Presidents,schema,02_schema_20260916_021256_160130.json,AG2,2,3.0,3.0
election_day,Elections_Presidents,schema,02_schema_20260916_021256_160130.json,AG2,3,3.0,3.0
election_day,Elections_Presidents,schema,02_schema_20260916_021256_160130.json,AG2,4,3.0,3.0
election_day,Elections_Presidents,schema,02_schema_20260916_021256_160130.json,AG2,5,2.0,2.0
election_day,Elections_Presidents,schema,02_schema_20260916_021256_160130.json,AG2,6,4.0,4.0
election_day,Elections_Presidents,schema,02_schema_20260916_021256_160130.json,AG2,7,4.0,4.0
election_day,Elections_Presidents,schema,02_schema_20260916_021256_160130.json,AG2,8,3.0,3.0
election_day,Elections_Presidents,schema,02_schema_20260916_021256_160130.json,AG2,9,3.0,3.0
election_day,Elections_Presidents,schema,02_schema_20260916_021256_160130.json,AG2,10,3.0,3.0
election_day,Elections_Presidents,schema,02_schema_20260916_021256_160130.json,AG2,11,2.0,2.0
election_day,Elections_Presidents,schema,02_schema_20260916_021256_160130.json,AG2,12,3.0,3.0
election_day,Elections_Presidents,schema,02_schema_20260916_021256_160130.json,AG2,13,4.0,4.0
election_day,Elections_Presidents,schema,02_schema_20260916_021256_160130.json,AG2,14,3.0,3.0
election_day,Elections_Presidents,schema,02_schema_20260916_021256_160130.json,AG2,15,3.0,3.0
election_day,Elections_Presidents,schema,02_schema_20260916_021256_160130.json,AG2,16,4.0,4.0
election_day,Elections_Presidents,free_debate,03_free_debate_20260916_021042_207176.json,AG1,1,5.0,5.0
election_day,Elections_Presidents,free_debate,03_free_debate_20260916_021042_207176.json,AG1,2,4.0,4.0
election_day,Elections_Presidents,free_debate,03_free_debate_20260916_021042_207176.json,AG1,3,2.0,2.0
election_day,Elections_Presidents,free_debate,03_free_debate_20260916_021042_207176.json,AG1,4,6.0,6.0
election_day,Elections_Presidents,free_debate,03_free_debate_20260916_021042_207176.json,AG1,5,2.0,2.0
election_day,Elections_Presidents,free_debate,03_free_debate_20260916_021042_207176.json,AG1,6,4.0,4.0
election_day,Elections_Presidents,free_debate,03_free_debate_20260916_021042_207176.json,AG1,7,6.0,6.0
election_day,Elections_Presidents,free_debate,03_free_debate_20260916_021042_207176.json,AG1,8,5.0,5.0
election_day,Elections_Presidents,free_debate,03_free_debate_20260916_021042_207176.json,AG1,9,3.0,3.0
election_day,Elections_Presidents,free_debate,03_free_debate_20260916_021042_207176.json,AG1,10,4.0,4.0
election_day,Elections_Presidents,free_debate,03_free_debate_20260916_021042_207176.json,AG1,11,3.0,3.0
election_day,Elections_Presidents,free_debate,03_free_debate_20260916_021042_207176.json,AG1,12,4.0,4.0
election_day,Elections_Presidents,free_debate,03_free_debate_20260916_021042_207176.json,AG1,13,4.0,4.0
election_day,Elections_Presidents,free_debate,03_free_debate_20260916_021042_207176.json,AG1,14,4.0,4.0
election_day,Elections_Presidents,free_debate,03_free_debate_20260916_021042_207176.json,AG1,15,3.0,3.0
election_day,Elections_Presidents,free_debate,03_free_debate_20260916_021042_207176.json,AG1,16,4.0,4.0
election_day,Elections_Presidents,free_debate,03_free_debate_20260916_021042_207176.json,AG2,1,2.0,2.0
election_day,Elections_Presidents,free_debate,03_free_debate_20260916_021042_207176.json,AG2,2,2.0,2.0
election_day,Elections_Presidents,free_debate,03_free_debate_20260916_021042_207176.json,AG2,3,3.0,3.0
election_day,Elections_Presidents,free_debate,03_free_debate_20260916_021042_207176.json,AG2,4,3.0,3.0
election_day,Elections_Presidents,free_debate,03_free_debate_20260916_021042_207176.json,AG2,5,3.0,3.0
election_day,Elections_Presidents,free_debate,03_free_debate_20260916_021042_207176.json,AG2,6,4.0,4.0
election_day,Elections_Presidents,free_debate,03_free_debate_20260916_021042_207176.json,AG2,7,2.0,2.0
election_day,Elections_Presidents,free_debate,03_free_debate_20260916_021042_207176.json,AG2,8,3.0,3.0
election_day,Elections_Presidents,free_debate,03_free_debate_20260916_021042_207176.json,AG2,9,5.0,5.0
election_day,Elections_Presidents,free_debate,03_free_debate_20260916_021042_207176.json,AG2,10,4.0,4.0
election_day,Elections_Presidents,free_debate,03_free_debate_20260916_021042_207176.json,AG2,11,3.0,3.0
election_day,Elections_Presidents,free_debate,03_free_debate_20260916_021042_207176.json,AG2,12,5.0,5.0
election_day,Elections_Presidents,free_debate,03_free_debate_20260916_021042_207176.json,AG2,13,5.0,5.0
election_day,Elections_Presidents,free_debate,03_free_debate_20260916_021042_207176.json,AG2,14,4.0,4.0
election_day,Elections_Presidents,free_debate,03_free_debate_20260916_021042_207176.json,AG2,15,4.0,4.0
election_day,Elections_Presidents,free_debate,03_free_debate_20260916_021042_207176.json,AG2,16,4.0,4.0
election_day,Elections_Presidents,mad,03_mad_20260916_021032_110350.json,AG1,1,6.0,6.0
election_day,Elections_Presidents,mad,03_mad_20260916_021032_110350.json,AG1,2,5.0,5.0
election_day,Elections_Presidents,mad,03_mad_20260916_021032_110350.json,AG1,3,2.0,2.0
election_day,Elections_Presidents,mad,03_mad_20260916_021032_110350.json,AG1,4,5.0,5.0
election_day,Elections_Presidents,mad,03_mad_20260916_021032_110350.json,AG1,5,2.0,2.0
election_day,Elections_Presidents,mad,03_mad_20260916_021032_110350.json,AG1,6,4.0,4.0
election_day,Elections_Presidents,mad,03_mad_20260916_021032_110350.json,AG1,7,6.0,6.0
election_day,Elections_Presidents,mad,03_mad_20260916_021032_110350.json,AG1,8,4.0,4.0
election_day,Elections_Presidents,mad,03_mad_20260916_021032_110350.json,AG1,9,3.0,3.0
election_day,Elections_Presidents,mad,03_mad_20260916_021032_110350.json,AG1,10,3.0,3.0
election_day,Elections_Presidents,mad,03_mad_20260916_021032_110350.json,AG1,11,3.0,3.0
election_day,Elections_Presidents,mad,03_mad_20260916_021032_110350.json,AG1,12,2.0,2.0
election_day,Elections_Presidents,mad,03_mad_20260916_021032_110350.json,AG1,13,2.0,2.0
election_day,Elections_Presidents,mad,03_mad_20260916_021032_110350.json,AG1,14,2.0,2.0
election_day,Elections_Presidents,mad,03_mad_20260916_021032_110350.json,AG1,15,2.0,2.0
election_day,Elections_Presidents,mad,03_mad_20260916_021032_110350.json,AG1,16,2.0,2.0
election_day,Elections_Presidents,mad,03_mad_20260916_021032_110350.json,AG2,1,4.0,4.0
election_day,Elections_Presidents,mad,03_mad_20260916_021032_110350.json,AG2,2,2.0,2.0
election_day,Elections_Presidents,mad,03_mad_20260916_021032_110350.json,AG2,3,4.0,4.0
election_day,Elections_Presidents,mad,03_mad_20260916_021032_110350.json,AG2,4,4.0,4.0
election_day,Elections_Presidents,mad,03_mad_20260916_021032_110350.json,AG2,5,3.0,3.0
election_day,Elections_Presidents,mad,03_mad_20260916_021032_110350.json,AG2,6,4.0,4.0
election_day,Elections_Presidents,mad,03_mad_20260916_021032_110350.json,AG2,7,5.0,5.0
election_day,Elections_Presidents,mad,03_mad_20260916_021032_110350.json,AG2,8,4.0,4.0
election_day,Elections_Presidents,mad,03_mad_20260916_021032_110350.json,AG2,9,2.0,2.0
election_day,Elections_Presidents,mad,03_mad_20260916_021032_110350.json,AG2,10,2.0,2.0
election_day,Elections_Presidents,mad,03_mad_20260916_021032_110350.json,AG2,11,2.0,2.0
election_day,Elections_Presidents,mad,03_mad_20260916_021032_110350.json,AG2,12,2.0,2.0
election_day,Elections_Presidents,mad,03_mad_20260916_021032_110350.json,AG2,13,3.0,3.0
election_day,Elections_Presidents,mad,03_mad_20260916_021032_110350.json,AG2,14,3.0,3.0
election_day,Elections_Presidents,mad,03_mad_20260916_021032_110350.json,AG2,15,2.0,2.0
election_day,Elections_Presidents,mad,03_mad_20260916_021032_110350.json,AG2,16,2.0,2.0
election_day,Elections_Presidents,no_schema,03_no_schema_20260916_021103_223672.json,AG1,1,5.0,5.0
election_day,Elections_Presidents,no_schema,03_no_schema_20260916_021103_223672.json,AG1,2,4.0,4.0
election_day,Elections_Presidents,no_schema,03_no_schema_20260916_021103_223672.json,AG1,3,3.0,3.0
election_day,Elections_Presidents,no_schema,03_no_schema_20260916_021103_223672.json,AG1,4,5.0,5.0
election_day,Elections_Presidents,no_schema,03_no_schema_20260916_021103_223672.json,AG1,5,2.0,2.0
election_day,Elections_Presidents,no_schema,03_no_schema_20260916_021103_223672.json,AG1,6,5.0,5.0
election_day,Elections_Presidents,no_schema,03_no_schema_20260916_021103_223672.json,AG1,7,5.0,5.0
election_day,Elections_Presidents,no_schema,03_no_schema_20260916_021103_223672.json,AG1,8,4.0,4.0
election_day,Elections_Presidents,no_schema,03_no_schema_20260916_021103_223672.json,AG1,9,2.0,2.0
election_day,Elections_Presidents,no_schema,03_no_schema_20260916_021103_223672.json,AG1,10,4.0,4.0
election_day,Elections_Presidents,no_schema,03_no_schema_20260916_021103_223672.json,AG1,11,4.0,4.0
election_day,Elections_Presidents,no_schema,03_no_schema_20260916_021103_223672.json,AG1,12,3.0,3.0
election_day,Elections_Presidents,no_schema,03_no_schema_20260916_021103_223672.json,AG1,13,3.0,3.0
election_day,Elections_Presidents,no_schema,03_no_schema_20260916_021103_223672.json,AG1,14,4.0,4.0
election_day,Elections_Presidents,no_schema,03_no_schema_20260916_021103_223672.json,AG1,15,3.0,3.0
election_day,Elections_Presidents,no_schema,03_no_schema_20260916_021103_223672.json,AG1,16,4.0,4.0
election_day,Elections_Presidents,no_schema,03_no_schema_20260916_021103_223672.json,AG2,1,4.0,4.0
election_day,Elections_Presidents,no_schema,03_no_schema_20260916_021103_223672.json,AG2,2,2.0,2.0
election_day,Elections_Presidents,no_schema,03_no_schema_20260916_021103_223672.json,AG2,3,3.0,3.0
election_day,Elections_Presidents,no_schema,03_no_schema_20260916_021103_223672.json,AG2,4,4.0,4.0
election_day,Elections_Presidents,no_schema,03_no_schema_20260916_021103_223672.json,AG2,5,2.0,2.0
election_day,Elections_Presidents,no_schema,03_no_schema_20260916_021103_223672.json,AG2,6,4.0,4.0
election_day,Elections_Presidents,no_schema,03_no_schema_20260916_021103_223672.json,AG2,7,5.0,5.0
election_day,Elections_Presidents,no_schema,03_no_schema_20260916_021103_223672.json,AG2,8,4.0,4.0
election_day,Elections_Presidents,no_schema,03_no_schema_20260916_021103_223672.json,AG2,9,3.0,3.0
election_day,Elections_Presidents,no_schema,03_no_schema_20260916_021103_223672.json,AG2,10,4.0,4.0
election_day,Elections_Presidents,no_schema,03_no_schema_20260916_021103_223672.json,AG2,11,3.0,3.0
election_day,Elections_Presidents,no_schema,03_no_schema_20260916_021103_223672.json,AG2,12,4.0,4.0
election_day,Elections_Presidents,no_schema,03_no_schema_20260916_021103_223672.json,AG2,13,4.0,4.0
election_day,Elections_Presidents,no_schema,03_no_schema_20260916_021103_223672.json,AG2,14,4.0,4.0
election_day,Elections_Presidents,no_schema,03_no_schema_20260916_021103_223672.json,AG2,15,3.0,3.0
election_day,Elections_Presidents,no_schema,03_no_schema_20260916_021103_223672.json,AG2,16,4.0,4.0
election_day,Elections_Presidents,schema,03_schema_20260916_021238_881053.json,AG1,1,4.0,4.0
election_day,Elections_Presidents,schema,03_schema_20260916_021238_881053.json,AG1,2,3.0,3.0
election_day,Elections_Presidents,schema,03_schema_20260916_021238_881053.json,AG1,3,2.0,2.0
election_day,Elections_Presidents,schema,03_schema_20260916_021238_881053.json,AG1,4,5.0,5.0
election_day,Elections_Presidents,schema,03_schema_20260916_021238_881053.json,AG1,5,2.0,2.0
election_day,Elections_Presidents,schema,03_schema_20260916_021238_881053.json,AG1,6,4.0,4.0
election_day,Elections_Presidents,schema,03_schema_20260916_021238_881053.json,AG1,7,4.0,4.0
election_day,Elections_Presidents,schema,03_schema_20260916_021238_881053.json,AG1,8,3.0,3.0
election_day,Elections_Presidents,schema,03_schema_20260916_021238_881053.json,AG1,9,3.0,3.0
election_day,Elections_Presidents,schema,03_schema_20260916_021238_881053.json,AG1,10,3.0,3.0
election_day,Elections_Presidents,schema,03_schema_20260916_021238_881053.json,AG1,11,3.0,3.0
election_day,Elections_Presidents,schema,03_schema_20260916_021238_881053.json,AG1,12,3.0,3.0
election_day,Elections_Presidents,schema,03_schema_20260916_021238_881053.json,AG1,13,4.0,4.0
election_day,Elections_Presidents,schema,03_schema_20260916_021238_881053.json,AG1,14,4.0,4.0
election_day,Elections_Presidents,schema,03_schema_20260916_021238_881053.json,AG1,15,4.0,4.0
election_day,Elections_Presidents,schema,03_schema_20260916_021238_881053.json,AG1,16,4.0,4.0
election_day,Elections_Presidents,schema,03_schema_20260916_021238_881053.json,AG2,1,2.0,2.0
election_day,Elections_Presidents,schema,03_schema_20260916_021238_881053.json,AG2,2,2.0,2.0
election_day,Elections_Presidents,schema,03_schema_20260916_021238_881053.json,AG2,3,3.0,3.0
election_day,Elections_Presidents,schema,03_schema_20260916_021238_881053.json,AG2,4,4.0,4.0
election_day,Elections_Presidents,schema,03_schema_20260916_021238_881053.json,AG2,5,2.0,2.0
election_day,Elections_Presidents,schema,03_schema_20260916_021238_881053.json,AG2,6,3.0,3.0
election_day,Elections_Presidents,schema,03_schema_20260916_021238_881053.json,AG2,7,4.0,4.0
election_day,Elections_Presidents,schema,03_schema_20260916_021238_881053.json,AG2,8,2.0,2.0
election_day,Elections_Presidents,schema,03_schema_20260916_021238_881053.json,AG2,9,2.0,2.0
election_day,Elections_Presidents,schema,03_schema_20260916_021238_881053.json,AG2,10,3.0,3.0
election_day,Elections_Presidents,schema,03_schema_20260916_021238_881053.json,AG2,11,3.0,3.0
election_day,Elections_Presidents,schema,03_schema_20260916_021238_881053.json,AG2,12,3.0,3.0
election_day,Elections_Presidents,schema,03_schema_20260916_021238_881053.json,AG2,13,4.0,4.0
election_day,Elections_Presidents,schema,03_schema_20260916_021238_881053.json,AG2,14,3.0,3.0
election_day,Elections_Presidents,schema,03_schema_20260916_021238_881053.json,AG2,15,3.0,3.0
election_day,Elections_Presidents,schema,03_schema_20260916_021238_881053.json,AG2,16,3.0,3.0
election_day,Elections_Presidents,free_debate,04_free_debate_20260916_021127_161498.json,AG1,1,2.0,2.0
election_day,Elections_Presidents,free_debate,04_free_debate_20260916_021127_161498.json,AG1,2,2.0,2.0
election_day,Elections_Presidents,free_debate,04_free_debate_20260916_021127_161498.json,AG1,3,3.0,3.0
election_day,Elections_Presidents,free_debate,04_free_debate_20260916_021127_161498.json,AG1,4,4.0,4.0
election_day,Elections_Presidents,free_debate,04_free_debate_20260916_021127_161498.json,AG1,5,2.0,2.0
election_day,Elections_Presidents,free_debate,04_free_debate_20260916_021127_161498.json,AG1,6,4.0,4.0
election_day,Elections_Presidents,free_debate,04_free_debate_20260916_021127_161498.json,AG1,7,3.0,3.0
election_day,Elections_Presidents,free_debate,04_free_debate_20260916_021127_161498.json,AG1,8,3.0,3.0
election_day,Elections_Presidents,free_debate,04_free_debate_20260916_021127_161498.json,AG1,9,3.0,3.0
election_day,Elections_Presidents,free_debate,04_free_debate_20260916_021127_161498.json,AG1,10,3.0,3.0
election_day,Elections_Presidents,free_debate,04_free_debate_20260916_021127_161498.json,AG1,11,2.0,2.0
election_day,Elections_Presidents,free_debate,04_free_debate_20260916_021127_161498.json,AG1,12,2.0,2.0
election_day,Elections_Presidents,free_debate,04_free_debate_20260916_021127_161498.json,AG1,13,3.0,3.0
election_day,Elections_Presidents,free_debate,04_free_debate_20260916_021127_161498.json,AG1,14,4.0,4.0
election_day,Elections_Presidents,free_debate,04_free_debate_20260916_021127_161498.json,AG1,15,4.0,4.0
election_day,Elections_Presidents,free_debate,04_free_debate_20260916_021127_161498.json,AG1,16,4.0,4.0
election_day,Elections_Presidents,free_debate,04_free_debate_20260916_021127_161498.json,AG2,1,5.0,5.0
election_day,Elections_Presidents,free_debate,04_free_debate_20260916_021127_161498.json,AG2,2,5.0,5.0
election_day,Elections_Presidents,free_debate,04_free_debate_20260916_021127_161498.json,AG2,3,2.0,2.0
election_day,Elections_Presidents,free_debate,04_free_debate_20260916_021127_161498.json,AG2,4,4.0,4.0
election_day,Elections_Presidents,free_debate,04_free_debate_20260916_021127_161498.json,AG2,5,2.0,2.0
election_day,Elections_Presidents,free_debate,04_free_debate_20260916_021127_161498.json,AG2,6,4.0,4.0
election_day,Elections_Presidents,free_debate,04_free_debate_20260916_021127_161498.json,AG2,7,6.0,6.0
election_day,Elections_Presidents,free_debate,04_free_debate_20260916_021127_161498.json,AG2,8,4.0,4.0
election_day,Elections_Presidents,free_debate,04_free_debate_20260916_021127_161498.json,AG2,9,3.0,3.0
election_day,Elections_Presidents,free_debate,04_free_debate_20260916_021127_161498.json,AG2,10,4.0,4.0
election_day,Elections_Presidents,free_debate,04_free_debate_20260916_021127_161498.json,AG2,11,4.0,4.0
election_day,Elections_Presidents,free_debate,04_free_debate_20260916_021127_161498.json,AG2,12,3.0,3.0
election_day,Elections_Presidents,free_debate,04_free_debate_20260916_021127_161498.json,AG2,13,4.0,4.0
election_day,Elections_Presidents,free_debate,04_free_debate_20260916_021127_161498.json,AG2,14,4.0,4.0
election_day,Elections_Presidents,free_debate,04_free_debate_20260916_021127_161498.json,AG2,15,4.0,4.0
election_day,Elections_Presidents,free_debate,04_free_debate_20260916_021127_161498.json,AG2,16,4.0,4.0
election_day,Elections_Presidents,mad,04_mad_20260916_021115_367363.json,AG1,1,3.0,3.0
election_day,Elections_Presidents,mad,04_mad_20260916_021115_367363.json,AG1,2,2.0,2.0
election_day,Elections_Presidents,mad,04_mad_20260916_021115_367363.json,AG1,3,3.0,3.0
election_day,Elections_Presidents,mad,04_mad_20260916_021115_367363.json,AG1,4,4.0,4.0
election_day,Elections_Presidents,mad,04_mad_20260916_021115_367363.json,AG1,5,2.0,2.0
election_day,Elections_Presidents,mad,04_mad_20260916_021115_367363.json,AG1,6,5.0,5.0
election_day,Elections_Presidents,mad,04_mad_20260916_021115_367363.json,AG1,7,6.0,6.0
election_day,Elections_Presidents,mad,04_mad_20260916_021115_367363.json,AG1,8,3.0,3.0
election_day,Elections_Presidents,mad,04_mad_20260916_021115_367363.json,AG1,9,3.0,3.0
election_day,Elections_Presidents,mad,04_mad_20260916_021115_367363.json,AG1,10,4.0,4.0
election_day,Elections_Presidents,mad,04_mad_20260916_021115_367363.json,AG1,11,3.0,3.0
election_day,Elections_Presidents,mad,04_mad_20260916_021115_367363.json,AG1,12,2.0,2.0
election_day,Elections_Presidents,mad,04_mad_20260916_021115_367363.json,AG1,13,4.0,4.0
election_day,Elections_Presidents,mad,04_mad_20260916_021115_367363.json,AG1,14,3.0,3.0
election_day,Elections_Presidents,mad,04_mad_20260916_021115_367363.json,AG1,15,4.0,4.0
election_day,Elections_Presidents,mad,04_mad_20260916_021115_367363.json,AG1,16,4.0,4.0
election_day,Elections_Presidents,mad,04_mad_20260916_021115_367363.json,AG2,1,6.0,6.0
election_day,Elections_Presidents,mad,04_mad_20260916_021115_367363.json,AG2,2,5.0,5.0
election_day,Elections_Presidents,mad,04_mad_20260916_021115_367363.json,AG2,3,2.0,2.0
election_day,Elections_Presidents,mad,04_mad_20260916_021115_367363.json,AG2,4,5.0,5.0
election_day,Elections_Presidents,mad,04_mad_20260916_021115_367363.json,AG2,5,2.0,2.0
election_day,Elections_Presidents,mad,04_mad_20260916_021115_367363.json,AG2,6,4.0,4.0
election_day,Elections_Presidents,mad,04_mad_20260916_021115_367363.json,AG2,7,6.0,6.0
election_day,Elections_Presidents,mad,04_mad_20260916_021115_367363.json,AG2,8,4.0,4.0
election_day,Elections_Presidents,mad,04_mad_20260916_021115_367363.json,AG2,9,2.0,2.0
election_day,Elections_Presidents,mad,04_mad_20260916_021115_367363.json,AG2,10,3.0,3.0
election_day,Elections_Presidents,mad,04_mad_20260916_021115_367363.json,AG2,11,4.0,4.0
election_day,Elections_Presidents,mad,04_mad_20260916_021115_367363.json,AG2,12,2.0,2.0
election_day,Elections_Presidents,mad,04_mad_20260916_021115_367363.json,AG2,13,3.0,3.0
election_day,Elections_Presidents,mad,04_mad_20260916_021115_367363.json,AG2,14,3.0,3.0
election_day,Elections_Presidents,mad,04_mad_20260916_021115_367363.json,AG2,15,2.0,2.0
election_day,Elections_Presidents,mad,04_mad_20260916_021115_367363.json,AG2,16,2.0,2.0
election_day,Elections_Presidents,no_schema,04_no_schema_20260916_021159_040800.json,AG1,1,5.0,5.0
election_day,Elections_Presidents,no_schema,04_no_schema_20260916_021159_040800.json,AG1,2,3.0,3.0
election_day,Elections_Presidents,no_schema,04_no_schema_20260916_021159_040800.json,AG1,3,2.0,2.0
election_day,Elections_Presidents,no_schema,04_no_schema_20260916_021159_040800.json,AG1,4,4.0,4.0
election_day,Elections_Presidents,no_schema,04_no_schema_20260916_021159_040800.json,AG1,5,2.0,2.0
election_day,Elections_Presidents,no_schema,04_no_schema_20260916_021159_040800.json,AG1,6,4.0,4.0
election_day,Elections_Presidents,no_schema,04_no_schema_20260916_021159_040800.json,AG1,7,5.0,5.0
election_day,Elections_Presidents,no_schema,04_no_schema_20260916_021159_040800.json,AG1,8,4.0,4.0
election_day,Elections_Presidents,no_schema,04_no_schema_20260916_021159_040800.json,AG1,9,3.0,3.0
election_day,Elections_Presidents,no_schema,04_no_schema_20260916_021159_040800.json,AG1,10,4.0,4.0
election_day,Elections_Presidents,no_schema,04_no_schema_20260916_021159_040800.json,AG1,11,4.0,4.0
election_day,Elections_Presidents,no_schema,04_no_schema_20260916_021159_040800.json,AG1,12,3.0,3.0
election_day,Elections_Presidents,no_schema,04_no_schema_20260916_021159_040800.json,AG1,13,4.0,4.0
election_day,Elections_Presidents,no_schema,04_no_schema_20260916_021159_040800.json,AG1,14,4.0,4.0
election_day,Elections_Presidents,no_schema,04_no_schema_20260916_021159_040800.json,AG1,15,4.0,4.0
election_day,Elections_Presidents,no_schema,04_no_schema_20260916_021159_040800.json,AG1,16,4.0,4.0
election_day,Elections_Presidents,no_schema,04_no_schema_20260916_021159_040800.json,AG2,1,4.0,4.0
election_day,Elections_Presidents,no_schema,04_no_schema_20260916_021159_040800.json,AG2,2,4.0,4.0
election_day,Elections_Presidents,no_schema,04_no_schema_20260916_021159_040800.json,AG2,3,2.0,2.0
election_day,Elections_Presidents,no_schema,04_no_schema_20260916_021159_040800.json,AG2,4,5.0,5.0
election_day,Elections_Presidents,no_schema,04_no_schema_20260916_021159_040800.json,AG2,5,2.0,2.0
election_day,Elections_Presidents,no_schema,04_no_schema_20260916_021159_040800.json,AG2,6,4.0,4.0
election_day,Elections_Presidents,no_schema,04_no_schema_20260916_021159_040800.json,AG2,7,5.0,5.0
election_day,Elections_Presidents,no_schema,04_no_schema_20260916_021159_040800.json,AG2,8,4.0,4.0
election_day,Elections_Presidents,no_schema,04_no_schema_20260916_021159_040800.json,AG2,9,3.0,3.0
election_day,Elections_Presidents,no_schema,04_no_schema_20260916_021159_040800.json,AG2,10,3.0,3.0
election_day,Elections_Presidents,no_schema,04_no_schema_20260916_021159_040800.json,AG2,11,4.0,4.0
election_day,Elections_Presidents,no_schema,04_no_schema_20260916_021159_040800.json,AG2,12,3.0,3.0
election_day,Elections_Presidents,no_schema,04_no_schema_20260916_021159_040800.json,AG2,13,3.0,3.0
election_day,Elections_Presidents,no_schema,04_no_schema_20260916_021159_040800.json,AG2,14,4.0,4.0
election_day,Elections_Presidents,no_schema,04_no_schema_20260916_021159_040800.json,AG2,15,3.0,3.0
election_day,Elections_Presidents,no_schema,04_no_schema_20260916_021159_040800.json,AG2,16,4.0,4.0
election_day,Elections_Presidents,schema,04_schema_20260916_021309_808389.json,AG1,1,4.0,4.0
election_day,Elections_Presidents,schema,04_schema_20260916_021309_808389.json,AG1,2,3.0,3.0
election_day,Elections_Presidents,schema,04_schema_20260916_021309_808389.json,AG1,3,2.0,2.0
election_day,Elections_Presidents,schema,04_schema_20260916_021309_808389.json,AG1,4,4.0,4.0
election_day,Elections_Presidents,schema,04_schema_20260916_021309_808389.json,AG1,5,2.0,2.0
election_day,Elections_Presidents,schema,04_schema_20260916_021309_808389.json,AG1,6,4.0,4.0
election_day,Elections_Presidents,schema,04_schema_20260916_021309_808389.json,AG1,7,4.0,4.0
election_day,Elections_Presidents,schema,04_schema_20260916_021309_808389.json,AG1,8,4.0,4.0
election_day,Elections_Presidents,schema,04_schema_20260916_021309_808389.json,AG1,9,3.0,3.0
election_day,Elections_Presidents,schema,04_schema_20260916_021309_808389.json,AG1,10,4.0,4.0
election_day,Elections_Presidents,schema,04_schema_20260916_021309_808389.json,AG1,11,4.0,4.0
election_day,Elections_Presidents,schema,04_schema_20260916_021309_808389.json,AG1,12,3.0,3.0
election_day,Elections_Presidents,schema,04_schema_20260916_021309_808389.json,AG1,13,4.0,4.0
election_day,Elections_Presidents,schema,04_schema_20260916_021309_808389.json,AG1,14,3.0,3.0
election_day,Elections_Presidents,schema,04_schema_20260916_021309_808389.json,AG1,15,3.0,3.0
election_day,Elections_Presidents,schema,04_schema_20260916_021309_808389.json,AG1,16,3.0,3.0
election_day,Elections_Presidents,schema,04_schema_20260916_021309_808389.json,AG2,1,2.0,2.0
election_day,Elections_Presidents,schema,04_schema_20260916_021309_808389.json,AG2,2,2.0,2.0
election_day,Elections_Presidents,schema,04_schema_20260916_021309_808389.json,AG2,3,4.0,4.0
election_day,Elections_Presidents,schema,04_schema_20260916_021309_808389.json,AG2,4,5.0,5.0
election_day,Elections_Presidents,schema,04_schema_20260916_021309_808389.json,AG2,5,2.0,2.0
election_day,Elections_Presidents,schema,04_schema_20260916_021309_808389.json,AG2,6,4.0,4.0
election_day,Elections_Presidents,schema,04_schema_20260916_021309_808389.json,AG2,7,4.0,4.0
election_day,Elections_Presidents,schema,04_schema_20260916_021309_808389.json,AG2,8,3.0,3.0
election_day,Elections_Presidents,schema,04_schema_20260916_021309_808389.json,AG2,9,2.0,2.0
election_day,Elections_Presidents,schema,04_schema_20260916_021309_808389.json,AG2,10,3.0,3.0
election_day,Elections_Presidents,schema,04_schema_20260916_021309_808389.json,AG2,11,3.0,3.0
election_day,Elections_Presidents,schema,04_schema_20260916_021309_808389.json,AG2,12,3.0,3.0
election_day,Elections_Presidents,schema,04_schema_20260916_021309_808389.json,AG2,13,3.0,3.0
election_day,Elections_Presidents,schema,04_schema_20260916_021309_808389.json,AG2,14,4.0,4.0
election_day,Elections_Presidents,schema,04_schema_20260916_021309_808389.json,AG2,15,3.0,3.0
election_day,Elections_Presidents,schema,04_schema_20260916_021309_808389.json,AG2,16,4.0,4.0
election_day,Elections_Presidents,free_debate,05_free_debate_20260916_021205_646577.json,AG1,1,4.0,4.0
election_day,Elections_Presidents,free_debate,05_free_debate_20260916_021205_646577.json,AG1,2,3.0,3.0
election_day,Elections_Presidents,free_debate,05_free_debate_20260916_021205_646577.json,AG1,3,1.0,1.0
election_day,Elections_Presidents,free_debate,05_free_debate_20260916_021205_646577.json,AG1,4,4.0,4.0
election_day,Elections_Presidents,free_debate,05_free_debate_20260916_021205_646577.json,AG1,5,1.0,1.0
election_day,Elections_Presidents,free_debate,05_free_debate_20260916_021205_646577.json,AG1,6,5.0,5.0
election_day,Elections_Presidents,free_debate,05_free_debate_20260916_021205_646577.json,AG1,7,6.0,6.0
election_day,Elections_Presidents,free_debate,05_free_debate_20260916_021205_646577.json,AG1,8,4.0,4.0
election_day,Elections_Presidents,free_debate,05_free_debate_20260916_021205_646577.json,AG1,9,3.0,3.0
election_day,Elections_Presidents,free_debate,05_free_debate_20260916_021205_646577.json,AG1,10,4.0,4.0
election_day,Elections_Presidents,free_debate,05_free_debate_20260916_021205_646577.json,AG1,11,4.0,4.0
election_day,Elections_Presidents,free_debate,05_free_debate_20260916_021205_646577.json,AG1,12,3.0,3.0
election_day,Elections_Presidents,free_debate,05_free_debate_20260916_021205_646577.json,AG1,13,3.0,3.0
election_day,Elections_Presidents,free_debate,05_free_debate_20260916_021205_646577.json,AG1,14,4.0,4.0
election_day,Elections_Presidents,free_debate,05_free_debate_20260916_021205_646577.json,AG1,15,4.0,4.0
election_day,Elections_Presidents,free_debate,05_free_debate_20260916_021205_646577.json,AG1,16,4.0,4.0
election_day,Elections_Presidents,free_debate,05_free_debate_20260916_021205_646577.json,AG2,1,2.0,2.0
election_day,Elections_Presidents,free_debate,05_free_debate_20260916_021205_646577.json,AG2,2,2.0,2.0
election_day,Elections_Presidents,free_debate,05_free_debate_20260916_021205_646577.json,AG2,3,2.0,2.0
election_day,Elections_Presidents,free_debate,05_free_debate_20260916_021205_646577.json,AG2,4,3.0,3.0
election_day,Elections_Presidents,free_debate,05_free_debate_20260916_021205_646577.json,AG2,5,2.0,2.0
election_day,Elections_Presidents,free_debate,05_free_debate_20260916_021205_646577.json,AG2,6,3.0,3.0
election_day,Elections_Presidents,free_debate,05_free_debate_20260916_021205_646577.json,AG2,7,3.0,3.0
election_day,Elections_Presidents,free_debate,05_free_debate_20260916_021205_646577.json,AG2,8,3.0,3.0
election_day,Elections_Presidents,free_debate,05_free_debate_20260916_021205_646577.json,AG2,9,3.0,3.0
election_day,Elections_Presidents,free_debate,05_free_debate_20260916_021205_646577.json,AG2,10,3.0,3.0
election_day,Elections_Presidents,free_debate,05_free_debate_20260916_021205_646577.json,AG2,11,3.0,3.0
election_day,Elections_Presidents,free_debate,05_free_debate_20260916_021205_646577.json,AG2,12,3.0,3.0
election_day,Elections_Presidents,free_debate,05_free_debate_20260916_021205_646577.json,AG2,13,2.0,2.0
election_day,Elections_Presidents,free_debate,05_free_debate_20260916_021205_646577.json,AG2,14,3.0,3.0
election_day,Elections_Presidents,free_debate,05_free_debate_20260916_021205_646577.json,AG2,15,3.0,3.0
election_day,Elections_Presidents,free_debate,05_free_debate_20260916_021205_646577.json,AG2,16,3.0,3.0
election_day,Elections_Presidents,mad,05_mad_20260916_021152_375629.json,AG1,1,6.0,6.0
election_day,Elections_Presidents,mad,05_mad_20260916_021152_375629.json,AG1,2,5.0,5.0
election_day,Elections_Presidents,mad,05_mad_20260916_021152_375629.json,AG1,3,2.0,2.0
election_day,Elections_Presidents,mad,05_mad_20260916_021152_375629.json,AG1,4,5.0,5.0
election_day,Elections_Presidents,mad,05_mad_20260916_021152_375629.json,AG1,5,2.0,2.0
election_day,Elections_Presidents,mad,05_mad_20260916_021152_375629.json,AG1,6,4.0,4.0
election_day,Elections_Presidents,mad,05_mad_20260916_021152_375629.json,AG1,7,6.0,6.0
election_day,Elections_Presidents,mad,05_mad_20260916_021152_375629.json,AG1,8,4.0,4.0
election_day,Elections_Presidents,mad,05_mad_20260916_021152_375629.json,AG1,9,3.0,3.0
election_day,Elections_Presidents,mad,05_mad_20260916_021152_375629.json,AG1,10,3.0,3.0
election_day,Elections_Presidents,mad,05_mad_20260916_021152_375629.json,AG1,11,3.0,3.0
election_day,Elections_Presidents,mad,05_mad_20260916_021152_375629.json,AG1,12,3.0,3.0
election_day,Elections_Presidents,mad,05_mad_20260916_021152_375629.json,AG1,13,3.0,3.0
election_day,Elections_Presidents,mad,05_mad_20260916_021152_375629.json,AG1,14,2.0,2.0
election_day,Elections_Presidents,mad,05_mad_20260916_021152_375629.json,AG1,15,2.0,2.0
election_day,Elections_Presidents,mad,05_mad_20260916_021152_375629.json,AG1,16,3.0,3.0
election_day,Elections_Presidents,mad,05_mad_20260916_021152_375629.json,AG2,1,4.0,4.0
election_day,Elections_Presidents,mad,05_mad_20260916_021152_375629.json,AG2,2,3.0,3.0
election_day,Elections_Presidents,mad,05_mad_20260916_021152_375629.json,AG2,3,2.0,2.0
election_day,Elections_Presidents,mad,05_mad_20260916_021152_375629.json,AG2,4,4.0,4.0
election_day,Elections_Presidents,mad,05_mad_20260916_021152_375629.json,AG2,5,2.0,2.0
election_day,Elections_Presidents,mad,05_mad_20260916_021152_375629.json,AG2,6,4.0,4.0
election_day,Elections_Presidents,mad,05_mad_20260916_021152_375629.json,AG2,7,5.0,5.0
election_day,Elections_Presidents,mad,05_mad_20260916_021152_375629.json,AG2,8,4.0,4.0
election_day,Elections_Presidents,mad,05_mad_20260916_021152_375629.json,AG2,9,3.0,3.0
election_day,Elections_Presidents,mad,05_mad_20260916_021152_375629.json,AG2,10,3.0,3.0
election_day,Elections_Presidents,mad,05_mad_20260916_021152_375629.json,AG2,11,3.0,3.0
election_day,Elections_Presidents,mad,05_mad_20260916_021152_375629.json,AG2,12,3.0,3.0
election_day,Elections_Presidents,mad,05_mad_20260916_021152_375629.json,AG2,13,4.0,4.0
election_day,Elections_Presidents,mad,05_mad_20260916_021152_375629.json,AG2,14,3.0,3.0
election_day,Elections_Presidents,mad,05_mad_20260916_021152_375629.json,AG2,15,3.0,3.0
election_day,Elections_Presidents,mad,05_mad_20260916_021152_375629.json,AG2,16,3.0,3.0
election_day,Elections_Presidents,no_schema,05_no_schema_20260916_021244_778664.json,AG1,1,4.0,4.0
election_day,Elections_Presidents,no_schema,05_no_schema_20260916_021244_778664.json,AG1,2,3.0,3.0
election_day,Elections_Presidents,no_schema,05_no_schema_20260916_021244_778664.json,AG1,3,2.0,2.0
election_day,Elections_Presidents,no_schema,05_no_schema_20260916_021244_778664.json,AG1,4,4.0,4.0
election_day,Elections_Presidents,no_schema,05_no_schema_20260916_021244_778664.json,AG1,5,2.0,2.0
election_day,Elections_Presidents,no_schema,05_no_schema_20260916_021244_778664.json,AG1,6,4.0,4.0
election_day,Elections_Presidents,no_schema,05_no_schema_20260916_021244_778664.json,AG1,7,5.0,5.0
election_day,Elections_Presidents,no_schema,05_no_schema_20260916_021244_778664.json,AG1,8,5.0,5.0
election_day,Elections_Presidents,no_schema,05_no_schema_20260916_021244_778664.json,AG1,9,3.0,3.0
election_day,Elections_Presidents,no_schema,05_no_schema_20260916_021244_778664.json,AG1,10,4.0,4.0
election_day,Elections_Presidents,no_schema,05_no_schema_20260916_021244_778664.json,AG1,11,3.0,3.0
election_day,Elections_Presidents,no_schema,05_no_schema_20260916_021244_778664.json,AG1,12,3.0,3.0
election_day,Elections_Presidents,no_schema,05_no_schema_20260916_021244_778664.json,AG1,13,3.0,3.0
election_day,Elections_Presidents,no_schema,05_no_schema_20260916_021244_778664.json,AG1,14,4.0,4.0
election_day,Elections_Presidents,no_schema,05_no_schema_20260916_021244_778664.json,AG1,15,3.0,3.0
election_day,Elections_Presidents,no_schema,05_no_schema_20260916_021244_778664.json,AG1,16,4.0,4.0
election_day,Elections_Presidents,no_schema,05_no_schema_20260916_021244_778664.json,AG2,1,2.0,2.0
election_day,Elections_Presidents,no_schema,05_no_schema_20260916_021244_778664.json,AG2,2,2.0,2.0
election_day,Elections_Presidents,no_schema,05_no_schema_20260916_021244_778664.json,AG2,3,3.0,3.0
election_day,Elections_Presidents,no_schema,05_no_schema_20260916_021244_778664.json,AG2,4,3.0,3.0
election_day,Elections_Presidents,no_schema,05_no_schema_20260916_021244_778664.json,AG2,5,2.0,2.0
election_day,Elections_Presidents,no_schema,05_no_schema_20260916_021244_778664.json,AG2,6,4.0,4.0
election_day,Elections_Presidents,no_schema,05_no_schema_20260916_021244_778664.json,AG2,7,4.0,4.0
election_day,Elections_Presidents,no_schema,05_no_schema_20260916_021244_778664.json,AG2,8,4.0,4.0
election_day,Elections_Presidents,no_schema,05_no_schema_20260916_021244_778664.json,AG2,9,4.0,4.0
election_day,Elections_Presidents,no_schema,05_no_schema_20260916_021244_778664.json,AG2,10,4.0,4.0
election_day,Elections_Presidents,no_schema,05_no_schema_20260916_021244_778664.json,AG2,11,3.0,3.0
election_day,Elections_Presidents,no_schema,05_no_schema_20260916_021244_778664.json,AG2,12,3.0,3.0
election_day,Elections_Presidents,no_schema,05_no_schema_20260916_021244_778664.json,AG2,13,4.0,4.0
election_day,Elections_Presidents,no_schema,05_no_schema_20260916_021244_778664.json,AG2,14,4.0,4.0
election_day,Elections_Presidents,no_schema,05_no_schema_20260916_021244_778664.json,AG2,15,4.0,4.0
election_day,Elections_Presidents,no_schema,05_no_schema_20260916_021244_778664.json,AG2,16,4.0,4.0
election_day,Elections_Presidents,schema,05_schema_20260916_021257_566668.json,AG1,1,5.0,5.0
election_day,Elections_Presidents,schema,05_schema_20260916_021257_566668.json,AG1,2,2.0,2.0
election_day,Elections_Presidents,schema,05_schema_20260916_021257_566668.json,AG1,3,4.0,4.0
election_day,Elections_Presidents,schema,05_schema_20260916_021257_566668.json,AG1,4,2.0,2.0
election_day,Elections_Presidents,schema,05_schema_20260916_021257_566668.json,AG1,5,2.0,2.0
election_day,Elections_Presidents,schema,05_schema_20260916_021257_566668.json,AG1,6,4.0,4.0
election_day,Elections_Presidents,schema,05_schema_20260916_021257_566668.json,AG1,7,6.0,6.0
election_day,Elections_Presidents,schema,05_schema_20260916_021257_566668.json,AG1,8,3.0,3.0
election_day,Elections_Presidents,schema,05_schema_20260916_021257_566668.json,AG1,9,3.0,3.0
election_day,Elections_Presidents,schema,05_schema_20260916_021257_566668.json,AG1,10,4.0,4.0
election_day,Elections_Presidents,schema,05_schema_20260916_021257_566668.json,AG1,11,2.0,2.0
election_day,Elections_Presidents,schema,05_schema_20260916_021257_566668.json,AG1,12,3.0,3.0
election_day,Elections_Presidents,schema,05_schema_20260916_021257_566668.json,AG1,13,4.0,4.0
election_day,Elections_Presidents,schema,05_schema_20260916_021257_566668.json,AG1,14,3.0,3.0
election_day,Elections_Presidents,schema,05_schema_20260916_021257_566668.json,AG1,15,4.0,4.0
election_day,Elections_Presidents,schema,05_schema_20260916_021257_566668.json,AG1,16,3.0,3.0
election_day,Elections_Presidents,schema,05_schema_20260916_021257_566668.json,AG2,1,4.0,4.0
election_day,Elections_Presidents,schema,05_schema_20260916_021257_566668.json,AG2,2,3.0,3.0
election_day,Elections_Presidents,schema,05_schema_20260916_021257_566668.json,AG2,3,2.0,2.0
election_day,Elections_Presidents,schema,05_schema_20260916_021257_566668.json,AG2,4,4.0,4.0
election_day,Elections_Presidents,schema,05_schema_20260916_021257_566668.json,AG2,5,2.0,2.0
election_day,Elections_Presidents,schema,05_schema_20260916_021257_566668.json,AG2,6,5.0,5.0
election_day,Elections_Presidents,schema,05_schema_20260916_021257_566668.json,AG2,7,6.0,6.0
election_day,Elections_Presidents,schema,05_schema_20260916_021257_566668.json,AG2,8,4.0,4.0
election_day,Elections_Presidents,schema,05_schema_20260916_021257_566668.json,AG2,9,3.0,3.0
election_day,Elections_Presidents,schema,05_schema_20260916_021257_566668.json,AG2,10,4.0,4.0
election_day,Elections_Presidents,schema,05_schema_20260916_021257_566668.json,AG2,11,5.0,5.0
election_day,Elections_Presidents,schema,05_schema_20260916_021257_566668.json,AG2,12,3.0,3.0
election_day,Elections_Presidents,schema,05_schema_20260916_021257_566668.json,AG2,13,3.0,3.0
election_day,Elections_Presidents,schema,05_schema_20260916_021257_566668.json,AG2,14,3.0,3.0
election_day,Elections_Presidents,schema,05_schema_20260916_021257_566668.json,AG2,15,3.0,3.0
election_day,Elections_Presidents,schema,05_schema_20260916_021257_566668.json,AG2,16,3.0,3.0
